
=== imunizacao-lote-02 2026-06-09T18:29:35.6310694-03:00 ===

> avant@0.1.0 catalog:apply-lote
> tsx scripts/catalog-migration-apply-lote.ts --lote=imunizacao-lote-02 --apply

[catalog:apply-lote] lote=imunizacao-lote-02 mode=apply
[catalog:apply-lote] ok=50 skipped=0 failed=0
  OK adm-tec-enfermagem-imunizacao-1777103244679-1 ÔÇö conteudo_json aplicado
  OK adm-tec-enfermagem-imunizacao-1779563986606-5 ÔÇö conteudo_json aplicado
  OK adm-tec-enfermagem-imunizacao-1779564031957-5 ÔÇö conteudo_json aplicado
  OK agirh-enfermagem-imunizacao-1779563975447-7 ÔÇö conteudo_json aplicado
  OK agirh-enfermagem-imunizacao-1779564109452-6 ÔÇö conteudo_json aplicado
  OK agirh-enfermagem-imunizacao-1779564109452-7 ÔÇö conteudo_json aplicado
  OK agirh-enfermagem-imunizacao-1779564113760-0 ÔÇö conteudo_json aplicado
  OK amauc-enfermagem-imunizacao-1779563975447-4 ÔÇö conteudo_json aplicado
  OK amauc-enfermagem-imunizacao-1779564006577-1 ÔÇö conteudo_json aplicado
  OK amauc-enfermagem-imunizacao-1779564109452-2 ÔÇö conteudo_json aplicado
  OK amauc-enfermagem-imunizacao-1779572227744-7 ÔÇö conteudo_json aplicado
  OK amauc-enfermagem-imunizacao-1779572227744-8 ÔÇö conteudo_json aplicado
  OK ameosc-enfermagem-imunizacao-1779564006577-2 ÔÇö conteudo_json aplicado
  OK ameosc-enfermagem-imunizacao-1779564074967-2 ÔÇö conteudo_json aplicado
  OK ameosc-enfermagem-imunizacao-1779564074967-3 ÔÇö conteudo_json aplicado
  OK ameosc-enfermagem-imunizacao-1779564079834-1 ÔÇö conteudo_json aplicado
  OK ameosc-enfermagem-imunizacao-1779572180830-9 ÔÇö conteudo_json aplicado
  OK ameosc-enfermagem-imunizacao-1779572198133-0 ÔÇö conteudo_json aplicado
  OK ameosc-enfermagem-imunizacao-1779572198133-1 ÔÇö conteudo_json aplicado
  OK ameosc-enfermagem-imunizacao-1779572207173-7 ÔÇö conteudo_json aplicado
  OK ameosc-enfermagem-imunizacao-1779572207173-8 ÔÇö conteudo_json aplicado
  OK ameosc-enfermagem-imunizacao-1779572207173-9 ÔÇö conteudo_json aplicado
  OK apice-enfermagem-imunizacao-1779564079834-2 ÔÇö conteudo_json aplicado
  OK apice-enfermagem-imunizacao-1779564079834-3 ÔÇö conteudo_json aplicado
  OK apice-enfermagem-imunizacao-1779564079834-4 ÔÇö conteudo_json aplicado
  OK avancasp-enfermagem-imunizacao-1777103222102-4 ÔÇö conteudo_json aplicado
  OK avancasp-enfermagem-imunizacao-1777103222102-5 ÔÇö conteudo_json aplicado
  OK avancasp-enfermagem-imunizacao-1777103222102-6 ÔÇö conteudo_json aplicado
  OK avancasp-enfermagem-imunizacao-1777103257434-2 ÔÇö conteudo_json aplicado
  OK avancasp-enfermagem-imunizacao-1777103257434-3 ÔÇö conteudo_json aplicado
  OK avancasp-enfermagem-imunizacao-1779564125198-7 ÔÇö conteudo_json aplicado
  OK avancasp-enfermagem-imunizacao-1779564125198-8 ÔÇö conteudo_json aplicado
  OK avancasp-enfermagem-imunizacao-1779564129617-0 ÔÇö conteudo_json aplicado
  OK cebraspe-cespe-enfermagem-imunizacao-1777103230085-8 ÔÇö conteudo_json aplicado
  OK cebraspe-cespe-enfermagem-imunizacao-1777103238173-0 ÔÇö conteudo_json aplicado
  OK cebraspe-cespe-enfermagem-imunizacao-1777103238173-1 ÔÇö conteudo_json aplicado
  OK cebraspe-cespe-enfermagem-imunizacao-1777103238173-2 ÔÇö conteudo_json aplicado
  OK cebraspe-cespe-enfermagem-imunizacao-1779572166628-0 ÔÇö conteudo_json aplicado
  OK cebraspe-cespe-enfermagem-imunizacao-1779572166628-1 ÔÇö conteudo_json aplicado
  OK cebraspe-cespe-enfermagem-imunizacao-1779572171486-8 ÔÇö conteudo_json aplicado
  OK cetrede-enfermagem-imunizacao-1777103204932-6 ÔÇö conteudo_json aplicado
  OK cetrede-enfermagem-imunizacao-1777103215560-0 ÔÇö conteudo_json aplicado
  OK cetrede-enfermagem-imunizacao-1777103215560-1 ÔÇö conteudo_json aplicado
  OK cetrede-enfermagem-imunizacao-1779563970889-6 ÔÇö conteudo_json aplicado
  OK cetrede-enfermagem-imunizacao-1779563970889-7 ÔÇö conteudo_json aplicado
  OK cetrede-enfermagem-imunizacao-1779572171486-2 ÔÇö conteudo_json aplicado
  OK cetrede-enfermagem-imunizacao-1779572171486-3 ÔÇö conteudo_json aplicado
  OK cev-urca-enfermagem-imunizacao-1779563986606-6 ÔÇö conteudo_json aplicado
  OK cev-urca-enfermagem-imunizacao-1779563986606-7 ÔÇö conteudo_json aplicado
  OK cogeps-unioeste-enfermagem-imunizacao-1779564090395-6 ÔÇö conteudo_json aplicado
[catalog:apply-lote] report=C:\AVANT\artifacts\catalog-migration-imunizacao-lote-02-applied.json

=== imunizacao-lote-03 2026-06-09T18:30:08.0955228-03:00 ===

> avant@0.1.0 catalog:apply-lote
> tsx scripts/catalog-migration-apply-lote.ts --lote=imunizacao-lote-03 --apply

[catalog:apply-lote] lote=imunizacao-lote-03 mode=apply
[catalog:apply-lote] ok=50 skipped=0 failed=0
  OK cogeps-unioeste-enfermagem-imunizacao-1779564113760-6 ÔÇö conteudo_json aplicado
  OK cogeps-unioeste-enfermagem-imunizacao-1779564113760-7 ÔÇö conteudo_json aplicado
  OK cogeps-unioeste-enfermagem-imunizacao-1779564113760-8 ÔÇö conteudo_json aplicado
  OK cogeps-unioeste-enfermagem-imunizacao-1779564119665-0 ÔÇö conteudo_json aplicado
  OK cogeps-unioeste-enfermagem-imunizacao-1779564119665-3 ÔÇö conteudo_json aplicado
  OK cogeps-unioeste-enfermagem-imunizacao-1779564119665-4 ÔÇö conteudo_json aplicado
  OK cogeps-unioeste-enfermagem-imunizacao-1779564119665-5 ÔÇö conteudo_json aplicado
  OK cogeps-unioeste-enfermagem-imunizacao-1779564119665-6 ÔÇö conteudo_json aplicado
  OK cogeps-unioeste-enfermagem-imunizacao-1779572207173-0 ÔÇö conteudo_json aplicado
  OK cogeps-unioeste-enfermagem-imunizacao-1779572207173-1 ÔÇö conteudo_json aplicado
  OK cogeps-unioeste-enfermagem-imunizacao-1779572207173-2 ÔÇö conteudo_json aplicado
  OK cogeps-unioeste-enfermagem-imunizacao-1779572207173-3 ÔÇö conteudo_json aplicado
  OK cogeps-unioeste-enfermagem-imunizacao-1779572215875-8 ÔÇö conteudo_json aplicado
  OK com-exam-pref-bauru-enfermagem-imunizacao-1779564053668-0 ÔÇö conteudo_json aplicado
  OK copese-ufpi-enfermagem-imunizacao-1779564079834-5 ÔÇö conteudo_json aplicado
  OK copese-ufpi-enfermagem-imunizacao-1779564079834-6 ÔÇö conteudo_json aplicado
  OK copese-ufpi-enfermagem-imunizacao-1779564079834-7 ÔÇö conteudo_json aplicado
  OK copese-ufpi-geral-imunizacao-1779564079834-8 ÔÇö conteudo_json aplicado
  OK copese-uft-enfermagem-imunizacao-1777103251447-7 ÔÇö conteudo_json aplicado
  OK coseac-uff-enfermagem-imunizacao-1779564067000-9 ÔÇö conteudo_json aplicado
  OK coseac-uff-enfermagem-imunizacao-1779572159431-0 ÔÇö conteudo_json aplicado
  OK coseac-uff-enfermagem-imunizacao-1779572159431-1 ÔÇö conteudo_json aplicado
  OK coseac-uff-enfermagem-imunizacao-1779572159431-3 ÔÇö conteudo_json aplicado
  OK cotec-fadenor-enfermagem-imunizacao-1777103244679-2 ÔÇö conteudo_json aplicado
  OK cotec-fadenor-enfermagem-imunizacao-1777103244679-3 ÔÇö conteudo_json aplicado
  OK cotec-fadenor-enfermagem-imunizacao-1777103264001-2 ÔÇö conteudo_json aplicado
  OK cotec-fadenor-enfermagem-imunizacao-1777103264001-3 ÔÇö conteudo_json aplicado
  OK cotec-fadenor-enfermagem-imunizacao-1777103270218-7 ÔÇö conteudo_json aplicado
  OK cotec-fadenor-enfermagem-imunizacao-1779564059030-4 ÔÇö conteudo_json aplicado
  OK cotec-fadenor-enfermagem-imunizacao-1779572215875-7 ÔÇö conteudo_json aplicado
  OK cpcon-uepb-enfermagem-imunizacao-1779563975447-5 ÔÇö conteudo_json aplicado
  OK cpcon-uepb-enfermagem-imunizacao-1779563992006-5 ÔÇö conteudo_json aplicado
  OK cpcon-uepb-enfermagem-imunizacao-1779563996663-3 ÔÇö conteudo_json aplicado
  OK cpcon-uepb-enfermagem-imunizacao-1779563996663-4 ÔÇö conteudo_json aplicado
  OK cpcon-uepb-enfermagem-imunizacao-1779563996663-5 ÔÇö conteudo_json aplicado
  OK cpcon-uepb-enfermagem-imunizacao-1779563996663-6 ÔÇö conteudo_json aplicado
  OK cpcon-uepb-enfermagem-imunizacao-1779563996663-7 ÔÇö conteudo_json aplicado
  OK cpcon-uepb-enfermagem-imunizacao-1779563996663-8 ÔÇö conteudo_json aplicado
  OK cpcon-uepb-enfermagem-imunizacao-1779564001927-7 ÔÇö conteudo_json aplicado
  OK cpcon-uepb-enfermagem-imunizacao-1779564011849-3 ÔÇö conteudo_json aplicado
  OK cpcon-uepb-enfermagem-imunizacao-1779564035545-3 ÔÇö conteudo_json aplicado
  OK cpcon-uepb-enfermagem-imunizacao-1779564035545-4 ÔÇö conteudo_json aplicado
  OK cpcon-uepb-enfermagem-imunizacao-1779564035545-5 ÔÇö conteudo_json aplicado
  OK cpcon-uepb-enfermagem-imunizacao-1779564035545-6 ÔÇö conteudo_json aplicado
  OK cpcon-uepb-enfermagem-imunizacao-1779564035545-7 ÔÇö conteudo_json aplicado
  OK cpcon-uepb-enfermagem-imunizacao-1779564035545-8 ÔÇö conteudo_json aplicado
  OK cpcon-uepb-enfermagem-imunizacao-1779564040128-0 ÔÇö conteudo_json aplicado
  OK cpcon-uepb-enfermagem-imunizacao-1779564040128-1 ÔÇö conteudo_json aplicado
  OK cpcon-uepb-enfermagem-imunizacao-1779564040128-2 ÔÇö conteudo_json aplicado
  OK cpcon-uepb-enfermagem-imunizacao-1779564044052-1 ÔÇö conteudo_json aplicado
[catalog:apply-lote] report=C:\AVANT\artifacts\catalog-migration-imunizacao-lote-03-applied.json

=== imunizacao-lote-04 2026-06-09T18:30:38.0558507-03:00 ===

> avant@0.1.0 catalog:apply-lote
> tsx scripts/catalog-migration-apply-lote.ts --lote=imunizacao-lote-04 --apply

[catalog:apply-lote] lote=imunizacao-lote-04 mode=apply
[catalog:apply-lote] ok=50 skipped=0 failed=0
  OK cpcon-uepb-enfermagem-imunizacao-1779564044052-2 ÔÇö conteudo_json aplicado
  OK cpcon-uepb-enfermagem-imunizacao-1779564071106-5 ÔÇö conteudo_json aplicado
  OK decorp-enfermagem-imunizacao-1779564011849-2 ÔÇö conteudo_json aplicado
  OK educa-pb-enfermagem-imunizacao-1779564006577-3 ÔÇö conteudo_json aplicado
  OK educa-pb-enfermagem-imunizacao-1779564011849-4 ÔÇö conteudo_json aplicado
  OK educa-pb-enfermagem-imunizacao-1779564059030-5 ÔÇö conteudo_json aplicado
  OK educa-pb-enfermagem-imunizacao-1779564059030-6 ÔÇö conteudo_json aplicado
  OK educa-pb-enfermagem-imunizacao-1779564063274-1 ÔÇö conteudo_json aplicado
  OK epl-concursos-enfermagem-imunizacao-1779572236985-4 ÔÇö conteudo_json aplicado
  OK epl-concursos-enfermagem-imunizacao-1779572236985-5 ÔÇö conteudo_json aplicado
  OK epl-concursos-enfermagem-imunizacao-1779572236985-6 ÔÇö conteudo_json aplicado
  OK facape-enfermagem-imunizacao-1779563986606-1 ÔÇö conteudo_json aplicado
  OK facet-enfermagem-imunizacao-1779563965519-8 ÔÇö conteudo_json aplicado
  OK facet-enfermagem-imunizacao-1779564006577-5 ÔÇö conteudo_json aplicado
  OK fafipa-enfermagem-imunizacao-1777103257434-5 ÔÇö conteudo_json aplicado
  OK fafipa-enfermagem-imunizacao-1777103257434-6 ÔÇö conteudo_json aplicado
  OK fau-unicentro-enfermagem-imunizacao-1777103251447-6 ÔÇö conteudo_json aplicado
  OK fau-unicentro-enfermagem-imunizacao-1779563970889-4 ÔÇö conteudo_json aplicado
  OK fau-unicentro-enfermagem-imunizacao-1779563970889-5 ÔÇö conteudo_json aplicado
  OK fau-unicentro-enfermagem-imunizacao-1779563986606-4 ÔÇö conteudo_json aplicado
  OK fau-unicentro-enfermagem-imunizacao-1779563992006-1 ÔÇö conteudo_json aplicado
  OK fau-unicentro-enfermagem-imunizacao-1779563992006-4 ÔÇö conteudo_json aplicado
  OK fau-unicentro-enfermagem-imunizacao-1779564011849-0 ÔÇö conteudo_json aplicado
  OK fau-unicentro-enfermagem-imunizacao-1779564040128-3 ÔÇö conteudo_json aplicado
  OK fau-unicentro-enfermagem-imunizacao-1779564044052-3 ÔÇö conteudo_json aplicado
  OK fau-unicentro-enfermagem-imunizacao-1779564044052-4 ÔÇö conteudo_json aplicado
  OK fau-unicentro-enfermagem-imunizacao-1779564044052-5 ÔÇö conteudo_json aplicado
  OK fau-unicentro-enfermagem-imunizacao-1779564071106-0 ÔÇö conteudo_json aplicado
  OK fau-unicentro-enfermagem-imunizacao-1779564085730-6 ÔÇö conteudo_json aplicado
  OK fau-unicentro-enfermagem-imunizacao-1779564085730-7 ÔÇö conteudo_json aplicado
  OK fau-unicentro-enfermagem-imunizacao-1779564085730-8 ÔÇö conteudo_json aplicado
  OK fau-unicentro-enfermagem-imunizacao-1779572171486-1 ÔÇö conteudo_json aplicado
  OK fau-unicentro-enfermagem-imunizacao-1779572180830-0 ÔÇö conteudo_json aplicado
  OK fau-unicentro-enfermagem-imunizacao-1779572180830-1 ÔÇö conteudo_json aplicado
  OK fau-unicentro-enfermagem-imunizacao-1779572180830-2 ÔÇö conteudo_json aplicado
  OK fau-unicentro-enfermagem-imunizacao-1779572180830-3 ÔÇö conteudo_json aplicado
  OK fau-unicentro-enfermagem-imunizacao-1779572180830-4 ÔÇö conteudo_json aplicado
  OK fau-unicentro-enfermagem-imunizacao-1779572180830-5 ÔÇö conteudo_json aplicado
  OK fau-unicentro-enfermagem-imunizacao-1779572180830-6 ÔÇö conteudo_json aplicado
  OK fau-unicentro-enfermagem-imunizacao-1779572180830-7 ÔÇö conteudo_json aplicado
  OK fau-unicentro-enfermagem-imunizacao-1779572180830-8 ÔÇö conteudo_json aplicado
  OK fau-unicentro-geral-imunizacao-1777103238173-4 ÔÇö conteudo_json aplicado
  OK fauel-enfermagem-imunizacao-1777103251447-4 ÔÇö conteudo_json aplicado
  OK fauel-enfermagem-imunizacao-1777103257434-7 ÔÇö conteudo_json aplicado
  OK fauel-enfermagem-imunizacao-1777103264001-0 ÔÇö conteudo_json aplicado
  OK fauel-enfermagem-imunizacao-1777103264001-1 ÔÇö conteudo_json aplicado
  OK fauel-enfermagem-imunizacao-1779572171486-5 ÔÇö conteudo_json aplicado
  OK fcc-enfermagem-imunizacao-1777103264001-4 ÔÇö conteudo_json aplicado
  OK fcc-enfermagem-imunizacao-1777103264001-5 ÔÇö conteudo_json aplicado
  OK fcm-enfermagem-imunizacao-1779564096589-0 ÔÇö conteudo_json aplicado
[catalog:apply-lote] report=C:\AVANT\artifacts\catalog-migration-imunizacao-lote-04-applied.json

=== imunizacao-lote-05 2026-06-09T18:31:09.0158851-03:00 ===

> avant@0.1.0 catalog:apply-lote
> tsx scripts/catalog-migration-apply-lote.ts --lote=imunizacao-lote-05 --apply

[catalog:apply-lote] lote=imunizacao-lote-05 mode=apply
[catalog:apply-lote] ok=50 skipped=0 failed=0
  OK fcm-enfermagem-imunizacao-1779564096589-1 ÔÇö conteudo_json aplicado
  OK fcm-geral-imunizacao-1779564090395-8 ÔÇö conteudo_json aplicado
  OK fenix-instituto-enfermagem-imunizacao-1779563970889-3 ÔÇö conteudo_json aplicado
  OK fenix-instituto-enfermagem-imunizacao-1780000630425-7 ÔÇö conteudo_json aplicado
  OK fepese-enfermagem-imunizacao-1777103204932-3 ÔÇö conteudo_json aplicado
  OK fepese-enfermagem-imunizacao-1777103270218-0 ÔÇö conteudo_json aplicado
  OK fepese-enfermagem-imunizacao-1779564001927-4 ÔÇö conteudo_json aplicado
  OK fepese-enfermagem-imunizacao-1779564011849-5 ÔÇö conteudo_json aplicado
  OK fepese-enfermagem-imunizacao-1779564109452-3 ÔÇö conteudo_json aplicado
  OK fepese-enfermagem-imunizacao-1779564119665-1 ÔÇö conteudo_json aplicado
  OK fepese-enfermagem-imunizacao-1779564119665-2 ÔÇö conteudo_json aplicado
  OK fepese-enfermagem-imunizacao-1779572166628-5 ÔÇö conteudo_json aplicado
  OK fepese-enfermagem-imunizacao-1779572171486-0 ÔÇö conteudo_json aplicado
  OK fepese-enfermagem-imunizacao-1779572171486-7 ÔÇö conteudo_json aplicado
  OK fgv-enfermagem-imunizacao-1777103215560-7 ÔÇö conteudo_json aplicado
  OK fgv-enfermagem-imunizacao-1779563970889-2 ÔÇö conteudo_json aplicado
  OK fgv-enfermagem-imunizacao-1779563970889-9 ÔÇö conteudo_json aplicado
  OK fgv-enfermagem-imunizacao-1779563992006-6 ÔÇö conteudo_json aplicado
  OK fgv-enfermagem-imunizacao-1779563992006-7 ÔÇö conteudo_json aplicado
  OK fgv-enfermagem-imunizacao-1779563992006-8 ÔÇö conteudo_json aplicado
  OK fgv-enfermagem-imunizacao-1779564053668-6 ÔÇö conteudo_json aplicado
  OK fgv-enfermagem-imunizacao-1779564059030-0 ÔÇö conteudo_json aplicado
  OK fgv-enfermagem-imunizacao-1779564059030-1 ÔÇö conteudo_json aplicado
  OK fgv-enfermagem-imunizacao-1779564085730-2 ÔÇö conteudo_json aplicado
  OK fgv-enfermagem-imunizacao-1779564085730-3 ÔÇö conteudo_json aplicado
  OK fgv-enfermagem-imunizacao-1779564085730-4 ÔÇö conteudo_json aplicado
  OK fgv-enfermagem-imunizacao-1779564085730-5 ÔÇö conteudo_json aplicado
  OK fgv-enfermagem-imunizacao-1779572215875-6 ÔÇö conteudo_json aplicado
  OK fumarc-enfermagem-imunizacao-1777103251447-1 ÔÇö conteudo_json aplicado
  OK fumarc-enfermagem-imunizacao-1777103251447-2 ÔÇö conteudo_json aplicado
  OK fumarc-enfermagem-imunizacao-1779564006577-8 ÔÇö conteudo_json aplicado
  OK funatec-enfermagem-imunizacao-1777103264001-6 ÔÇö conteudo_json aplicado
  OK funatec-enfermagem-imunizacao-1779564063274-2 ÔÇö conteudo_json aplicado
  OK funatec-enfermagem-imunizacao-1779564063274-3 ÔÇö conteudo_json aplicado
  OK funcern-enfermagem-imunizacao-1777103238173-5 ÔÇö conteudo_json aplicado
  OK funcern-enfermagem-imunizacao-1777103238173-6 ÔÇö conteudo_json aplicado
  OK funcern-enfermagem-imunizacao-1777103238173-7 ÔÇö conteudo_json aplicado
  OK funcern-enfermagem-imunizacao-1777103244679-0 ÔÇö conteudo_json aplicado
  OK funcern-enfermagem-imunizacao-1777103244679-4 ÔÇö conteudo_json aplicado
  OK funcern-enfermagem-imunizacao-1779564125198-0 ÔÇö conteudo_json aplicado
  OK fundatec-enfermagem-imunizacao-1777103182944-3 ÔÇö conteudo_json aplicado
  OK fundatec-enfermagem-imunizacao-1777103204932-0 ÔÇö conteudo_json aplicado
  OK fundatec-enfermagem-imunizacao-1777103257434-4 ÔÇö conteudo_json aplicado
  OK fundatec-enfermagem-imunizacao-1779563970889-1 ÔÇö conteudo_json aplicado
  OK fundatec-enfermagem-imunizacao-1779563975447-1 ÔÇö conteudo_json aplicado
  OK fundatec-enfermagem-imunizacao-1779563975447-2 ÔÇö conteudo_json aplicado
  OK fundatec-enfermagem-imunizacao-1779563975447-6 ÔÇö conteudo_json aplicado
  OK fundatec-enfermagem-imunizacao-1779563986606-2 ÔÇö conteudo_json aplicado
  OK fundatec-enfermagem-imunizacao-1779564001927-3 ÔÇö conteudo_json aplicado
  OK fundatec-enfermagem-imunizacao-1779564006577-0 ÔÇö conteudo_json aplicado
[catalog:apply-lote] report=C:\AVANT\artifacts\catalog-migration-imunizacao-lote-05-applied.json

=== imunizacao-lote-06 2026-06-09T18:31:40.6011499-03:00 ===

> avant@0.1.0 catalog:apply-lote
> tsx scripts/catalog-migration-apply-lote.ts --lote=imunizacao-lote-06 --apply

[catalog:apply-lote] lote=imunizacao-lote-06 mode=apply
[catalog:apply-lote] ok=50 skipped=0 failed=0
  OK fundatec-enfermagem-imunizacao-1779564006577-6 ÔÇö conteudo_json aplicado
  OK fundatec-enfermagem-imunizacao-1779564071106-3 ÔÇö conteudo_json aplicado
  OK fundatec-enfermagem-imunizacao-1779564109452-1 ÔÇö conteudo_json aplicado
  OK fundatec-enfermagem-imunizacao-1779564125198-2 ÔÇö conteudo_json aplicado
  OK fundatec-enfermagem-imunizacao-1779564125198-3 ÔÇö conteudo_json aplicado
  OK fundatec-enfermagem-imunizacao-1779564125198-5 ÔÇö conteudo_json aplicado
  OK fundatec-enfermagem-imunizacao-1779564125198-6 ÔÇö conteudo_json aplicado
  OK fundatec-enfermagem-imunizacao-1779572215875-3 ÔÇö conteudo_json aplicado
  OK fundatec-enfermagem-imunizacao-1779572215875-4 ÔÇö conteudo_json aplicado
  OK fundatec-enfermagem-imunizacao-1779572215875-5 ÔÇö conteudo_json aplicado
  OK fundatec-enfermagem-imunizacao-1779572227744-0 ÔÇö conteudo_json aplicado
  OK fundatec-enfermagem-imunizacao-1779572227744-1 ÔÇö conteudo_json aplicado
  OK fundatec-enfermagem-imunizacao-1779572236985-2 ÔÇö conteudo_json aplicado
  OK fundatec-enfermagem-imunizacao-1779572236985-3 ÔÇö conteudo_json aplicado
  OK fundatec-enfermagem-imunizacao-1779572528473-2 ÔÇö conteudo_json aplicado
  OK fundep-enfermagem-imunizacao-1779572166628-6 ÔÇö conteudo_json aplicado
  OK furb-enfermagem-imunizacao-1777103244679-5 ÔÇö conteudo_json aplicado
  OK furb-enfermagem-imunizacao-1777103244679-6 ÔÇö conteudo_json aplicado
  OK furb-enfermagem-imunizacao-1777103251447-0 ÔÇö conteudo_json aplicado
  OK furb-enfermagem-imunizacao-1779564031957-1 ÔÇö conteudo_json aplicado
  OK furb-enfermagem-imunizacao-1779564031957-4 ÔÇö conteudo_json aplicado
  OK furb-enfermagem-imunizacao-1779564067000-3 ÔÇö conteudo_json aplicado
  OK furb-enfermagem-imunizacao-1779564071106-6 ÔÇö conteudo_json aplicado
  OK furb-enfermagem-imunizacao-1779564071106-7 ÔÇö conteudo_json aplicado
  OK furb-enfermagem-imunizacao-1779564071106-8 ÔÇö conteudo_json aplicado
  OK fuvest-enfermagem-imunizacao-1779564109452-8 ÔÇö conteudo_json aplicado
  OK gama-enfermagem-imunizacao-1779564006577-4 ÔÇö conteudo_json aplicado
  OK gualimp-enfermagem-imunizacao-1779572207173-6 ÔÇö conteudo_json aplicado
  OK ibade-enfermagem-imunizacao-1777103230085-3 ÔÇö conteudo_json aplicado
  OK ibade-enfermagem-imunizacao-1777103230085-4 ÔÇö conteudo_json aplicado
  OK ibade-enfermagem-imunizacao-1777103230085-5 ÔÇö conteudo_json aplicado
  OK ibade-enfermagem-imunizacao-1777103230085-6 ÔÇö conteudo_json aplicado
  OK ibade-enfermagem-imunizacao-1777103270218-1 ÔÇö conteudo_json aplicado
  OK ibade-enfermagem-imunizacao-1777103270218-2 ÔÇö conteudo_json aplicado
  OK ibade-enfermagem-imunizacao-1777103270218-3 ÔÇö conteudo_json aplicado
  OK ibade-enfermagem-imunizacao-1777103277533-8 ÔÇö conteudo_json aplicado
  OK ibade-enfermagem-imunizacao-1779564129617-7 ÔÇö conteudo_json aplicado
  OK ibade-enfermagem-imunizacao-1779564129617-8 ÔÇö conteudo_json aplicado
  OK ibade-enfermagem-imunizacao-1779572198133-3 ÔÇö conteudo_json aplicado
  OK ibade-enfermagem-imunizacao-1779572236985-0 ÔÇö conteudo_json aplicado
  OK ibam-enfermagem-imunizacao-1779572198133-2 ÔÇö conteudo_json aplicado
  OK ibfc-enfermagem-imunizacao-1779563975447-0 ÔÇö conteudo_json aplicado
  OK ibfc-enfermagem-imunizacao-1779564063274-4 ÔÇö conteudo_json aplicado
  OK ibfc-enfermagem-imunizacao-1779564074967-4 ÔÇö conteudo_json aplicado
  OK ibfc-enfermagem-imunizacao-1779564074967-5 ÔÇö conteudo_json aplicado
  OK ibfc-enfermagem-imunizacao-1779564074967-6 ÔÇö conteudo_json aplicado
  OK ibfc-enfermagem-imunizacao-1779564074967-7 ÔÇö conteudo_json aplicado
  OK ibfc-enfermagem-imunizacao-1779564074967-8 ÔÇö conteudo_json aplicado
  OK ibfc-enfermagem-imunizacao-1779564079834-0 ÔÇö conteudo_json aplicado
  OK ibfc-enfermagem-imunizacao-1779564119665-7 ÔÇö conteudo_json aplicado
[catalog:apply-lote] report=C:\AVANT\artifacts\catalog-migration-imunizacao-lote-06-applied.json

=== imunizacao-lote-07 2026-06-09T18:32:10.9428086-03:00 ===

> avant@0.1.0 catalog:apply-lote
> tsx scripts/catalog-migration-apply-lote.ts --lote=imunizacao-lote-07 --apply

[catalog:apply-lote] lote=imunizacao-lote-07 mode=apply
[catalog:apply-lote] ok=50 skipped=0 failed=0
  OK ibgp-enfermagem-imunizacao-1779572166628-9 ÔÇö conteudo_json aplicado
  OK idcap-enfermagem-imunizacao-1777103182944-7 ÔÇö conteudo_json aplicado
  OK idcap-enfermagem-imunizacao-1779564096589-3 ÔÇö conteudo_json aplicado
  OK ideap-enfermagem-imunizacao-1779564067000-1 ÔÇö conteudo_json aplicado
  OK idecan-enfermagem-imunizacao-1777103277533-4 ÔÇö conteudo_json aplicado
  OK idecan-enfermagem-imunizacao-1777103277533-5 ÔÇö conteudo_json aplicado
  OK idecan-enfermagem-imunizacao-1777103277533-6 ÔÇö conteudo_json aplicado
  OK idecan-enfermagem-imunizacao-1778712270872-6 ÔÇö conteudo_json aplicado
  OK idecan-enfermagem-imunizacao-1778712270872-7 ÔÇö conteudo_json aplicado
  OK idecan-enfermagem-imunizacao-1778712270872-8 ÔÇö conteudo_json aplicado
  OK idecan-enfermagem-imunizacao-1778712270872-9 ÔÇö conteudo_json aplicado
  OK idecan-enfermagem-imunizacao-1778712281975-0 ÔÇö conteudo_json aplicado
  OK idecan-enfermagem-imunizacao-1778712281975-1 ÔÇö conteudo_json aplicado
  OK idecan-enfermagem-imunizacao-1778712281975-2 ÔÇö conteudo_json aplicado
  OK idecan-enfermagem-imunizacao-1778712281975-3 ÔÇö conteudo_json aplicado
  OK idecan-enfermagem-imunizacao-1778712281975-4 ÔÇö conteudo_json aplicado
  OK idecan-enfermagem-imunizacao-1778712281975-5 ÔÇö conteudo_json aplicado
  OK idecan-enfermagem-imunizacao-1778712281975-6 ÔÇö conteudo_json aplicado
  OK idecan-enfermagem-imunizacao-1778712281975-7 ÔÇö conteudo_json aplicado
  OK idecan-enfermagem-imunizacao-1778712281975-8 ÔÇö conteudo_json aplicado
  OK idecan-enfermagem-imunizacao-1778712281975-9 ÔÇö conteudo_json aplicado
  OK idecan-enfermagem-imunizacao-1779563986606-3 ÔÇö conteudo_json aplicado
  OK idecan-enfermagem-imunizacao-1779564031957-3 ÔÇö conteudo_json aplicado
  OK idecan-enfermagem-imunizacao-1780066977710-4 ÔÇö conteudo_json aplicado
  OK idecan-enfermagem-imunizacao-1780066977710-5 ÔÇö conteudo_json aplicado
  OK idecan-enfermagem-imunizacao-1780066977710-6 ÔÇö conteudo_json aplicado
  OK idecan-enfermagem-imunizacao-1780066977710-7 ÔÇö conteudo_json aplicado
  OK idib-enfermagem-imunizacao-1777103277533-1 ÔÇö conteudo_json aplicado
  OK idib-enfermagem-imunizacao-1777103277533-2 ÔÇö conteudo_json aplicado
  OK idib-enfermagem-imunizacao-1777103277533-3 ÔÇö conteudo_json aplicado
  OK idib-enfermagem-imunizacao-1778934900821-8 ÔÇö conteudo_json aplicado
  OK idib-enfermagem-imunizacao-1778934900821-9 ÔÇö conteudo_json aplicado
  OK idib-enfermagem-imunizacao-1778934909266-0 ÔÇö conteudo_json aplicado
  OK idib-enfermagem-imunizacao-1778934909266-1 ÔÇö conteudo_json aplicado
  OK idib-enfermagem-imunizacao-1779564067000-2 ÔÇö conteudo_json aplicado
  OK ieses-enfermagem-imunizacao-1777103251447-9 ÔÇö conteudo_json aplicado
  OK ieses-enfermagem-imunizacao-1779572159431-2 ÔÇö conteudo_json aplicado
  OK igeduc-enfermagem-imunizacao-1779563961175-5 ÔÇö conteudo_json aplicado
  OK igeduc-enfermagem-imunizacao-1779563975447-8 ÔÇö conteudo_json aplicado
  OK igeduc-enfermagem-imunizacao-1779563986606-8 ÔÇö conteudo_json aplicado
  OK igeduc-enfermagem-imunizacao-1779563992006-0 ÔÇö conteudo_json aplicado
  OK igeduc-enfermagem-imunizacao-1779564035545-0 ÔÇö conteudo_json aplicado
  OK igeduc-enfermagem-imunizacao-1779564035545-1 ÔÇö conteudo_json aplicado
  OK igeduc-enfermagem-imunizacao-1779564035545-2 ÔÇö conteudo_json aplicado
  OK igeduc-enfermagem-imunizacao-1779564040128-4 ÔÇö conteudo_json aplicado
  OK igeduc-enfermagem-imunizacao-1779564040128-5 ÔÇö conteudo_json aplicado
  OK igeduc-enfermagem-imunizacao-1779564044052-6 ÔÇö conteudo_json aplicado
  OK igeduc-enfermagem-imunizacao-1779564044052-7 ÔÇö conteudo_json aplicado
  OK igeduc-enfermagem-imunizacao-1779564048247-0 ÔÇö conteudo_json aplicado
  OK igeduc-enfermagem-imunizacao-1779564048247-1 ÔÇö conteudo_json aplicado
[catalog:apply-lote] report=C:\AVANT\artifacts\catalog-migration-imunizacao-lote-07-applied.json

=== imunizacao-lote-08 2026-06-09T18:32:43.8712533-03:00 ===

> avant@0.1.0 catalog:apply-lote
> tsx scripts/catalog-migration-apply-lote.ts --lote=imunizacao-lote-08 --apply

[catalog:apply-lote] lote=imunizacao-lote-08 mode=apply
[catalog:apply-lote] ok=50 skipped=0 failed=0
  OK igeduc-enfermagem-imunizacao-1779564048247-2 ÔÇö conteudo_json aplicado
  OK igeduc-enfermagem-imunizacao-1779564048247-3 ÔÇö conteudo_json aplicado
  OK igeduc-enfermagem-imunizacao-1779564059030-7 ÔÇö conteudo_json aplicado
  OK igeduc-enfermagem-imunizacao-1779564059030-8 ÔÇö conteudo_json aplicado
  OK igeduc-enfermagem-imunizacao-1779564059030-9 ÔÇö conteudo_json aplicado
  OK imparh-enfermagem-imunizacao-1779564067000-5 ÔÇö conteudo_json aplicado
  OK imparh-enfermagem-imunizacao-1779564067000-6 ÔÇö conteudo_json aplicado
  OK inaz-do-para-enfermagem-imunizacao-1777103277533-7 ÔÇö conteudo_json aplicado
  OK instituto-aocp-enfermagem-imunizacao-1777103257434-0 ÔÇö conteudo_json aplicado
  OK instituto-aocp-enfermagem-imunizacao-1777103257434-1 ÔÇö conteudo_json aplicado
  OK instituto-consulpam-enfermagem-imunizacao-1779564067000-8 ÔÇö conteudo_json aplicado
  OK instituto-consulpam-enfermagem-imunizacao-1779564109452-4 ÔÇö conteudo_json aplicado
  OK instituto-consulpam-enfermagem-imunizacao-1779564109452-5 ÔÇö conteudo_json aplicado
  OK instituto-consulplan-enfermagem-imunizacao-1777103222102-0 ÔÇö conteudo_json aplicado
  OK instituto-consulplan-enfermagem-imunizacao-1777103222102-1 ÔÇö conteudo_json aplicado
  OK instituto-consulplan-enfermagem-imunizacao-1777103222102-2 ÔÇö conteudo_json aplicado
  OK instituto-consulplan-enfermagem-imunizacao-1777103222102-3 ÔÇö conteudo_json aplicado
  OK instituto-consulplan-enfermagem-imunizacao-1777103222102-8 ÔÇö conteudo_json aplicado
  OK instituto-consulplan-enfermagem-imunizacao-1777103230085-0 ÔÇö conteudo_json aplicado
  OK instituto-consulplan-enfermagem-imunizacao-1777103230085-1 ÔÇö conteudo_json aplicado
  OK instituto-consulplan-enfermagem-imunizacao-1777103230085-2 ÔÇö conteudo_json aplicado
  OK instituto-consulplan-enfermagem-imunizacao-1779563965519-6 ÔÇö conteudo_json aplicado
  OK instituto-consulplan-enfermagem-imunizacao-1779564053668-1 ÔÇö conteudo_json aplicado
  OK instituto-consulplan-enfermagem-imunizacao-1779564053668-2 ÔÇö conteudo_json aplicado
  OK instituto-consulplan-enfermagem-imunizacao-1779564053668-3 ÔÇö conteudo_json aplicado
  OK instituto-consulplan-enfermagem-imunizacao-1779564063274-8 ÔÇö conteudo_json aplicado
  OK instituto-consulplan-enfermagem-imunizacao-1779564067000-0 ÔÇö conteudo_json aplicado
  OK instituto-consulplan-enfermagem-imunizacao-1779564079834-9 ÔÇö conteudo_json aplicado
  OK instituto-consulplan-enfermagem-imunizacao-1779564085730-0 ÔÇö conteudo_json aplicado
  OK instituto-consulplan-enfermagem-imunizacao-1779564085730-1 ÔÇö conteudo_json aplicado
  OK instituto-consulplan-enfermagem-imunizacao-1779564085730-9 ÔÇö conteudo_json aplicado
  OK instituto-consulplan-enfermagem-imunizacao-1779564090395-0 ÔÇö conteudo_json aplicado
  OK instituto-consulplan-enfermagem-imunizacao-1779564090395-2 ÔÇö conteudo_json aplicado
  OK instituto-consulplan-enfermagem-imunizacao-1779564109452-0 ÔÇö conteudo_json aplicado
  OK instituto-consulplan-enfermagem-imunizacao-1779564113760-1 ÔÇö conteudo_json aplicado
  OK instituto-consulplan-enfermagem-imunizacao-1779564113760-2 ÔÇö conteudo_json aplicado
  OK instituto-consulplan-enfermagem-imunizacao-1779564113760-3 ÔÇö conteudo_json aplicado
  OK instituto-consulplan-enfermagem-imunizacao-1779564113760-4 ÔÇö conteudo_json aplicado
  OK instituto-consulplan-enfermagem-imunizacao-1779564113760-5 ÔÇö conteudo_json aplicado
  OK instituto-consulplan-enfermagem-imunizacao-1779572198133-4 ÔÇö conteudo_json aplicado
  OK instituto-consulplan-enfermagem-imunizacao-1779572198133-5 ÔÇö conteudo_json aplicado
  OK instituto-consulplan-enfermagem-imunizacao-1779572198133-6 ÔÇö conteudo_json aplicado
  OK instituto-consulplan-enfermagem-imunizacao-1779572198133-7 ÔÇö conteudo_json aplicado
  OK instituto-consulplan-enfermagem-imunizacao-1779572198133-8 ÔÇö conteudo_json aplicado
  OK instituto-consulplan-geral-imunizacao-1777103215560-8 ÔÇö conteudo_json aplicado
  OK instituto-jk-enfermagem-imunizacao-1777103264001-7 ÔÇö conteudo_json aplicado
  OK instituto-verbena-enfermagem-imunizacao-1777103251447-8 ÔÇö conteudo_json aplicado
  OK instituto-verbena-enfermagem-imunizacao-1777103270218-5 ÔÇö conteudo_json aplicado
  OK instituto-verbena-enfermagem-imunizacao-1777103270218-6 ÔÇö conteudo_json aplicado
  OK instituto-verbena-enfermagem-imunizacao-1779564040128-6 ÔÇö conteudo_json aplicado
[catalog:apply-lote] report=C:\AVANT\artifacts\catalog-migration-imunizacao-lote-08-applied.json

=== imunizacao-lote-09 2026-06-09T18:33:14.7228555-03:00 ===

> avant@0.1.0 catalog:apply-lote
> tsx scripts/catalog-migration-apply-lote.ts --lote=imunizacao-lote-09 --apply

[catalog:apply-lote] lote=imunizacao-lote-09 mode=apply
[catalog:apply-lote] ok=50 skipped=0 failed=0
  OK instituto-verbena-enfermagem-imunizacao-1779564044052-0 ÔÇö conteudo_json aplicado
  OK instituto-verbena-enfermagem-imunizacao-1779564067000-4 ÔÇö conteudo_json aplicado
  OK instituto-verbena-enfermagem-imunizacao-1779564129617-1 ÔÇö conteudo_json aplicado
  OK instituto-verbena-enfermagem-imunizacao-1779564129617-2 ÔÇö conteudo_json aplicado
  OK instituto-verbena-enfermagem-imunizacao-1779564129617-3 ÔÇö conteudo_json aplicado
  OK instituto-verbena-enfermagem-imunizacao-1779564129617-4 ÔÇö conteudo_json aplicado
  OK instituto-verbena-enfermagem-imunizacao-1779564129617-5 ÔÇö conteudo_json aplicado
  OK instituto-verbena-enfermagem-imunizacao-1779564129617-6 ÔÇö conteudo_json aplicado
  OK ipefae-enfermagem-imunizacao-1779564090395-7 ÔÇö conteudo_json aplicado
  OK ivin-enfermagem-imunizacao-1777103182944-4 ÔÇö conteudo_json aplicado
  OK ivin-enfermagem-imunizacao-1777103204932-4 ÔÇö conteudo_json aplicado
  OK ivin-enfermagem-imunizacao-1777103257434-8 ÔÇö conteudo_json aplicado
  OK ivin-enfermagem-imunizacao-1777103257434-9 ÔÇö conteudo_json aplicado
  OK ivin-enfermagem-imunizacao-1779564048247-6 ÔÇö conteudo_json aplicado
  OK ivin-enfermagem-imunizacao-1779564048247-7 ÔÇö conteudo_json aplicado
  OK ivin-enfermagem-imunizacao-1779564048247-8 ÔÇö conteudo_json aplicado
  OK ivin-enfermagem-imunizacao-1779564067000-7 ÔÇö conteudo_json aplicado
  OK legalle-enfermagem-imunizacao-1779572166628-2 ÔÇö conteudo_json aplicado
  OK legalle-enfermagem-imunizacao-1779572166628-3 ÔÇö conteudo_json aplicado
  OK legalle-enfermagem-imunizacao-1779572166628-4 ÔÇö conteudo_json aplicado
  OK maranatha-assessoria-enfermagem-imunizacao-1779563986606-0 ÔÇö conteudo_json aplicado
  OK maranatha-assessoria-enfermagem-imunizacao-1779564006577-7 ÔÇö conteudo_json aplicado
  OK metrocapital-enfermagem-imunizacao-1779564096589-2 ÔÇö conteudo_json aplicado
  OK ms-sarmento-enfermagem-imunizacao-1777103215560-2 ÔÇö conteudo_json aplicado
  OK ms-sarmento-enfermagem-imunizacao-1777103215560-3 ÔÇö conteudo_json aplicado
  OK ms-sarmento-enfermagem-imunizacao-1777103215560-4 ÔÇö conteudo_json aplicado
  OK ms-sarmento-enfermagem-imunizacao-1777103215560-5 ÔÇö conteudo_json aplicado
  OK ms-sarmento-enfermagem-imunizacao-1777103215560-6 ÔÇö conteudo_json aplicado
  OK ms-sarmento-enfermagem-imunizacao-1777103230085-7 ÔÇö conteudo_json aplicado
  OK ms-sarmento-enfermagem-imunizacao-1777103244679-7 ÔÇö conteudo_json aplicado
  OK ms-sarmento-enfermagem-imunizacao-1777103244679-8 ÔÇö conteudo_json aplicado
  OK nao-informado-geral-imunizacao-1779564031957-0 ÔÇö conteudo_json aplicado
  OK nc-ufpr-funpar-enfermagem-imunizacao-1777103222102-7 ÔÇö conteudo_json aplicado
  OK nosso-rumo-enfermagem-imunizacao-1779564074967-0 ÔÇö conteudo_json aplicado
  OK nosso-rumo-enfermagem-imunizacao-1779564074967-1 ÔÇö conteudo_json aplicado
  OK objetiva-concursos-enfermagem-imunizacao-1779564071106-4 ÔÇö conteudo_json aplicado
  OK objetiva-concursos-enfermagem-imunizacao-1779564090395-1 ÔÇö conteudo_json aplicado
  OK objetiva-concursos-enfermagem-imunizacao-1779572236985-1 ÔÇö conteudo_json aplicado
  OK omni-enfermagem-imunizacao-1779572166628-7 ÔÇö conteudo_json aplicado
  OK omni-enfermagem-imunizacao-1779572166628-8 ÔÇö conteudo_json aplicado
  OK omni-enfermagem-imunizacao-1779572171486-6 ÔÇö conteudo_json aplicado
  OK omni-enfermagem-imunizacao-1779572220683-7 ÔÇö conteudo_json aplicado
  OK omni-enfermagem-imunizacao-1779572220683-8 ÔÇö conteudo_json aplicado
  OK quadrix-enfermagem-imunizacao-1777103182944-1 ÔÇö conteudo_json aplicado
  OK quadrix-enfermagem-imunizacao-1777103277533-0 ÔÇö conteudo_json aplicado
  OK quadrix-enfermagem-imunizacao-1779563961175-2 ÔÇö conteudo_json aplicado
  OK quadrix-enfermagem-imunizacao-1779563961175-3 ÔÇö conteudo_json aplicado
  OK quadrix-enfermagem-imunizacao-1779564011849-6 ÔÇö conteudo_json aplicado
  OK quadrix-enfermagem-imunizacao-1779564011849-7 ÔÇö conteudo_json aplicado
  OK quadrix-enfermagem-imunizacao-1780000630425-8 ÔÇö conteudo_json aplicado
[catalog:apply-lote] report=C:\AVANT\artifacts\catalog-migration-imunizacao-lote-09-applied.json

=== imunizacao-lote-10 2026-06-09T18:33:45.1901110-03:00 ===

> avant@0.1.0 catalog:apply-lote
> tsx scripts/catalog-migration-apply-lote.ts --lote=imunizacao-lote-10 --apply

[catalog:apply-lote] lote=imunizacao-lote-10 mode=apply
[catalog:apply-lote] ok=50 skipped=0 failed=0
  OK quadrix-geral-imunizacao-1777103182944-0 ÔÇö conteudo_json aplicado
  OK reis-e-reis-enfermagem-imunizacao-1777103182944-2 ÔÇö conteudo_json aplicado
  OK sc-treinamentos-enfermagem-imunizacao-1779564071106-2 ÔÇö conteudo_json aplicado
  OK selecon-enfermagem-imunizacao-1777103238173-3 ÔÇö conteudo_json aplicado
  OK selecon-enfermagem-imunizacao-1779563965519-7 ÔÇö conteudo_json aplicado
  OK selecon-enfermagem-imunizacao-1779564001927-5 ÔÇö conteudo_json aplicado
  OK selecon-enfermagem-imunizacao-1779564001927-6 ÔÇö conteudo_json aplicado
  OK selecon-enfermagem-imunizacao-1779564011849-1 ÔÇö conteudo_json aplicado
  OK selecon-enfermagem-imunizacao-1779564048247-4 ÔÇö conteudo_json aplicado
  OK selecon-enfermagem-imunizacao-1779564048247-5 ÔÇö conteudo_json aplicado
  OK selecon-enfermagem-imunizacao-1779564071106-1 ÔÇö conteudo_json aplicado
  OK selecon-enfermagem-imunizacao-1779572236985-7 ÔÇö conteudo_json aplicado
  OK ufmt-enfermagem-imunizacao-1777103251447-3 ÔÇö conteudo_json aplicado
  OK ufmt-enfermagem-imunizacao-1777103251447-5 ÔÇö conteudo_json aplicado
  OK unesc-enfermagem-imunizacao-1779563961175-4 ÔÇö conteudo_json aplicado
  OK unesc-enfermagem-imunizacao-1779563975447-3 ÔÇö conteudo_json aplicado
  OK unesc-enfermagem-imunizacao-1780001148264-0 ÔÇö conteudo_json aplicado
  OK unifil-enfermagem-imunizacao-1779564006577-9 ÔÇö conteudo_json aplicado
  OK unifil-enfermagem-imunizacao-1779564031957-2 ÔÇö conteudo_json aplicado
  OK unifil-enfermagem-imunizacao-1779572215875-0 ÔÇö conteudo_json aplicado
  OK unifil-enfermagem-imunizacao-1779572215875-1 ÔÇö conteudo_json aplicado
  OK unifil-enfermagem-imunizacao-1779572215875-2 ÔÇö conteudo_json aplicado
  OK unifil-enfermagem-imunizacao-1779572220683-0 ÔÇö conteudo_json aplicado
  OK unifil-enfermagem-imunizacao-1779572220683-1 ÔÇö conteudo_json aplicado
  OK unifil-enfermagem-imunizacao-1779572220683-2 ÔÇö conteudo_json aplicado
  OK unifil-enfermagem-imunizacao-1779572220683-3 ÔÇö conteudo_json aplicado
  OK unifil-enfermagem-imunizacao-1779572220683-4 ÔÇö conteudo_json aplicado
  OK unifil-enfermagem-imunizacao-1779572220683-5 ÔÇö conteudo_json aplicado
  OK unifil-enfermagem-imunizacao-1779572220683-6 ÔÇö conteudo_json aplicado
  OK unifil-enfermagem-imunizacao-1779572220683-9 ÔÇö conteudo_json aplicado
  OK unifil-enfermagem-imunizacao-1779572227744-2 ÔÇö conteudo_json aplicado
  OK unifil-enfermagem-imunizacao-1779572227744-3 ÔÇö conteudo_json aplicado
  OK unifil-enfermagem-imunizacao-1779572227744-4 ÔÇö conteudo_json aplicado
  OK unifil-enfermagem-imunizacao-1779572227744-5 ÔÇö conteudo_json aplicado
  OK unifil-enfermagem-imunizacao-1779572227744-6 ÔÇö conteudo_json aplicado
  OK unifil-enfermagem-imunizacao-1779572227744-9 ÔÇö conteudo_json aplicado
  OK unifil-enfermagem-imunizacao-1779572236985-8 ÔÇö conteudo_json aplicado
  OK univida-enfermagem-imunizacao-1777103182944-5 ÔÇö conteudo_json aplicado
  OK univida-enfermagem-imunizacao-1777103182944-6 ÔÇö conteudo_json aplicado
  OK univida-enfermagem-imunizacao-1777103204932-1 ÔÇö conteudo_json aplicado
  OK univida-enfermagem-imunizacao-1777103204932-2 ÔÇö conteudo_json aplicado
  OK univida-enfermagem-imunizacao-1779564063274-0 ÔÇö conteudo_json aplicado
  OK vunesp-enfermagem-imunizacao-1777103204932-5 ÔÇö conteudo_json aplicado
  OK vunesp-enfermagem-imunizacao-1777103270218-4 ÔÇö conteudo_json aplicado
  OK vunesp-enfermagem-imunizacao-1779563965519-0 ÔÇö conteudo_json aplicado
  OK vunesp-enfermagem-imunizacao-1779563965519-1 ÔÇö conteudo_json aplicado
  OK vunesp-enfermagem-imunizacao-1779563965519-2 ÔÇö conteudo_json aplicado
  OK vunesp-enfermagem-imunizacao-1779563965519-3 ÔÇö conteudo_json aplicado
  OK vunesp-enfermagem-imunizacao-1779563965519-4 ÔÇö conteudo_json aplicado
  OK vunesp-enfermagem-imunizacao-1779563965519-5 ÔÇö conteudo_json aplicado
[catalog:apply-lote] report=C:\AVANT\artifacts\catalog-migration-imunizacao-lote-10-applied.json

=== imunizacao-lote-11 2026-06-09T18:34:16.8452451-03:00 ===

> avant@0.1.0 catalog:apply-lote
> tsx scripts/catalog-migration-apply-lote.ts --lote=imunizacao-lote-11 --apply

[catalog:apply-lote] lote=imunizacao-lote-11 mode=apply
[catalog:apply-lote] ok=25 skipped=0 failed=0
  OK vunesp-enfermagem-imunizacao-1779563970889-0 ÔÇö conteudo_json aplicado
  OK vunesp-enfermagem-imunizacao-1779563970889-8 ÔÇö conteudo_json aplicado
  OK vunesp-enfermagem-imunizacao-1779563992006-2 ÔÇö conteudo_json aplicado
  OK vunesp-enfermagem-imunizacao-1779563992006-3 ÔÇö conteudo_json aplicado
  OK vunesp-enfermagem-imunizacao-1779563996663-0 ÔÇö conteudo_json aplicado
  OK vunesp-enfermagem-imunizacao-1779563996663-1 ÔÇö conteudo_json aplicado
  OK vunesp-enfermagem-imunizacao-1779563996663-2 ÔÇö conteudo_json aplicado
  OK vunesp-enfermagem-imunizacao-1779564001927-0 ÔÇö conteudo_json aplicado
  OK vunesp-enfermagem-imunizacao-1779564001927-1 ÔÇö conteudo_json aplicado
  OK vunesp-enfermagem-imunizacao-1779564001927-2 ÔÇö conteudo_json aplicado
  OK vunesp-enfermagem-imunizacao-1779564053668-4 ÔÇö conteudo_json aplicado
  OK vunesp-enfermagem-imunizacao-1779564053668-5 ÔÇö conteudo_json aplicado
  OK vunesp-enfermagem-imunizacao-1779564059030-2 ÔÇö conteudo_json aplicado
  OK vunesp-enfermagem-imunizacao-1779564059030-3 ÔÇö conteudo_json aplicado
  OK vunesp-enfermagem-imunizacao-1779564063274-5 ÔÇö conteudo_json aplicado
  OK vunesp-enfermagem-imunizacao-1779564063274-6 ÔÇö conteudo_json aplicado
  OK vunesp-enfermagem-imunizacao-1779564063274-7 ÔÇö conteudo_json aplicado
  OK vunesp-enfermagem-imunizacao-1779564090395-3 ÔÇö conteudo_json aplicado
  OK vunesp-enfermagem-imunizacao-1779564090395-4 ÔÇö conteudo_json aplicado
  OK vunesp-enfermagem-imunizacao-1779564090395-5 ÔÇö conteudo_json aplicado
  OK vunesp-enfermagem-imunizacao-1779564096589-4 ÔÇö conteudo_json aplicado
  OK vunesp-enfermagem-imunizacao-1779564096589-5 ÔÇö conteudo_json aplicado
  OK vunesp-enfermagem-imunizacao-1779564096589-6 ÔÇö conteudo_json aplicado
  OK vunesp-enfermagem-imunizacao-1779564125198-4 ÔÇö conteudo_json aplicado
  OK vunesp-enfermagem-imunizacao-1779572207173-4 ÔÇö conteudo_json aplicado
[catalog:apply-lote] report=C:\AVANT\artifacts\catalog-migration-imunizacao-lote-11-applied.json

=== layout-pilot-v2 2026-06-09T18:34:34.6927110-03:00 ===

> avant@0.1.0 catalog:apply-lote
> tsx scripts/catalog-migration-apply-lote.ts --lote=layout-pilot-v2 --apply

[catalog:apply-lote] lote=layout-pilot-v2 mode=apply
[catalog:apply-lote] ok=10 skipped=0 failed=0
  OK adm-tec-enfermagem-vias-de-administracao-1776056401060-9 ÔÇö conteudo_json aplicado
  OK ameosc-enfermagem-imunizacao-1779572207173-7 ÔÇö conteudo_json aplicado
  OK ameosc-enfermagem-processo-de-enfermagem-1780002934000-7 ÔÇö conteudo_json aplicado
  OK ameosc-enfermagem-verificacao-de-sinais-vitais-1778969752567-3 ÔÇö conteudo_json aplicado
  OK ameosc-enfermagem-vias-de-administracao-1776056348175-5 ÔÇö conteudo_json aplicado
  OK avancasp-enfermagem-vias-de-administracao-1776056338955-1 ÔÇö conteudo_json aplicado
  OK cebraspe-cespe-enfermagem-vias-de-administracao-1776056401060-2 ÔÇö conteudo_json aplicado
  OK fgv-enfermagem-imunizacao-1779564085730-5 ÔÇö conteudo_json aplicado
  OK fundatec-enfermagem-urgencias-e-emergencias-1777104007115-6 ÔÇö conteudo_json aplicado
  OK idecan-enfermagem-urgencias-e-emergencias-1778712392541-7 ÔÇö conteudo_json aplicado
[catalog:apply-lote] report=C:\AVANT\artifacts\catalog-migration-layout-pilot-v2-applied.json

=== pilot-goldens 2026-06-09T18:34:44.1219591-03:00 ===

> avant@0.1.0 catalog:apply-lote
> tsx scripts/catalog-migration-apply-lote.ts --lote=pilot-goldens --apply

[catalog:apply-lote] lote=pilot-goldens mode=apply
[catalog:apply-lote] ok=19 skipped=0 failed=0
  OK cesgranrio-saude-publica-promocao-a-saude-e-prevencao-de-agravos-premium-pilot ÔÇö conteudo_json aplicado
  OK cpcon-enfermagem-urgencias-e-emergencias-rcp-premium-pilot ÔÇö conteudo_json aplicado
  OK cpcon-uepb-enfermagem-atencao-basica-saude-da-familia-1778968221218-1 ÔÇö conteudo_json aplicado
  OK cpcon-uepb-enfermagem-coleta-de-exames-laboratoriais-1779562730776-6 ÔÇö conteudo_json aplicado
  OK cpcon-uepb-enfermagem-coleta-de-exames-laboratoriais-1779563225798-2 ÔÇö conteudo_json aplicado
  OK cpcon-uepb-enfermagem-epidemiologia-e-vigilancia-epidemiologica-1779563848614-7 ÔÇö conteudo_json aplicado
  OK cpcon-uepb-enfermagem-vias-de-administracao-1776056366158-7 ÔÇö conteudo_json aplicado
  OK fepese-enfermagem-nocoes-de-anatomia-1775447762008-7 ÔÇö conteudo_json aplicado
  OK fepese-enfermagem-processo-de-enfermagem-1776056021381-0 ÔÇö conteudo_json aplicado
  OK fepese-enfermagem-verificacao-de-sinais-vitais-1779343856589-7 ÔÇö conteudo_json aplicado
  OK funatec-enfermagem-semiologia-em-enfermagem-1779563527042-2 ÔÇö conteudo_json aplicado
  OK fundatec-enfermagem-imunizacao-1777103182944-8 ÔÇö conteudo_json aplicado
  OK idecan-enfermagem-assistencia-perioperatoria-inclui-srpa-1778712325916-2 ÔÇö conteudo_json aplicado
  OK idecan-enfermagem-calculo-de-administracao-de-medicamentos-e-infusoes-1776056318806-0 ÔÇö conteudo_json aplicado
  OK idecan-enfermagem-calculo-de-administracao-de-medicamentos-e-infusoes-1778712122855-9 ÔÇö conteudo_json aplicado
  OK idecan-enfermagem-processo-de-enfermagem-1778712122855-4 ÔÇö conteudo_json aplicado
  OK idecan-enfermagem-urgencias-e-emergencias-1778712392541-2 ÔÇö conteudo_json aplicado
  OK idecan-enfermagem-verificacao-de-sinais-vitais-1778712135178-3 ÔÇö conteudo_json aplicado
  OK vunesp-enfermagem-vias-de-administracao-1776056338955-3 ÔÇö conteudo_json aplicado
[catalog:apply-lote] report=C:\AVANT\artifacts\catalog-migration-pilot-goldens-applied.json

=== processo-de-enfermagem-lote-01 2026-06-09T18:34:58.9346519-03:00 ===

> avant@0.1.0 catalog:apply-lote
> tsx scripts/catalog-migration-apply-lote.ts --lote=processo-de-enfermagem-lote-01 --apply

[catalog:apply-lote] lote=processo-de-enfermagem-lote-01 mode=apply
[catalog:apply-lote] ok=50 skipped=0 failed=0
  OK adm-tec-enfermagem-processo-de-enfermagem-1776056021381-3 ÔÇö conteudo_json aplicado
  OK adm-tec-enfermagem-processo-de-enfermagem-1776056021381-4 ÔÇö conteudo_json aplicado
  OK adm-tec-enfermagem-processo-de-enfermagem-1776056129848-4 ÔÇö conteudo_json aplicado
  OK adm-tec-enfermagem-processo-de-enfermagem-1776056129848-5 ÔÇö conteudo_json aplicado
  OK amauc-enfermagem-processo-de-enfermagem-1780001440222-4 ÔÇö conteudo_json aplicado
  OK amauc-enfermagem-processo-de-enfermagem-1780001440222-5 ÔÇö conteudo_json aplicado
  OK amauc-enfermagem-processo-de-enfermagem-1780001440222-6 ÔÇö conteudo_json aplicado
  OK amauc-enfermagem-processo-de-enfermagem-1780001440222-7 ÔÇö conteudo_json aplicado
  OK amauc-enfermagem-processo-de-enfermagem-1780001440222-8 ÔÇö conteudo_json aplicado
  OK amauc-enfermagem-processo-de-enfermagem-1780001440222-9 ÔÇö conteudo_json aplicado
  OK amauc-enfermagem-processo-de-enfermagem-1780001517858-0 ÔÇö conteudo_json aplicado
  OK amauc-enfermagem-processo-de-enfermagem-1780001517858-1 ÔÇö conteudo_json aplicado
  OK amauc-enfermagem-processo-de-enfermagem-1780001517858-2 ÔÇö conteudo_json aplicado
  OK amauc-enfermagem-processo-de-enfermagem-1780001517858-3 ÔÇö conteudo_json aplicado
  OK amauc-enfermagem-processo-de-enfermagem-1780001517858-4 ÔÇö conteudo_json aplicado
  OK amauc-enfermagem-processo-de-enfermagem-1780001517858-5 ÔÇö conteudo_json aplicado
  OK amauc-enfermagem-processo-de-enfermagem-1780001517858-6 ÔÇö conteudo_json aplicado
  OK amauc-enfermagem-processo-de-enfermagem-1780001517858-7 ÔÇö conteudo_json aplicado
  OK amauc-enfermagem-processo-de-enfermagem-1780001517858-8 ÔÇö conteudo_json aplicado
  OK amauc-enfermagem-processo-de-enfermagem-1780001613305-0 ÔÇö conteudo_json aplicado
  OK amauc-enfermagem-processo-de-enfermagem-1780002441285-4 ÔÇö conteudo_json aplicado
  OK amauc-enfermagem-processo-de-enfermagem-1780002441285-5 ÔÇö conteudo_json aplicado
  OK amauc-enfermagem-processo-de-enfermagem-1780002441285-6 ÔÇö conteudo_json aplicado
  OK amauc-enfermagem-processo-de-enfermagem-1780002441285-7 ÔÇö conteudo_json aplicado
  OK amauc-enfermagem-processo-de-enfermagem-1780002441285-8 ÔÇö conteudo_json aplicado
  OK amauc-enfermagem-processo-de-enfermagem-1780002441285-9 ÔÇö conteudo_json aplicado
  OK amauc-enfermagem-processo-de-enfermagem-1780002549800-0 ÔÇö conteudo_json aplicado
  OK amauc-enfermagem-processo-de-enfermagem-1780002549800-1 ÔÇö conteudo_json aplicado
  OK amauc-enfermagem-processo-de-enfermagem-1780002549800-2 ÔÇö conteudo_json aplicado
  OK amauc-enfermagem-processo-de-enfermagem-1780002549800-3 ÔÇö conteudo_json aplicado
  OK amauc-enfermagem-processo-de-enfermagem-1780002549800-4 ÔÇö conteudo_json aplicado
  OK amauc-enfermagem-processo-de-enfermagem-1780004982901-4 ÔÇö conteudo_json aplicado
  OK amauc-enfermagem-processo-de-enfermagem-1780004982901-5 ÔÇö conteudo_json aplicado
  OK amauc-enfermagem-processo-de-enfermagem-1780004982901-6 ÔÇö conteudo_json aplicado
  OK amauc-enfermagem-processo-de-enfermagem-1780004982901-7 ÔÇö conteudo_json aplicado
  OK amauc-enfermagem-processo-de-enfermagem-1780004982901-8 ÔÇö conteudo_json aplicado
  OK amauc-enfermagem-processo-de-enfermagem-1780004982901-9 ÔÇö conteudo_json aplicado
  OK amauc-enfermagem-processo-de-enfermagem-1780005128081-0 ÔÇö conteudo_json aplicado
  OK amauc-enfermagem-processo-de-enfermagem-1780005128081-1 ÔÇö conteudo_json aplicado
  OK amauc-enfermagem-processo-de-enfermagem-1780005128081-2 ÔÇö conteudo_json aplicado
  OK amauc-enfermagem-processo-de-enfermagem-1780005128081-3 ÔÇö conteudo_json aplicado
  OK amauc-enfermagem-processo-de-enfermagem-1780005128081-4 ÔÇö conteudo_json aplicado
  OK amauc-enfermagem-processo-de-enfermagem-1780005128081-5 ÔÇö conteudo_json aplicado
  OK amauc-enfermagem-processo-de-enfermagem-1780005128081-6 ÔÇö conteudo_json aplicado
  OK amauc-enfermagem-processo-de-enfermagem-1780006486032-5 ÔÇö conteudo_json aplicado
  OK amauc-enfermagem-processo-de-enfermagem-1780006486032-6 ÔÇö conteudo_json aplicado
  OK amauc-enfermagem-processo-de-enfermagem-1780006486032-7 ÔÇö conteudo_json aplicado
  OK amauc-enfermagem-processo-de-enfermagem-1780006486032-8 ÔÇö conteudo_json aplicado
  OK amauc-enfermagem-processo-de-enfermagem-1780006486032-9 ÔÇö conteudo_json aplicado
  OK ameosc-enfermagem-processo-de-enfermagem-1776056129848-6 ÔÇö conteudo_json aplicado
[catalog:apply-lote] report=C:\AVANT\artifacts\catalog-migration-processo-de-enfermagem-lote-01-applied.json

=== processo-de-enfermagem-lote-02 2026-06-09T18:35:30.2632765-03:00 ===

> avant@0.1.0 catalog:apply-lote
> tsx scripts/catalog-migration-apply-lote.ts --lote=processo-de-enfermagem-lote-02 --apply

[catalog:apply-lote] lote=processo-de-enfermagem-lote-02 mode=apply
[catalog:apply-lote] ok=50 skipped=0 failed=0
  OK ameosc-enfermagem-processo-de-enfermagem-1776056129848-7 ÔÇö conteudo_json aplicado
  OK ameosc-enfermagem-processo-de-enfermagem-1776056158507-0 ÔÇö conteudo_json aplicado
  OK ameosc-enfermagem-processo-de-enfermagem-1776056158507-4 ÔÇö conteudo_json aplicado
  OK ameosc-enfermagem-processo-de-enfermagem-1776056158507-5 ÔÇö conteudo_json aplicado
  OK ameosc-enfermagem-processo-de-enfermagem-1776056158507-6 ÔÇö conteudo_json aplicado
  OK ameosc-enfermagem-processo-de-enfermagem-1776056158507-7 ÔÇö conteudo_json aplicado
  OK ameosc-enfermagem-processo-de-enfermagem-1776056181857-0 ÔÇö conteudo_json aplicado
  OK ameosc-enfermagem-processo-de-enfermagem-1776056181857-2 ÔÇö conteudo_json aplicado
  OK ameosc-enfermagem-processo-de-enfermagem-1776056181857-3 ÔÇö conteudo_json aplicado
  OK ameosc-enfermagem-processo-de-enfermagem-1776056181857-4 ÔÇö conteudo_json aplicado
  OK ameosc-enfermagem-processo-de-enfermagem-1776056181857-5 ÔÇö conteudo_json aplicado
  OK ameosc-enfermagem-processo-de-enfermagem-1780001613305-1 ÔÇö conteudo_json aplicado
  OK ameosc-enfermagem-processo-de-enfermagem-1780001613305-2 ÔÇö conteudo_json aplicado
  OK ameosc-enfermagem-processo-de-enfermagem-1780001613305-3 ÔÇö conteudo_json aplicado
  OK ameosc-enfermagem-processo-de-enfermagem-1780001613305-4 ÔÇö conteudo_json aplicado
  OK ameosc-enfermagem-processo-de-enfermagem-1780001613305-5 ÔÇö conteudo_json aplicado
  OK ameosc-enfermagem-processo-de-enfermagem-1780001613305-6 ÔÇö conteudo_json aplicado
  OK ameosc-enfermagem-processo-de-enfermagem-1780001613305-7 ÔÇö conteudo_json aplicado
  OK ameosc-enfermagem-processo-de-enfermagem-1780001613305-8 ÔÇö conteudo_json aplicado
  OK ameosc-enfermagem-processo-de-enfermagem-1780001673873-0 ÔÇö conteudo_json aplicado
  OK ameosc-enfermagem-processo-de-enfermagem-1780001673873-1 ÔÇö conteudo_json aplicado
  OK ameosc-enfermagem-processo-de-enfermagem-1780002934000-2 ÔÇö conteudo_json aplicado
  OK ameosc-enfermagem-processo-de-enfermagem-1780002934000-3 ÔÇö conteudo_json aplicado
  OK ameosc-enfermagem-processo-de-enfermagem-1780002934000-4 ÔÇö conteudo_json aplicado
  OK ameosc-enfermagem-processo-de-enfermagem-1780002934000-5 ÔÇö conteudo_json aplicado
  OK ameosc-enfermagem-processo-de-enfermagem-1780002934000-6 ÔÇö conteudo_json aplicado
  OK ameosc-enfermagem-processo-de-enfermagem-1780002934000-7 ÔÇö conteudo_json aplicado
  OK ameosc-enfermagem-processo-de-enfermagem-1780002934000-8 ÔÇö conteudo_json aplicado
  OK ameosc-enfermagem-processo-de-enfermagem-1780002934000-9 ÔÇö conteudo_json aplicado
  OK ameosc-enfermagem-processo-de-enfermagem-1780003031246-0 ÔÇö conteudo_json aplicado
  OK ameosc-enfermagem-processo-de-enfermagem-1780003031246-1 ÔÇö conteudo_json aplicado
  OK ameosc-enfermagem-processo-de-enfermagem-1780003031246-2 ÔÇö conteudo_json aplicado
  OK ameosc-enfermagem-processo-de-enfermagem-1780003031246-3 ÔÇö conteudo_json aplicado
  OK ameosc-enfermagem-processo-de-enfermagem-1780003031246-4 ÔÇö conteudo_json aplicado
  OK ameosc-enfermagem-processo-de-enfermagem-1780003031246-5 ÔÇö conteudo_json aplicado
  OK ameosc-enfermagem-processo-de-enfermagem-1780005556782-5 ÔÇö conteudo_json aplicado
  OK ameosc-enfermagem-processo-de-enfermagem-1780005556782-6 ÔÇö conteudo_json aplicado
  OK ameosc-enfermagem-processo-de-enfermagem-1780005556782-7 ÔÇö conteudo_json aplicado
  OK ameosc-enfermagem-processo-de-enfermagem-1780005556782-8 ÔÇö conteudo_json aplicado
  OK ameosc-enfermagem-processo-de-enfermagem-1780005556782-9 ÔÇö conteudo_json aplicado
  OK ameosc-enfermagem-processo-de-enfermagem-1780005791580-0 ÔÇö conteudo_json aplicado
  OK ameosc-enfermagem-processo-de-enfermagem-1780005791580-1 ÔÇö conteudo_json aplicado
  OK ameosc-enfermagem-processo-de-enfermagem-1780005791580-2 ÔÇö conteudo_json aplicado
  OK ameosc-enfermagem-processo-de-enfermagem-1780005791580-3 ÔÇö conteudo_json aplicado
  OK ameosc-enfermagem-processo-de-enfermagem-1780005791580-4 ÔÇö conteudo_json aplicado
  OK ameosc-enfermagem-processo-de-enfermagem-1780005791580-5 ÔÇö conteudo_json aplicado
  OK ameosc-enfermagem-processo-de-enfermagem-1780005791580-6 ÔÇö conteudo_json aplicado
  OK ameosc-enfermagem-processo-de-enfermagem-1780005791580-7 ÔÇö conteudo_json aplicado
  OK ameosc-enfermagem-processo-de-enfermagem-1780005791580-8 ÔÇö conteudo_json aplicado
  OK ameosc-enfermagem-processo-de-enfermagem-1780008225255-3 ÔÇö conteudo_json aplicado
[catalog:apply-lote] report=C:\AVANT\artifacts\catalog-migration-processo-de-enfermagem-lote-02-applied.json

=== processo-de-enfermagem-lote-03 2026-06-09T18:36:03.3593509-03:00 ===

> avant@0.1.0 catalog:apply-lote
> tsx scripts/catalog-migration-apply-lote.ts --lote=processo-de-enfermagem-lote-03 --apply

[catalog:apply-lote] lote=processo-de-enfermagem-lote-03 mode=apply
[catalog:apply-lote] ok=50 skipped=0 failed=0
  OK ameosc-enfermagem-processo-de-enfermagem-1780008225255-4 ÔÇö conteudo_json aplicado
  OK ameosc-enfermagem-processo-de-enfermagem-1780008225255-5 ÔÇö conteudo_json aplicado
  OK ameosc-enfermagem-processo-de-enfermagem-1780008225255-6 ÔÇö conteudo_json aplicado
  OK ameosc-enfermagem-processo-de-enfermagem-1780008225255-7 ÔÇö conteudo_json aplicado
  OK ameosc-enfermagem-processo-de-enfermagem-1780008225255-8 ÔÇö conteudo_json aplicado
  OK ameosc-enfermagem-processo-de-enfermagem-1780008225255-9 ÔÇö conteudo_json aplicado
  OK ameosc-enfermagem-processo-de-enfermagem-1780008232871-0 ÔÇö conteudo_json aplicado
  OK ameosc-enfermagem-processo-de-enfermagem-1780008232871-1 ÔÇö conteudo_json aplicado
  OK ameosc-enfermagem-processo-de-enfermagem-1780008232871-2 ÔÇö conteudo_json aplicado
  OK ameosc-enfermagem-processo-de-enfermagem-1780008232871-3 ÔÇö conteudo_json aplicado
  OK ameosc-enfermagem-processo-de-enfermagem-1780008232871-4 ÔÇö conteudo_json aplicado
  OK ameosc-enfermagem-processo-de-enfermagem-1780008232871-5 ÔÇö conteudo_json aplicado
  OK ameosc-enfermagem-processo-de-enfermagem-1780011961798-2 ÔÇö conteudo_json aplicado
  OK ameosc-enfermagem-processo-de-enfermagem-1780011961798-3 ÔÇö conteudo_json aplicado
  OK ameosc-enfermagem-processo-de-enfermagem-1780011961798-4 ÔÇö conteudo_json aplicado
  OK ameosc-enfermagem-processo-de-enfermagem-1780011961798-5 ÔÇö conteudo_json aplicado
  OK ameosc-enfermagem-processo-de-enfermagem-1780011961798-6 ÔÇö conteudo_json aplicado
  OK ameosc-enfermagem-processo-de-enfermagem-1780011961798-7 ÔÇö conteudo_json aplicado
  OK ameosc-enfermagem-processo-de-enfermagem-1780011961798-8 ÔÇö conteudo_json aplicado
  OK ameosc-enfermagem-processo-de-enfermagem-1780011961798-9 ÔÇö conteudo_json aplicado
  OK ameosc-enfermagem-processo-de-enfermagem-1780011967989-1 ÔÇö conteudo_json aplicado
  OK avancasp-enfermagem-processo-de-enfermagem-1776056009428-6 ÔÇö conteudo_json aplicado
  OK avancasp-enfermagem-processo-de-enfermagem-1776056009428-8 ÔÇö conteudo_json aplicado
  OK avancasp-enfermagem-processo-de-enfermagem-1780002714111-0 ÔÇö conteudo_json aplicado
  OK avancasp-enfermagem-processo-de-enfermagem-1780002714111-1 ÔÇö conteudo_json aplicado
  OK avancasp-enfermagem-processo-de-enfermagem-1780002714111-2 ÔÇö conteudo_json aplicado
  OK avancasp-enfermagem-processo-de-enfermagem-1780002714111-3 ÔÇö conteudo_json aplicado
  OK avancasp-enfermagem-processo-de-enfermagem-1780002714111-4 ÔÇö conteudo_json aplicado
  OK avancasp-enfermagem-processo-de-enfermagem-1780002714111-5 ÔÇö conteudo_json aplicado
  OK avancasp-enfermagem-processo-de-enfermagem-1780002714111-6 ÔÇö conteudo_json aplicado
  OK avancasp-enfermagem-processo-de-enfermagem-1780002714111-7 ÔÇö conteudo_json aplicado
  OK avancasp-enfermagem-processo-de-enfermagem-1780002714111-8 ÔÇö conteudo_json aplicado
  OK avancasp-enfermagem-processo-de-enfermagem-1780002714111-9 ÔÇö conteudo_json aplicado
  OK avancasp-enfermagem-processo-de-enfermagem-1780002834059-0 ÔÇö conteudo_json aplicado
  OK avancasp-enfermagem-processo-de-enfermagem-1780002834059-1 ÔÇö conteudo_json aplicado
  OK avancasp-enfermagem-processo-de-enfermagem-1780002834059-2 ÔÇö conteudo_json aplicado
  OK avancasp-enfermagem-processo-de-enfermagem-1780002834059-3 ÔÇö conteudo_json aplicado
  OK avancasp-enfermagem-processo-de-enfermagem-1780002834059-4 ÔÇö conteudo_json aplicado
  OK avancasp-enfermagem-processo-de-enfermagem-1780002834059-5 ÔÇö conteudo_json aplicado
  OK avancasp-enfermagem-processo-de-enfermagem-1780002834059-6 ÔÇö conteudo_json aplicado
  OK avancasp-enfermagem-processo-de-enfermagem-1780002834059-7 ÔÇö conteudo_json aplicado
  OK avancasp-enfermagem-processo-de-enfermagem-1780002834059-8 ÔÇö conteudo_json aplicado
  OK avancasp-enfermagem-processo-de-enfermagem-1780002834059-9 ÔÇö conteudo_json aplicado
  OK avancasp-enfermagem-processo-de-enfermagem-1780002845055-0 ÔÇö conteudo_json aplicado
  OK avancasp-enfermagem-processo-de-enfermagem-1780002845055-1 ÔÇö conteudo_json aplicado
  OK avancasp-enfermagem-processo-de-enfermagem-1780002845055-2 ÔÇö conteudo_json aplicado
  OK avancasp-enfermagem-processo-de-enfermagem-1780002845055-3 ÔÇö conteudo_json aplicado
  OK avancasp-enfermagem-processo-de-enfermagem-1780002845055-4 ÔÇö conteudo_json aplicado
  OK avancasp-enfermagem-processo-de-enfermagem-1780002845055-5 ÔÇö conteudo_json aplicado
  OK avancasp-enfermagem-processo-de-enfermagem-1780002845055-6 ÔÇö conteudo_json aplicado
[catalog:apply-lote] report=C:\AVANT\artifacts\catalog-migration-processo-de-enfermagem-lote-03-applied.json

=== processo-de-enfermagem-lote-04 2026-06-09T18:36:34.7141787-03:00 ===

> avant@0.1.0 catalog:apply-lote
> tsx scripts/catalog-migration-apply-lote.ts --lote=processo-de-enfermagem-lote-04 --apply

[catalog:apply-lote] lote=processo-de-enfermagem-lote-04 mode=apply
[catalog:apply-lote] ok=50 skipped=0 failed=0
  OK avancasp-enfermagem-processo-de-enfermagem-1780002845055-7 ÔÇö conteudo_json aplicado
  OK avancasp-enfermagem-processo-de-enfermagem-1780002845055-8 ÔÇö conteudo_json aplicado
  OK avancasp-enfermagem-processo-de-enfermagem-1780002845055-9 ÔÇö conteudo_json aplicado
  OK avancasp-enfermagem-processo-de-enfermagem-1780002934000-0 ÔÇö conteudo_json aplicado
  OK avancasp-enfermagem-processo-de-enfermagem-1780002934000-1 ÔÇö conteudo_json aplicado
  OK avancasp-enfermagem-processo-de-enfermagem-1780003031246-6 ÔÇö conteudo_json aplicado
  OK avancasp-enfermagem-processo-de-enfermagem-1780003031246-7 ÔÇö conteudo_json aplicado
  OK avancasp-enfermagem-processo-de-enfermagem-1780003031246-8 ÔÇö conteudo_json aplicado
  OK avancasp-enfermagem-processo-de-enfermagem-1780003031246-9 ÔÇö conteudo_json aplicado
  OK avancasp-enfermagem-processo-de-enfermagem-1780003137298-0 ÔÇö conteudo_json aplicado
  OK avancasp-enfermagem-processo-de-enfermagem-1780003137298-1 ÔÇö conteudo_json aplicado
  OK avancasp-enfermagem-processo-de-enfermagem-1780003137298-2 ÔÇö conteudo_json aplicado
  OK avancasp-enfermagem-processo-de-enfermagem-1780003137298-3 ÔÇö conteudo_json aplicado
  OK avancasp-enfermagem-processo-de-enfermagem-1780003137298-4 ÔÇö conteudo_json aplicado
  OK avancasp-enfermagem-processo-de-enfermagem-1780003137298-5 ÔÇö conteudo_json aplicado
  OK avancasp-enfermagem-processo-de-enfermagem-1780003137298-6 ÔÇö conteudo_json aplicado
  OK avancasp-enfermagem-processo-de-enfermagem-1780003137298-7 ÔÇö conteudo_json aplicado
  OK avancasp-enfermagem-processo-de-enfermagem-1780003137298-8 ÔÇö conteudo_json aplicado
  OK avancasp-enfermagem-processo-de-enfermagem-1780003137298-9 ÔÇö conteudo_json aplicado
  OK avancasp-enfermagem-processo-de-enfermagem-1780003261833-0 ÔÇö conteudo_json aplicado
  OK avancasp-enfermagem-processo-de-enfermagem-1780003261833-1 ÔÇö conteudo_json aplicado
  OK avancasp-enfermagem-processo-de-enfermagem-1780003261833-2 ÔÇö conteudo_json aplicado
  OK avancasp-enfermagem-processo-de-enfermagem-1780003709908-1 ÔÇö conteudo_json aplicado
  OK avancasp-enfermagem-processo-de-enfermagem-1780003709908-2 ÔÇö conteudo_json aplicado
  OK avancasp-enfermagem-processo-de-enfermagem-1780003709908-3 ÔÇö conteudo_json aplicado
  OK avancasp-enfermagem-processo-de-enfermagem-1780003709908-4 ÔÇö conteudo_json aplicado
  OK avancasp-enfermagem-processo-de-enfermagem-1780003709908-5 ÔÇö conteudo_json aplicado
  OK avancasp-enfermagem-processo-de-enfermagem-1780003709908-6 ÔÇö conteudo_json aplicado
  OK avancasp-enfermagem-processo-de-enfermagem-1780003709908-7 ÔÇö conteudo_json aplicado
  OK avancasp-enfermagem-processo-de-enfermagem-1780003709908-8 ÔÇö conteudo_json aplicado
  OK avancasp-enfermagem-processo-de-enfermagem-1780003709908-9 ÔÇö conteudo_json aplicado
  OK avancasp-enfermagem-processo-de-enfermagem-1780003793968-0 ÔÇö conteudo_json aplicado
  OK avancasp-enfermagem-processo-de-enfermagem-1780003793968-1 ÔÇö conteudo_json aplicado
  OK avancasp-enfermagem-processo-de-enfermagem-1780003793968-2 ÔÇö conteudo_json aplicado
  OK avancasp-enfermagem-processo-de-enfermagem-1780003793968-3 ÔÇö conteudo_json aplicado
  OK avancasp-enfermagem-processo-de-enfermagem-1780003793968-4 ÔÇö conteudo_json aplicado
  OK avancasp-enfermagem-processo-de-enfermagem-1780003793968-5 ÔÇö conteudo_json aplicado
  OK avancasp-enfermagem-processo-de-enfermagem-1780003793968-6 ÔÇö conteudo_json aplicado
  OK avancasp-enfermagem-processo-de-enfermagem-1780003793968-7 ÔÇö conteudo_json aplicado
  OK avancasp-enfermagem-processo-de-enfermagem-1780003793968-8 ÔÇö conteudo_json aplicado
  OK avancasp-enfermagem-processo-de-enfermagem-1780003793968-9 ÔÇö conteudo_json aplicado
  OK avancasp-enfermagem-processo-de-enfermagem-1780003868364-0 ÔÇö conteudo_json aplicado
  OK avancasp-enfermagem-processo-de-enfermagem-1780006444165-0 ÔÇö conteudo_json aplicado
  OK avancasp-enfermagem-processo-de-enfermagem-1780006444165-1 ÔÇö conteudo_json aplicado
  OK avancasp-enfermagem-processo-de-enfermagem-1780006444165-2 ÔÇö conteudo_json aplicado
  OK avancasp-enfermagem-processo-de-enfermagem-1780006444165-3 ÔÇö conteudo_json aplicado
  OK avancasp-enfermagem-processo-de-enfermagem-1780006444165-4 ÔÇö conteudo_json aplicado
  OK avancasp-enfermagem-processo-de-enfermagem-1780006444165-5 ÔÇö conteudo_json aplicado
  OK avancasp-enfermagem-processo-de-enfermagem-1780006444165-6 ÔÇö conteudo_json aplicado
  OK avancasp-enfermagem-processo-de-enfermagem-1780006444165-7 ÔÇö conteudo_json aplicado
[catalog:apply-lote] report=C:\AVANT\artifacts\catalog-migration-processo-de-enfermagem-lote-04-applied.json

=== processo-de-enfermagem-lote-05 2026-06-09T18:37:07.7755626-03:00 ===

> avant@0.1.0 catalog:apply-lote
> tsx scripts/catalog-migration-apply-lote.ts --lote=processo-de-enfermagem-lote-05 --apply

[catalog:apply-lote] lote=processo-de-enfermagem-lote-05 mode=apply
[catalog:apply-lote] ok=50 skipped=0 failed=0
  OK avancasp-enfermagem-processo-de-enfermagem-1780006444165-8 ÔÇö conteudo_json aplicado
  OK avancasp-enfermagem-processo-de-enfermagem-1780006444165-9 ÔÇö conteudo_json aplicado
  OK avancasp-enfermagem-processo-de-enfermagem-1780006456417-0 ÔÇö conteudo_json aplicado
  OK avancasp-enfermagem-processo-de-enfermagem-1780006456417-1 ÔÇö conteudo_json aplicado
  OK avancasp-enfermagem-processo-de-enfermagem-1780006456417-2 ÔÇö conteudo_json aplicado
  OK avancasp-enfermagem-processo-de-enfermagem-1780006456417-3 ÔÇö conteudo_json aplicado
  OK avancasp-enfermagem-processo-de-enfermagem-1780006456417-4 ÔÇö conteudo_json aplicado
  OK avancasp-enfermagem-processo-de-enfermagem-1780006456417-5 ÔÇö conteudo_json aplicado
  OK avancasp-enfermagem-processo-de-enfermagem-1780006456417-6 ÔÇö conteudo_json aplicado
  OK avancasp-enfermagem-processo-de-enfermagem-1780006456417-7 ÔÇö conteudo_json aplicado
  OK avancasp-enfermagem-processo-de-enfermagem-1780006456417-8 ÔÇö conteudo_json aplicado
  OK avancasp-enfermagem-processo-de-enfermagem-1780011859940-4 ÔÇö conteudo_json aplicado
  OK avancasp-enfermagem-processo-de-enfermagem-1780011859940-5 ÔÇö conteudo_json aplicado
  OK avancasp-enfermagem-processo-de-enfermagem-1780011859940-6 ÔÇö conteudo_json aplicado
  OK avancasp-enfermagem-processo-de-enfermagem-1780011859940-7 ÔÇö conteudo_json aplicado
  OK avancasp-enfermagem-processo-de-enfermagem-1780011859940-8 ÔÇö conteudo_json aplicado
  OK avancasp-enfermagem-processo-de-enfermagem-1780011859940-9 ÔÇö conteudo_json aplicado
  OK avancasp-enfermagem-processo-de-enfermagem-1780011872350-0 ÔÇö conteudo_json aplicado
  OK avancasp-enfermagem-processo-de-enfermagem-1780011872350-1 ÔÇö conteudo_json aplicado
  OK avancasp-enfermagem-processo-de-enfermagem-1780011872350-2 ÔÇö conteudo_json aplicado
  OK avancasp-enfermagem-processo-de-enfermagem-1780011872350-3 ÔÇö conteudo_json aplicado
  OK avancasp-enfermagem-processo-de-enfermagem-1780011872350-4 ÔÇö conteudo_json aplicado
  OK avancasp-enfermagem-processo-de-enfermagem-1780011872350-5 ÔÇö conteudo_json aplicado
  OK avancasp-enfermagem-processo-de-enfermagem-1780011872350-6 ÔÇö conteudo_json aplicado
  OK cebraspe-cespe-enfermagem-processo-de-enfermagem-1780001742844-7 ÔÇö conteudo_json aplicado
  OK cebraspe-cespe-enfermagem-processo-de-enfermagem-1780001742844-8 ÔÇö conteudo_json aplicado
  OK cebraspe-cespe-enfermagem-processo-de-enfermagem-1780001742844-9 ÔÇö conteudo_json aplicado
  OK cebraspe-cespe-enfermagem-processo-de-enfermagem-1780001790945-0 ÔÇö conteudo_json aplicado
  OK cebraspe-cespe-enfermagem-processo-de-enfermagem-1780001790945-1 ÔÇö conteudo_json aplicado
  OK cebraspe-cespe-enfermagem-processo-de-enfermagem-1780001790945-2 ÔÇö conteudo_json aplicado
  OK cebraspe-cespe-enfermagem-processo-de-enfermagem-1780001790945-3 ÔÇö conteudo_json aplicado
  OK cebraspe-cespe-enfermagem-processo-de-enfermagem-1780001790945-4 ÔÇö conteudo_json aplicado
  OK cebraspe-cespe-enfermagem-processo-de-enfermagem-1780001790945-5 ÔÇö conteudo_json aplicado
  OK cebraspe-cespe-enfermagem-processo-de-enfermagem-1780001790945-6 ÔÇö conteudo_json aplicado
  OK cebraspe-cespe-enfermagem-processo-de-enfermagem-1780001790945-7 ÔÇö conteudo_json aplicado
  OK cebraspe-cespe-enfermagem-processo-de-enfermagem-1780001790945-8 ÔÇö conteudo_json aplicado
  OK cev-urca-enfermagem-processo-de-enfermagem-1780006494066-0 ÔÇö conteudo_json aplicado
  OK cev-urca-enfermagem-processo-de-enfermagem-1780006494066-1 ÔÇö conteudo_json aplicado
  OK cev-urca-enfermagem-processo-de-enfermagem-1780006494066-2 ÔÇö conteudo_json aplicado
  OK cev-urca-enfermagem-processo-de-enfermagem-1780006494066-3 ÔÇö conteudo_json aplicado
  OK cev-urca-enfermagem-processo-de-enfermagem-1780006494066-4 ÔÇö conteudo_json aplicado
  OK cev-urca-enfermagem-processo-de-enfermagem-1780006494066-5 ÔÇö conteudo_json aplicado
  OK cev-urca-enfermagem-processo-de-enfermagem-1780006494066-6 ÔÇö conteudo_json aplicado
  OK cev-urca-enfermagem-processo-de-enfermagem-1780006494066-7 ÔÇö conteudo_json aplicado
  OK cev-urca-enfermagem-processo-de-enfermagem-1780006494066-8 ÔÇö conteudo_json aplicado
  OK cev-urca-enfermagem-processo-de-enfermagem-1780006947080-0 ÔÇö conteudo_json aplicado
  OK copese-uft-enfermagem-processo-de-enfermagem-1776056021381-8 ÔÇö conteudo_json aplicado
  OK cotec-fadenor-enfermagem-processo-de-enfermagem-1780002389285-0 ÔÇö conteudo_json aplicado
  OK cotec-fadenor-enfermagem-processo-de-enfermagem-1780002389285-1 ÔÇö conteudo_json aplicado
  OK cotec-fadenor-enfermagem-processo-de-enfermagem-1780002389285-2 ÔÇö conteudo_json aplicado
[catalog:apply-lote] report=C:\AVANT\artifacts\catalog-migration-processo-de-enfermagem-lote-05-applied.json

=== processo-de-enfermagem-lote-06 2026-06-09T18:37:39.2705943-03:00 ===

> avant@0.1.0 catalog:apply-lote
> tsx scripts/catalog-migration-apply-lote.ts --lote=processo-de-enfermagem-lote-06 --apply

[catalog:apply-lote] lote=processo-de-enfermagem-lote-06 mode=apply
[catalog:apply-lote] ok=50 skipped=0 failed=0
  OK cotec-fadenor-enfermagem-processo-de-enfermagem-1780002389285-3 ÔÇö conteudo_json aplicado
  OK cotec-fadenor-enfermagem-processo-de-enfermagem-1780002389285-4 ÔÇö conteudo_json aplicado
  OK cotec-fadenor-enfermagem-processo-de-enfermagem-1780002389285-5 ÔÇö conteudo_json aplicado
  OK cotec-fadenor-enfermagem-processo-de-enfermagem-1780002389285-6 ÔÇö conteudo_json aplicado
  OK cotec-fadenor-enfermagem-processo-de-enfermagem-1780002389285-7 ÔÇö conteudo_json aplicado
  OK cotec-fadenor-enfermagem-processo-de-enfermagem-1780002389285-8 ÔÇö conteudo_json aplicado
  OK cotec-fadenor-enfermagem-processo-de-enfermagem-1780010573104-5 ÔÇö conteudo_json aplicado
  OK cotec-fadenor-enfermagem-processo-de-enfermagem-1780010573104-6 ÔÇö conteudo_json aplicado
  OK cotec-fadenor-enfermagem-processo-de-enfermagem-1780010573104-7 ÔÇö conteudo_json aplicado
  OK cotec-fadenor-enfermagem-processo-de-enfermagem-1780010573104-8 ÔÇö conteudo_json aplicado
  OK cotec-fadenor-enfermagem-processo-de-enfermagem-1780010573104-9 ÔÇö conteudo_json aplicado
  OK cotec-fadenor-enfermagem-processo-de-enfermagem-1780010579953-0 ÔÇö conteudo_json aplicado
  OK cotec-fadenor-enfermagem-processo-de-enfermagem-1780010579953-1 ÔÇö conteudo_json aplicado
  OK cotec-fadenor-enfermagem-processo-de-enfermagem-1780010579953-2 ÔÇö conteudo_json aplicado
  OK cotec-fadenor-enfermagem-processo-de-enfermagem-1780010579953-3 ÔÇö conteudo_json aplicado
  OK cotec-fadenor-enfermagem-processo-de-enfermagem-1780010579953-4 ÔÇö conteudo_json aplicado
  OK cpcon-uepb-enfermagem-processo-de-enfermagem-1780003261833-3 ÔÇö conteudo_json aplicado
  OK cpcon-uepb-enfermagem-processo-de-enfermagem-1780003261833-4 ÔÇö conteudo_json aplicado
  OK cpcon-uepb-enfermagem-processo-de-enfermagem-1780003261833-5 ÔÇö conteudo_json aplicado
  OK cpcon-uepb-enfermagem-processo-de-enfermagem-1780003261833-6 ÔÇö conteudo_json aplicado
  OK cpcon-uepb-enfermagem-processo-de-enfermagem-1780003261833-7 ÔÇö conteudo_json aplicado
  OK cpcon-uepb-enfermagem-processo-de-enfermagem-1780003261833-8 ÔÇö conteudo_json aplicado
  OK cpcon-uepb-enfermagem-processo-de-enfermagem-1780003261833-9 ÔÇö conteudo_json aplicado
  OK cpcon-uepb-enfermagem-processo-de-enfermagem-1780003349182-0 ÔÇö conteudo_json aplicado
  OK cpcon-uepb-enfermagem-processo-de-enfermagem-1780003349182-1 ÔÇö conteudo_json aplicado
  OK cpcon-uepb-enfermagem-processo-de-enfermagem-1780003654722-3 ÔÇö conteudo_json aplicado
  OK cpcon-uepb-enfermagem-processo-de-enfermagem-1780003654722-4 ÔÇö conteudo_json aplicado
  OK cpcon-uepb-enfermagem-processo-de-enfermagem-1780003654722-5 ÔÇö conteudo_json aplicado
  OK cpcon-uepb-enfermagem-processo-de-enfermagem-1780003654722-6 ÔÇö conteudo_json aplicado
  OK cpcon-uepb-enfermagem-processo-de-enfermagem-1780003654722-7 ÔÇö conteudo_json aplicado
  OK cpcon-uepb-enfermagem-processo-de-enfermagem-1780003654722-8 ÔÇö conteudo_json aplicado
  OK cpcon-uepb-enfermagem-processo-de-enfermagem-1780003654722-9 ÔÇö conteudo_json aplicado
  OK cpcon-uepb-enfermagem-processo-de-enfermagem-1780003709908-0 ÔÇö conteudo_json aplicado
  OK cpcon-uepb-enfermagem-processo-de-enfermagem-1780003868364-1 ÔÇö conteudo_json aplicado
  OK cpcon-uepb-enfermagem-processo-de-enfermagem-1780003868364-2 ÔÇö conteudo_json aplicado
  OK cpcon-uepb-enfermagem-processo-de-enfermagem-1780003868364-3 ÔÇö conteudo_json aplicado
  OK cpcon-uepb-enfermagem-processo-de-enfermagem-1780003868364-4 ÔÇö conteudo_json aplicado
  OK cpcon-uepb-enfermagem-processo-de-enfermagem-1780003868364-5 ÔÇö conteudo_json aplicado
  OK cpcon-uepb-enfermagem-processo-de-enfermagem-1780003868364-6 ÔÇö conteudo_json aplicado
  OK cpcon-uepb-enfermagem-processo-de-enfermagem-1780007238824-0 ÔÇö conteudo_json aplicado
  OK cpcon-uepb-enfermagem-processo-de-enfermagem-1780007238824-1 ÔÇö conteudo_json aplicado
  OK cpcon-uepb-enfermagem-processo-de-enfermagem-1780007238824-2 ÔÇö conteudo_json aplicado
  OK cpcon-uepb-enfermagem-processo-de-enfermagem-1780007238824-3 ÔÇö conteudo_json aplicado
  OK cpcon-uepb-enfermagem-processo-de-enfermagem-1780007238824-4 ÔÇö conteudo_json aplicado
  OK cpcon-uepb-enfermagem-processo-de-enfermagem-1780007238824-5 ÔÇö conteudo_json aplicado
  OK cpcon-uepb-enfermagem-processo-de-enfermagem-1780007238824-6 ÔÇö conteudo_json aplicado
  OK cpcon-uepb-enfermagem-processo-de-enfermagem-1780007238824-7 ÔÇö conteudo_json aplicado
  OK cpcon-uepb-enfermagem-processo-de-enfermagem-1780007238824-8 ÔÇö conteudo_json aplicado
  OK cpcon-uepb-enfermagem-processo-de-enfermagem-1780007238824-9 ÔÇö conteudo_json aplicado
  OK cpcon-uepb-enfermagem-processo-de-enfermagem-1780007246385-0 ÔÇö conteudo_json aplicado
[catalog:apply-lote] report=C:\AVANT\artifacts\catalog-migration-processo-de-enfermagem-lote-06-applied.json

=== processo-de-enfermagem-lote-07 2026-06-09T18:38:09.8860033-03:00 ===

> avant@0.1.0 catalog:apply-lote
> tsx scripts/catalog-migration-apply-lote.ts --lote=processo-de-enfermagem-lote-07 --apply

[catalog:apply-lote] lote=processo-de-enfermagem-lote-07 mode=apply
[catalog:apply-lote] ok=50 skipped=0 failed=0
  OK cpcon-uepb-enfermagem-processo-de-enfermagem-1780007246385-1 ÔÇö conteudo_json aplicado
  OK cpcon-uepb-enfermagem-processo-de-enfermagem-1780007246385-2 ÔÇö conteudo_json aplicado
  OK cpcon-uepb-enfermagem-processo-de-enfermagem-1780007246385-3 ÔÇö conteudo_json aplicado
  OK decorp-enfermagem-processo-de-enfermagem-1776056158507-1 ÔÇö conteudo_json aplicado
  OK decorp-enfermagem-processo-de-enfermagem-1776056158507-2 ÔÇö conteudo_json aplicado
  OK educa-pb-enfermagem-processo-de-enfermagem-1776056149404-0 ÔÇö conteudo_json aplicado
  OK educa-pb-enfermagem-processo-de-enfermagem-1776056181857-1 ÔÇö conteudo_json aplicado
  OK educa-pb-enfermagem-processo-de-enfermagem-1780007246385-4 ÔÇö conteudo_json aplicado
  OK educa-pb-enfermagem-processo-de-enfermagem-1780007246385-5 ÔÇö conteudo_json aplicado
  OK educa-pb-enfermagem-processo-de-enfermagem-1780007246385-6 ÔÇö conteudo_json aplicado
  OK educa-pb-enfermagem-processo-de-enfermagem-1780007246385-7 ÔÇö conteudo_json aplicado
  OK educa-pb-enfermagem-processo-de-enfermagem-1780007246385-8 ÔÇö conteudo_json aplicado
  OK educa-pb-enfermagem-processo-de-enfermagem-1780007246385-9 ÔÇö conteudo_json aplicado
  OK educa-pb-enfermagem-processo-de-enfermagem-1780008197597-0 ÔÇö conteudo_json aplicado
  OK educa-pb-enfermagem-processo-de-enfermagem-1780008197597-1 ÔÇö conteudo_json aplicado
  OK educa-pb-enfermagem-processo-de-enfermagem-1780008197597-2 ÔÇö conteudo_json aplicado
  OK facet-enfermagem-processo-de-enfermagem-1776056129848-8 ÔÇö conteudo_json aplicado
  OK fafipa-enfermagem-processo-de-enfermagem-1780009379028-6 ÔÇö conteudo_json aplicado
  OK fafipa-enfermagem-processo-de-enfermagem-1780009379028-7 ÔÇö conteudo_json aplicado
  OK fafipa-enfermagem-processo-de-enfermagem-1780009379028-8 ÔÇö conteudo_json aplicado
  OK fafipa-enfermagem-processo-de-enfermagem-1780009379028-9 ÔÇö conteudo_json aplicado
  OK fafipa-enfermagem-processo-de-enfermagem-1780009386446-0 ÔÇö conteudo_json aplicado
  OK fafipa-enfermagem-processo-de-enfermagem-1780009386446-1 ÔÇö conteudo_json aplicado
  OK fafipa-enfermagem-processo-de-enfermagem-1780009386446-2 ÔÇö conteudo_json aplicado
  OK fafipa-enfermagem-processo-de-enfermagem-1780009386446-3 ÔÇö conteudo_json aplicado
  OK fafipa-enfermagem-processo-de-enfermagem-1780009386446-4 ÔÇö conteudo_json aplicado
  OK fafipa-enfermagem-processo-de-enfermagem-1780009386446-5 ÔÇö conteudo_json aplicado
  OK fafipa-enfermagem-processo-de-enfermagem-1780009386446-6 ÔÇö conteudo_json aplicado
  OK fafipa-enfermagem-processo-de-enfermagem-1780009386446-7 ÔÇö conteudo_json aplicado
  OK fafipa-enfermagem-processo-de-enfermagem-1780009386446-8 ÔÇö conteudo_json aplicado
  OK fafipa-enfermagem-processo-de-enfermagem-1780009386446-9 ÔÇö conteudo_json aplicado
  OK fafipa-enfermagem-processo-de-enfermagem-1780009392850-0 ÔÇö conteudo_json aplicado
  OK fafipa-enfermagem-processo-de-enfermagem-1780009392850-1 ÔÇö conteudo_json aplicado
  OK fafipa-enfermagem-processo-de-enfermagem-1780009392850-2 ÔÇö conteudo_json aplicado
  OK fafipa-enfermagem-processo-de-enfermagem-1780009392850-3 ÔÇö conteudo_json aplicado
  OK fafipa-enfermagem-processo-de-enfermagem-1780009392850-4 ÔÇö conteudo_json aplicado
  OK fau-unicentro-enfermagem-processo-de-enfermagem-1776056129848-3 ÔÇö conteudo_json aplicado
  OK fau-unicentro-enfermagem-processo-de-enfermagem-1780002217274-5 ÔÇö conteudo_json aplicado
  OK fau-unicentro-enfermagem-processo-de-enfermagem-1780002217274-6 ÔÇö conteudo_json aplicado
  OK fau-unicentro-enfermagem-processo-de-enfermagem-1780002217274-7 ÔÇö conteudo_json aplicado
  OK fau-unicentro-enfermagem-processo-de-enfermagem-1780002217274-8 ÔÇö conteudo_json aplicado
  OK fau-unicentro-enfermagem-processo-de-enfermagem-1780002217274-9 ÔÇö conteudo_json aplicado
  OK fau-unicentro-enfermagem-processo-de-enfermagem-1780002375665-0 ÔÇö conteudo_json aplicado
  OK fau-unicentro-enfermagem-processo-de-enfermagem-1780002375665-1 ÔÇö conteudo_json aplicado
  OK fau-unicentro-enfermagem-processo-de-enfermagem-1780002375665-2 ÔÇö conteudo_json aplicado
  OK fau-unicentro-enfermagem-processo-de-enfermagem-1780002375665-3 ÔÇö conteudo_json aplicado
  OK fau-unicentro-enfermagem-processo-de-enfermagem-1780002375665-4 ÔÇö conteudo_json aplicado
  OK fau-unicentro-enfermagem-processo-de-enfermagem-1780002375665-5 ÔÇö conteudo_json aplicado
  OK fau-unicentro-enfermagem-processo-de-enfermagem-1780002375665-6 ÔÇö conteudo_json aplicado
  OK fau-unicentro-enfermagem-processo-de-enfermagem-1780002375665-7 ÔÇö conteudo_json aplicado
[catalog:apply-lote] report=C:\AVANT\artifacts\catalog-migration-processo-de-enfermagem-lote-07-applied.json

=== processo-de-enfermagem-lote-08 2026-06-09T18:38:42.8834244-03:00 ===

> avant@0.1.0 catalog:apply-lote
> tsx scripts/catalog-migration-apply-lote.ts --lote=processo-de-enfermagem-lote-08 --apply

[catalog:apply-lote] lote=processo-de-enfermagem-lote-08 mode=apply
[catalog:apply-lote] ok=50 skipped=0 failed=0
  OK fau-unicentro-enfermagem-processo-de-enfermagem-1780002375665-8 ÔÇö conteudo_json aplicado
  OK fau-unicentro-enfermagem-processo-de-enfermagem-1780002375665-9 ÔÇö conteudo_json aplicado
  OK fau-unicentro-enfermagem-processo-de-enfermagem-1780002549800-5 ÔÇö conteudo_json aplicado
  OK fau-unicentro-enfermagem-processo-de-enfermagem-1780002549800-6 ÔÇö conteudo_json aplicado
  OK fau-unicentro-enfermagem-processo-de-enfermagem-1780002549800-7 ÔÇö conteudo_json aplicado
  OK fau-unicentro-enfermagem-processo-de-enfermagem-1780002549800-8 ÔÇö conteudo_json aplicado
  OK fau-unicentro-enfermagem-processo-de-enfermagem-1780002549800-9 ÔÇö conteudo_json aplicado
  OK fau-unicentro-enfermagem-processo-de-enfermagem-1780002704012-0 ÔÇö conteudo_json aplicado
  OK fau-unicentro-enfermagem-processo-de-enfermagem-1780002704012-1 ÔÇö conteudo_json aplicado
  OK fau-unicentro-enfermagem-processo-de-enfermagem-1780002704012-2 ÔÇö conteudo_json aplicado
  OK fau-unicentro-enfermagem-processo-de-enfermagem-1780002704012-3 ÔÇö conteudo_json aplicado
  OK fau-unicentro-enfermagem-processo-de-enfermagem-1780002704012-4 ÔÇö conteudo_json aplicado
  OK fau-unicentro-enfermagem-processo-de-enfermagem-1780002704012-5 ÔÇö conteudo_json aplicado
  OK fau-unicentro-enfermagem-processo-de-enfermagem-1780002704012-6 ÔÇö conteudo_json aplicado
  OK fau-unicentro-enfermagem-processo-de-enfermagem-1780002704012-7 ÔÇö conteudo_json aplicado
  OK fau-unicentro-enfermagem-processo-de-enfermagem-1780002704012-8 ÔÇö conteudo_json aplicado
  OK fau-unicentro-enfermagem-processo-de-enfermagem-1780002704012-9 ÔÇö conteudo_json aplicado
  OK fau-unicentro-enfermagem-processo-de-enfermagem-1780009366805-0 ÔÇö conteudo_json aplicado
  OK fau-unicentro-enfermagem-processo-de-enfermagem-1780009366805-1 ÔÇö conteudo_json aplicado
  OK fau-unicentro-enfermagem-processo-de-enfermagem-1780009366805-2 ÔÇö conteudo_json aplicado
  OK fau-unicentro-enfermagem-processo-de-enfermagem-1780009366805-3 ÔÇö conteudo_json aplicado
  OK fau-unicentro-enfermagem-processo-de-enfermagem-1780009366805-4 ÔÇö conteudo_json aplicado
  OK fau-unicentro-enfermagem-processo-de-enfermagem-1780009366805-5 ÔÇö conteudo_json aplicado
  OK fau-unicentro-enfermagem-processo-de-enfermagem-1780009366805-6 ÔÇö conteudo_json aplicado
  OK fau-unicentro-enfermagem-processo-de-enfermagem-1780009366805-7 ÔÇö conteudo_json aplicado
  OK fau-unicentro-enfermagem-processo-de-enfermagem-1780009366805-8 ÔÇö conteudo_json aplicado
  OK fau-unicentro-enfermagem-processo-de-enfermagem-1780009366805-9 ÔÇö conteudo_json aplicado
  OK fau-unicentro-enfermagem-processo-de-enfermagem-1780009379028-0 ÔÇö conteudo_json aplicado
  OK fau-unicentro-enfermagem-processo-de-enfermagem-1780009379028-1 ÔÇö conteudo_json aplicado
  OK fau-unicentro-enfermagem-processo-de-enfermagem-1780009379028-2 ÔÇö conteudo_json aplicado
  OK fau-unicentro-enfermagem-processo-de-enfermagem-1780009379028-3 ÔÇö conteudo_json aplicado
  OK fau-unicentro-enfermagem-processo-de-enfermagem-1780009379028-4 ÔÇö conteudo_json aplicado
  OK fau-unicentro-enfermagem-processo-de-enfermagem-1780009379028-5 ÔÇö conteudo_json aplicado
  OK fcc-enfermagem-processo-de-enfermagem-1776056140199-5 ÔÇö conteudo_json aplicado
  OK fcpc-enfermagem-processo-de-enfermagem-1780004602717-2 ÔÇö conteudo_json aplicado
  OK fcpc-enfermagem-processo-de-enfermagem-1780004602717-3 ÔÇö conteudo_json aplicado
  OK fcpc-enfermagem-processo-de-enfermagem-1780004602717-4 ÔÇö conteudo_json aplicado
  OK fcpc-enfermagem-processo-de-enfermagem-1780004602717-5 ÔÇö conteudo_json aplicado
  OK fcpc-enfermagem-processo-de-enfermagem-1780004602717-6 ÔÇö conteudo_json aplicado
  OK fcpc-enfermagem-processo-de-enfermagem-1780004602717-7 ÔÇö conteudo_json aplicado
  OK fcpc-enfermagem-processo-de-enfermagem-1780004602717-8 ÔÇö conteudo_json aplicado
  OK fcpc-enfermagem-processo-de-enfermagem-1780004602717-9 ÔÇö conteudo_json aplicado
  OK fcpc-enfermagem-processo-de-enfermagem-1780004628956-0 ÔÇö conteudo_json aplicado
  OK fcpc-enfermagem-processo-de-enfermagem-1780004628956-1 ÔÇö conteudo_json aplicado
  OK fcpc-enfermagem-processo-de-enfermagem-1780004628956-2 ÔÇö conteudo_json aplicado
  OK fcpc-enfermagem-processo-de-enfermagem-1780004628956-3 ÔÇö conteudo_json aplicado
  OK fcpc-enfermagem-processo-de-enfermagem-1780004628956-4 ÔÇö conteudo_json aplicado
  OK fcpc-enfermagem-processo-de-enfermagem-1780004628956-5 ÔÇö conteudo_json aplicado
  OK fcpc-enfermagem-processo-de-enfermagem-1780004628956-6 ÔÇö conteudo_json aplicado
  OK fcpc-enfermagem-processo-de-enfermagem-1780004628956-7 ÔÇö conteudo_json aplicado
[catalog:apply-lote] report=C:\AVANT\artifacts\catalog-migration-processo-de-enfermagem-lote-08-applied.json

=== processo-de-enfermagem-lote-09 2026-06-09T18:39:17.6426582-03:00 ===

> avant@0.1.0 catalog:apply-lote
> tsx scripts/catalog-migration-apply-lote.ts --lote=processo-de-enfermagem-lote-09 --apply

[catalog:apply-lote] lote=processo-de-enfermagem-lote-09 mode=apply
[catalog:apply-lote] ok=50 skipped=0 failed=0
  OK fcpc-enfermagem-processo-de-enfermagem-1780004628956-8 ÔÇö conteudo_json aplicado
  OK fcpc-enfermagem-processo-de-enfermagem-1780004628956-9 ÔÇö conteudo_json aplicado
  OK fcpc-enfermagem-processo-de-enfermagem-1780004906875-0 ÔÇö conteudo_json aplicado
  OK fcpc-enfermagem-processo-de-enfermagem-1780004906875-1 ÔÇö conteudo_json aplicado
  OK fcpc-enfermagem-processo-de-enfermagem-1780004906875-2 ÔÇö conteudo_json aplicado
  OK fcpc-enfermagem-processo-de-enfermagem-1780004906875-3 ÔÇö conteudo_json aplicado
  OK fcpc-enfermagem-processo-de-enfermagem-1780004906875-4 ÔÇö conteudo_json aplicado
  OK fcpc-enfermagem-processo-de-enfermagem-1780004906875-5 ÔÇö conteudo_json aplicado
  OK fcpc-enfermagem-processo-de-enfermagem-1780004906875-6 ÔÇö conteudo_json aplicado
  OK fcpc-enfermagem-processo-de-enfermagem-1780004906875-7 ÔÇö conteudo_json aplicado
  OK fcpc-enfermagem-processo-de-enfermagem-1780004906875-8 ÔÇö conteudo_json aplicado
  OK fcpc-enfermagem-processo-de-enfermagem-1780004906875-9 ÔÇö conteudo_json aplicado
  OK fenix-instituto-enfermagem-processo-de-enfermagem-1780001790945-9 ÔÇö conteudo_json aplicado
  OK fenix-instituto-enfermagem-processo-de-enfermagem-1780001846202-0 ÔÇö conteudo_json aplicado
  OK fenix-instituto-enfermagem-processo-de-enfermagem-1780001846202-1 ÔÇö conteudo_json aplicado
  OK fenix-instituto-enfermagem-processo-de-enfermagem-1780001846202-2 ÔÇö conteudo_json aplicado
  OK fenix-instituto-enfermagem-processo-de-enfermagem-1780001846202-3 ÔÇö conteudo_json aplicado
  OK fenix-instituto-enfermagem-processo-de-enfermagem-1780001846202-4 ÔÇö conteudo_json aplicado
  OK fenix-instituto-enfermagem-processo-de-enfermagem-1780001846202-5 ÔÇö conteudo_json aplicado
  OK fenix-instituto-enfermagem-processo-de-enfermagem-1780001846202-6 ÔÇö conteudo_json aplicado
  OK fenix-instituto-enfermagem-processo-de-enfermagem-1780001846202-7 ÔÇö conteudo_json aplicado
  OK fenix-instituto-enfermagem-processo-de-enfermagem-1780001846202-8 ÔÇö conteudo_json aplicado
  OK fenix-instituto-enfermagem-processo-de-enfermagem-1780001903454-0 ÔÇö conteudo_json aplicado
  OK fenix-instituto-enfermagem-processo-de-enfermagem-1780006456417-9 ÔÇö conteudo_json aplicado
  OK fenix-instituto-enfermagem-processo-de-enfermagem-1780006471061-0 ÔÇö conteudo_json aplicado
  OK fenix-instituto-enfermagem-processo-de-enfermagem-1780006471061-1 ÔÇö conteudo_json aplicado
  OK fenix-instituto-enfermagem-processo-de-enfermagem-1780006471061-2 ÔÇö conteudo_json aplicado
  OK fenix-instituto-enfermagem-processo-de-enfermagem-1780006471061-3 ÔÇö conteudo_json aplicado
  OK fenix-instituto-enfermagem-processo-de-enfermagem-1780006471061-4 ÔÇö conteudo_json aplicado
  OK fenix-instituto-enfermagem-processo-de-enfermagem-1780006471061-5 ÔÇö conteudo_json aplicado
  OK fenix-instituto-enfermagem-processo-de-enfermagem-1780006471061-6 ÔÇö conteudo_json aplicado
  OK fenix-instituto-enfermagem-processo-de-enfermagem-1780006471061-7 ÔÇö conteudo_json aplicado
  OK fenix-instituto-enfermagem-processo-de-enfermagem-1780006471061-8 ÔÇö conteudo_json aplicado
  OK fenix-instituto-enfermagem-processo-de-enfermagem-1780006471061-9 ÔÇö conteudo_json aplicado
  OK fenix-instituto-enfermagem-processo-de-enfermagem-1780006480333-0 ÔÇö conteudo_json aplicado
  OK fenix-instituto-enfermagem-processo-de-enfermagem-1780006480333-1 ÔÇö conteudo_json aplicado
  OK fenix-instituto-enfermagem-processo-de-enfermagem-1780006480333-2 ÔÇö conteudo_json aplicado
  OK fenix-instituto-enfermagem-processo-de-enfermagem-1780006480333-3 ÔÇö conteudo_json aplicado
  OK fenix-instituto-enfermagem-processo-de-enfermagem-1780006480333-4 ÔÇö conteudo_json aplicado
  OK fenix-instituto-enfermagem-processo-de-enfermagem-1780006480333-5 ÔÇö conteudo_json aplicado
  OK fenix-instituto-enfermagem-processo-de-enfermagem-1780006480333-6 ÔÇö conteudo_json aplicado
  OK fenix-instituto-enfermagem-processo-de-enfermagem-1780006480333-7 ÔÇö conteudo_json aplicado
  OK fenix-instituto-enfermagem-processo-de-enfermagem-1780006480333-8 ÔÇö conteudo_json aplicado
  OK fepese-enfermagem-processo-de-enfermagem-1780002110600-7 ÔÇö conteudo_json aplicado
  OK fepese-enfermagem-processo-de-enfermagem-1780002110600-8 ÔÇö conteudo_json aplicado
  OK fepese-enfermagem-processo-de-enfermagem-1780002110600-9 ÔÇö conteudo_json aplicado
  OK fepese-enfermagem-processo-de-enfermagem-1780002217274-0 ÔÇö conteudo_json aplicado
  OK fepese-enfermagem-processo-de-enfermagem-1780002217274-1 ÔÇö conteudo_json aplicado
  OK fepese-enfermagem-processo-de-enfermagem-1780002217274-2 ÔÇö conteudo_json aplicado
  OK fepese-enfermagem-processo-de-enfermagem-1780002217274-3 ÔÇö conteudo_json aplicado
[catalog:apply-lote] report=C:\AVANT\artifacts\catalog-migration-processo-de-enfermagem-lote-09-applied.json

=== processo-de-enfermagem-lote-10 2026-06-09T18:39:51.1927302-03:00 ===

> avant@0.1.0 catalog:apply-lote
> tsx scripts/catalog-migration-apply-lote.ts --lote=processo-de-enfermagem-lote-10 --apply

[catalog:apply-lote] lote=processo-de-enfermagem-lote-10 mode=apply
[catalog:apply-lote] ok=50 skipped=0 failed=0
  OK fepese-enfermagem-processo-de-enfermagem-1780002217274-4 ÔÇö conteudo_json aplicado
  OK fepese-enfermagem-processo-de-enfermagem-1780004602717-0 ÔÇö conteudo_json aplicado
  OK fepese-enfermagem-processo-de-enfermagem-1780004602717-1 ÔÇö conteudo_json aplicado
  OK fepese-enfermagem-processo-de-enfermagem-1780008232871-6 ÔÇö conteudo_json aplicado
  OK fepese-enfermagem-processo-de-enfermagem-1780008232871-7 ÔÇö conteudo_json aplicado
  OK fepese-enfermagem-processo-de-enfermagem-1780008232871-8 ÔÇö conteudo_json aplicado
  OK fepese-enfermagem-processo-de-enfermagem-1780008232871-9 ÔÇö conteudo_json aplicado
  OK fepese-enfermagem-processo-de-enfermagem-1780008241722-0 ÔÇö conteudo_json aplicado
  OK fepese-enfermagem-processo-de-enfermagem-1780008241722-1 ÔÇö conteudo_json aplicado
  OK fgv-enfermagem-processo-de-enfermagem-1780001988576-4 ÔÇö conteudo_json aplicado
  OK fgv-enfermagem-processo-de-enfermagem-1780001988576-5 ÔÇö conteudo_json aplicado
  OK fgv-enfermagem-processo-de-enfermagem-1780001988576-6 ÔÇö conteudo_json aplicado
  OK fgv-enfermagem-processo-de-enfermagem-1780001988576-7 ÔÇö conteudo_json aplicado
  OK fgv-enfermagem-processo-de-enfermagem-1780001988576-8 ÔÇö conteudo_json aplicado
  OK fgv-enfermagem-processo-de-enfermagem-1780001988576-9 ÔÇö conteudo_json aplicado
  OK fgv-enfermagem-processo-de-enfermagem-1780002110600-0 ÔÇö conteudo_json aplicado
  OK fgv-enfermagem-processo-de-enfermagem-1780002110600-1 ÔÇö conteudo_json aplicado
  OK fgv-enfermagem-processo-de-enfermagem-1780002110600-2 ÔÇö conteudo_json aplicado
  OK fgv-enfermagem-processo-de-enfermagem-1780002110600-3 ÔÇö conteudo_json aplicado
  OK fgv-enfermagem-processo-de-enfermagem-1780002110600-4 ÔÇö conteudo_json aplicado
  OK fgv-enfermagem-processo-de-enfermagem-1780002110600-5 ÔÇö conteudo_json aplicado
  OK fgv-enfermagem-processo-de-enfermagem-1780002110600-6 ÔÇö conteudo_json aplicado
  OK funatec-enfermagem-processo-de-enfermagem-1776055865890-3 ÔÇö conteudo_json aplicado
  OK funatec-enfermagem-processo-de-enfermagem-1776055865890-4 ÔÇö conteudo_json aplicado
  OK funatec-enfermagem-processo-de-enfermagem-1776055865890-5 ÔÇö conteudo_json aplicado
  OK funatec-enfermagem-processo-de-enfermagem-1776055865890-6 ÔÇö conteudo_json aplicado
  OK funatec-enfermagem-processo-de-enfermagem-1776055865890-7 ÔÇö conteudo_json aplicado
  OK funatec-enfermagem-processo-de-enfermagem-1776056173194-0 ÔÇö conteudo_json aplicado
  OK fundatec-enfermagem-processo-de-enfermagem-1776056009428-7 ÔÇö conteudo_json aplicado
  OK fundatec-enfermagem-processo-de-enfermagem-1776056129848-2 ÔÇö conteudo_json aplicado
  OK fundatec-enfermagem-processo-de-enfermagem-1776056158507-3 ÔÇö conteudo_json aplicado
  OK fundatec-enfermagem-processo-de-enfermagem-1776056181857-8 ÔÇö conteudo_json aplicado
  OK fundatec-enfermagem-processo-de-enfermagem-1780001903454-1 ÔÇö conteudo_json aplicado
  OK fundatec-enfermagem-processo-de-enfermagem-1780001903454-2 ÔÇö conteudo_json aplicado
  OK fundatec-enfermagem-processo-de-enfermagem-1780001903454-3 ÔÇö conteudo_json aplicado
  OK fundatec-enfermagem-processo-de-enfermagem-1780006947080-1 ÔÇö conteudo_json aplicado
  OK fundatec-enfermagem-processo-de-enfermagem-1780006947080-2 ÔÇö conteudo_json aplicado
  OK fundatec-enfermagem-processo-de-enfermagem-1780006947080-3 ÔÇö conteudo_json aplicado
  OK fundatec-enfermagem-processo-de-enfermagem-1780006947080-4 ÔÇö conteudo_json aplicado
  OK fundatec-enfermagem-processo-de-enfermagem-1780006947080-5 ÔÇö conteudo_json aplicado
  OK fundatec-enfermagem-processo-de-enfermagem-1780006947080-6 ÔÇö conteudo_json aplicado
  OK fundatec-enfermagem-processo-de-enfermagem-1780006947080-7 ÔÇö conteudo_json aplicado
  OK fundatec-enfermagem-processo-de-enfermagem-1780006947080-8 ÔÇö conteudo_json aplicado
  OK fundatec-enfermagem-processo-de-enfermagem-1780006947080-9 ÔÇö conteudo_json aplicado
  OK fundatec-enfermagem-processo-de-enfermagem-1780006954613-0 ÔÇö conteudo_json aplicado
  OK fundatec-enfermagem-processo-de-enfermagem-1780006954613-1 ÔÇö conteudo_json aplicado
  OK fundatec-enfermagem-processo-de-enfermagem-1780006954613-2 ÔÇö conteudo_json aplicado
  OK fundatec-enfermagem-processo-de-enfermagem-1780006954613-3 ÔÇö conteudo_json aplicado
  OK fundatec-enfermagem-processo-de-enfermagem-1780006954613-4 ÔÇö conteudo_json aplicado
  OK fundatec-enfermagem-processo-de-enfermagem-1780006954613-5 ÔÇö conteudo_json aplicado
[catalog:apply-lote] report=C:\AVANT\artifacts\catalog-migration-processo-de-enfermagem-lote-10-applied.json

=== processo-de-enfermagem-lote-11 2026-06-09T18:40:24.3683162-03:00 ===

> avant@0.1.0 catalog:apply-lote
> tsx scripts/catalog-migration-apply-lote.ts --lote=processo-de-enfermagem-lote-11 --apply

[catalog:apply-lote] lote=processo-de-enfermagem-lote-11 mode=apply
[catalog:apply-lote] ok=50 skipped=0 failed=0
  OK fundatec-enfermagem-processo-de-enfermagem-1780006954613-6 ÔÇö conteudo_json aplicado
  OK fundatec-enfermagem-processo-de-enfermagem-1780006954613-7 ÔÇö conteudo_json aplicado
  OK fundatec-enfermagem-processo-de-enfermagem-1780006954613-8 ÔÇö conteudo_json aplicado
  OK fundatec-enfermagem-processo-de-enfermagem-1780006954613-9 ÔÇö conteudo_json aplicado
  OK fundatec-enfermagem-processo-de-enfermagem-1780006962671-0 ÔÇö conteudo_json aplicado
  OK fundatec-enfermagem-processo-de-enfermagem-1780006962671-1 ÔÇö conteudo_json aplicado
  OK fundatec-enfermagem-processo-de-enfermagem-1780006962671-2 ÔÇö conteudo_json aplicado
  OK fundatec-enfermagem-processo-de-enfermagem-1780006962671-3 ÔÇö conteudo_json aplicado
  OK fundatec-enfermagem-processo-de-enfermagem-1780006962671-4 ÔÇö conteudo_json aplicado
  OK fundatec-enfermagem-processo-de-enfermagem-1780006962671-5 ÔÇö conteudo_json aplicado
  OK fundatec-enfermagem-processo-de-enfermagem-1780006962671-6 ÔÇö conteudo_json aplicado
  OK fundatec-enfermagem-processo-de-enfermagem-1780006969552-3 ÔÇö conteudo_json aplicado
  OK fundatec-enfermagem-processo-de-enfermagem-1780006969552-4 ÔÇö conteudo_json aplicado
  OK fundatec-enfermagem-processo-de-enfermagem-1780006969552-5 ÔÇö conteudo_json aplicado
  OK fundatec-enfermagem-processo-de-enfermagem-1780006969552-6 ÔÇö conteudo_json aplicado
  OK fundatec-enfermagem-processo-de-enfermagem-1780006969552-7 ÔÇö conteudo_json aplicado
  OK fundatec-enfermagem-processo-de-enfermagem-1780006969552-8 ÔÇö conteudo_json aplicado
  OK fundatec-enfermagem-processo-de-enfermagem-1780006969552-9 ÔÇö conteudo_json aplicado
  OK fundatec-enfermagem-processo-de-enfermagem-1780006976703-0 ÔÇö conteudo_json aplicado
  OK fundatec-enfermagem-processo-de-enfermagem-1780006976703-1 ÔÇö conteudo_json aplicado
  OK fundatec-enfermagem-processo-de-enfermagem-1780006976703-2 ÔÇö conteudo_json aplicado
  OK fundatec-enfermagem-processo-de-enfermagem-1780006976703-3 ÔÇö conteudo_json aplicado
  OK fundatec-enfermagem-processo-de-enfermagem-1780006976703-4 ÔÇö conteudo_json aplicado
  OK fundatec-enfermagem-processo-de-enfermagem-1780006976703-5 ÔÇö conteudo_json aplicado
  OK fundatec-enfermagem-processo-de-enfermagem-1780006976703-6 ÔÇö conteudo_json aplicado
  OK fundatec-enfermagem-processo-de-enfermagem-1780006976703-7 ÔÇö conteudo_json aplicado
  OK fundatec-enfermagem-processo-de-enfermagem-1780006976703-8 ÔÇö conteudo_json aplicado
  OK fundatec-enfermagem-processo-de-enfermagem-1780006976703-9 ÔÇö conteudo_json aplicado
  OK fundatec-enfermagem-processo-de-enfermagem-1780007230169-0 ÔÇö conteudo_json aplicado
  OK fundatec-enfermagem-processo-de-enfermagem-1780007230169-1 ÔÇö conteudo_json aplicado
  OK fundatec-enfermagem-processo-de-enfermagem-1780007230169-2 ÔÇö conteudo_json aplicado
  OK fundatec-enfermagem-processo-de-enfermagem-1780007230169-3 ÔÇö conteudo_json aplicado
  OK fundatec-enfermagem-processo-de-enfermagem-1780007230169-4 ÔÇö conteudo_json aplicado
  OK fundatec-enfermagem-processo-de-enfermagem-1780007230169-5 ÔÇö conteudo_json aplicado
  OK fundatec-enfermagem-processo-de-enfermagem-1780007230169-6 ÔÇö conteudo_json aplicado
  OK fundatec-enfermagem-processo-de-enfermagem-1780007230169-7 ÔÇö conteudo_json aplicado
  OK fundatec-enfermagem-processo-de-enfermagem-1780011956256-4 ÔÇö conteudo_json aplicado
  OK fundatec-enfermagem-processo-de-enfermagem-1780011956256-5 ÔÇö conteudo_json aplicado
  OK fundatec-enfermagem-processo-de-enfermagem-1780011956256-6 ÔÇö conteudo_json aplicado
  OK fundatec-enfermagem-processo-de-enfermagem-1780011956256-7 ÔÇö conteudo_json aplicado
  OK fundatec-enfermagem-processo-de-enfermagem-1780011956256-8 ÔÇö conteudo_json aplicado
  OK fundatec-enfermagem-processo-de-enfermagem-1780011956256-9 ÔÇö conteudo_json aplicado
  OK fundatec-enfermagem-processo-de-enfermagem-1780011961798-0 ÔÇö conteudo_json aplicado
  OK fundatec-enfermagem-processo-de-enfermagem-1780011961798-1 ÔÇö conteudo_json aplicado
  OK fundepes-copeve-ufal-enfermagem-processo-de-enfermagem-1776056149404-3 ÔÇö conteudo_json aplicado
  OK fundepes-copeve-ufal-enfermagem-processo-de-enfermagem-1776056173194-1 ÔÇö conteudo_json aplicado
  OK fundepes-copeve-ufal-enfermagem-processo-de-enfermagem-1776056173194-2 ÔÇö conteudo_json aplicado
  OK fundepes-copeve-ufal-enfermagem-processo-de-enfermagem-1776056173194-3 ÔÇö conteudo_json aplicado
  OK fundepes-copeve-ufal-enfermagem-processo-de-enfermagem-1776056173194-4 ÔÇö conteudo_json aplicado
  OK furb-enfermagem-processo-de-enfermagem-1776056129848-1 ÔÇö conteudo_json aplicado
[catalog:apply-lote] report=C:\AVANT\artifacts\catalog-migration-processo-de-enfermagem-lote-11-applied.json

=== processo-de-enfermagem-lote-12 2026-06-09T18:40:55.8265067-03:00 ===

> avant@0.1.0 catalog:apply-lote
> tsx scripts/catalog-migration-apply-lote.ts --lote=processo-de-enfermagem-lote-12 --apply

[catalog:apply-lote] lote=processo-de-enfermagem-lote-12 mode=apply
[catalog:apply-lote] ok=50 skipped=0 failed=0
  OK furb-enfermagem-processo-de-enfermagem-1780011887822-5 ÔÇö conteudo_json aplicado
  OK furb-enfermagem-processo-de-enfermagem-1780011887822-6 ÔÇö conteudo_json aplicado
  OK furb-enfermagem-processo-de-enfermagem-1780011887822-7 ÔÇö conteudo_json aplicado
  OK furb-enfermagem-processo-de-enfermagem-1780011887822-8 ÔÇö conteudo_json aplicado
  OK furb-enfermagem-processo-de-enfermagem-1780011887822-9 ÔÇö conteudo_json aplicado
  OK furb-enfermagem-processo-de-enfermagem-1780011908736-0 ÔÇö conteudo_json aplicado
  OK furb-enfermagem-processo-de-enfermagem-1780011908736-1 ÔÇö conteudo_json aplicado
  OK furb-enfermagem-processo-de-enfermagem-1780011908736-2 ÔÇö conteudo_json aplicado
  OK furb-enfermagem-processo-de-enfermagem-1780011908736-3 ÔÇö conteudo_json aplicado
  OK furb-enfermagem-processo-de-enfermagem-1780011908736-4 ÔÇö conteudo_json aplicado
  OK furb-enfermagem-processo-de-enfermagem-1780011908736-5 ÔÇö conteudo_json aplicado
  OK furb-enfermagem-processo-de-enfermagem-1780011908736-6 ÔÇö conteudo_json aplicado
  OK furb-enfermagem-processo-de-enfermagem-1780011908736-7 ÔÇö conteudo_json aplicado
  OK furb-enfermagem-processo-de-enfermagem-1780011908736-8 ÔÇö conteudo_json aplicado
  OK furb-enfermagem-processo-de-enfermagem-1780011908736-9 ÔÇö conteudo_json aplicado
  OK furb-enfermagem-processo-de-enfermagem-1780011915153-0 ÔÇö conteudo_json aplicado
  OK furb-enfermagem-processo-de-enfermagem-1780011915153-1 ÔÇö conteudo_json aplicado
  OK furb-enfermagem-processo-de-enfermagem-1780011915153-2 ÔÇö conteudo_json aplicado
  OK furb-enfermagem-processo-de-enfermagem-1780011915153-3 ÔÇö conteudo_json aplicado
  OK furb-enfermagem-processo-de-enfermagem-1780011915153-4 ÔÇö conteudo_json aplicado
  OK furb-enfermagem-processo-de-enfermagem-1780011915153-5 ÔÇö conteudo_json aplicado
  OK furb-enfermagem-processo-de-enfermagem-1780011915153-6 ÔÇö conteudo_json aplicado
  OK furb-enfermagem-processo-de-enfermagem-1780011915153-7 ÔÇö conteudo_json aplicado
  OK furb-enfermagem-processo-de-enfermagem-1780011915153-8 ÔÇö conteudo_json aplicado
  OK grupo-talent-enfermagem-processo-de-enfermagem-1780009359555-1 ÔÇö conteudo_json aplicado
  OK grupo-talent-enfermagem-processo-de-enfermagem-1780009359555-2 ÔÇö conteudo_json aplicado
  OK grupo-talent-enfermagem-processo-de-enfermagem-1780009359555-3 ÔÇö conteudo_json aplicado
  OK grupo-talent-enfermagem-processo-de-enfermagem-1780009359555-4 ÔÇö conteudo_json aplicado
  OK grupo-talent-enfermagem-processo-de-enfermagem-1780009359555-5 ÔÇö conteudo_json aplicado
  OK grupo-talent-enfermagem-processo-de-enfermagem-1780009359555-6 ÔÇö conteudo_json aplicado
  OK grupo-talent-enfermagem-processo-de-enfermagem-1780009359555-7 ÔÇö conteudo_json aplicado
  OK grupo-talent-enfermagem-processo-de-enfermagem-1780009359555-8 ÔÇö conteudo_json aplicado
  OK iaupe-enfermagem-processo-de-enfermagem-1776056149404-2 ÔÇö conteudo_json aplicado
  OK ibade-enfermagem-processo-de-enfermagem-1780005128081-7 ÔÇö conteudo_json aplicado
  OK ibade-enfermagem-processo-de-enfermagem-1780005128081-8 ÔÇö conteudo_json aplicado
  OK ibade-enfermagem-processo-de-enfermagem-1780005128081-9 ÔÇö conteudo_json aplicado
  OK ibade-enfermagem-processo-de-enfermagem-1780005137458-0 ÔÇö conteudo_json aplicado
  OK ibade-enfermagem-processo-de-enfermagem-1780005137458-1 ÔÇö conteudo_json aplicado
  OK ibade-enfermagem-processo-de-enfermagem-1780005137458-2 ÔÇö conteudo_json aplicado
  OK ibade-enfermagem-processo-de-enfermagem-1780005137458-3 ÔÇö conteudo_json aplicado
  OK ibade-enfermagem-processo-de-enfermagem-1780005137458-4 ÔÇö conteudo_json aplicado
  OK ibade-enfermagem-processo-de-enfermagem-1780005137458-5 ÔÇö conteudo_json aplicado
  OK ibade-enfermagem-processo-de-enfermagem-1780005137458-6 ÔÇö conteudo_json aplicado
  OK ibade-enfermagem-processo-de-enfermagem-1780005137458-7 ÔÇö conteudo_json aplicado
  OK ibade-enfermagem-processo-de-enfermagem-1780005137458-8 ÔÇö conteudo_json aplicado
  OK ibade-enfermagem-processo-de-enfermagem-1780005311822-0 ÔÇö conteudo_json aplicado
  OK ibade-enfermagem-processo-de-enfermagem-1780005311822-1 ÔÇö conteudo_json aplicado
  OK ibade-enfermagem-processo-de-enfermagem-1780005311822-2 ÔÇö conteudo_json aplicado
  OK ibfc-enfermagem-processo-de-enfermagem-1776056149404-4 ÔÇö conteudo_json aplicado
  OK icece-enfermagem-processo-de-enfermagem-1776056009428-4 ÔÇö conteudo_json aplicado
[catalog:apply-lote] report=C:\AVANT\artifacts\catalog-migration-processo-de-enfermagem-lote-12-applied.json

=== processo-de-enfermagem-lote-13 2026-06-09T18:41:25.4153633-03:00 ===

> avant@0.1.0 catalog:apply-lote
> tsx scripts/catalog-migration-apply-lote.ts --lote=processo-de-enfermagem-lote-13 --apply

[catalog:apply-lote] lote=processo-de-enfermagem-lote-13 mode=apply
[catalog:apply-lote] ok=50 skipped=0 failed=0
  OK idcap-enfermagem-processo-de-enfermagem-1776056021381-6 ÔÇö conteudo_json aplicado
  OK idcap-enfermagem-processo-de-enfermagem-1776056021381-7 ÔÇö conteudo_json aplicado
  OK idecan-enfermagem-processo-de-enfermagem-1778712122855-5 ÔÇö conteudo_json aplicado
  OK idecan-enfermagem-processo-de-enfermagem-1780066909125-1 ÔÇö conteudo_json aplicado
  OK idecan-enfermagem-processo-de-enfermagem-1780066909125-2 ÔÇö conteudo_json aplicado
  OK idib-enfermagem-processo-de-enfermagem-1778934863952-2 ÔÇö conteudo_json aplicado
  OK idib-enfermagem-processo-de-enfermagem-1778934863952-3 ÔÇö conteudo_json aplicado
  OK idib-enfermagem-processo-de-enfermagem-1778934863952-4 ÔÇö conteudo_json aplicado
  OK igecap-enfermagem-processo-de-enfermagem-1780004280851-9 ÔÇö conteudo_json aplicado
  OK igecap-enfermagem-processo-de-enfermagem-1780004293191-0 ÔÇö conteudo_json aplicado
  OK igecap-enfermagem-processo-de-enfermagem-1780004293191-1 ÔÇö conteudo_json aplicado
  OK igecap-enfermagem-processo-de-enfermagem-1780004293191-2 ÔÇö conteudo_json aplicado
  OK igecap-enfermagem-processo-de-enfermagem-1780004293191-3 ÔÇö conteudo_json aplicado
  OK igecap-enfermagem-processo-de-enfermagem-1780004293191-4 ÔÇö conteudo_json aplicado
  OK igecap-enfermagem-processo-de-enfermagem-1780004293191-5 ÔÇö conteudo_json aplicado
  OK igecap-enfermagem-processo-de-enfermagem-1780004293191-6 ÔÇö conteudo_json aplicado
  OK igecap-enfermagem-processo-de-enfermagem-1780004293191-7 ÔÇö conteudo_json aplicado
  OK igecap-enfermagem-processo-de-enfermagem-1780004293191-8 ÔÇö conteudo_json aplicado
  OK igecap-enfermagem-processo-de-enfermagem-1780004452857-0 ÔÇö conteudo_json aplicado
  OK igecap-enfermagem-processo-de-enfermagem-1780004452857-1 ÔÇö conteudo_json aplicado
  OK igecap-enfermagem-processo-de-enfermagem-1780004452857-2 ÔÇö conteudo_json aplicado
  OK igecap-enfermagem-processo-de-enfermagem-1780004452857-3 ÔÇö conteudo_json aplicado
  OK igecap-enfermagem-processo-de-enfermagem-1780007230169-8 ÔÇö conteudo_json aplicado
  OK igecap-enfermagem-processo-de-enfermagem-1780007230169-9 ÔÇö conteudo_json aplicado
  OK igeduc-enfermagem-processo-de-enfermagem-1780001148264-3 ÔÇö conteudo_json aplicado
  OK igeduc-enfermagem-processo-de-enfermagem-1780009392850-5 ÔÇö conteudo_json aplicado
  OK igeduc-enfermagem-processo-de-enfermagem-1780009392850-6 ÔÇö conteudo_json aplicado
  OK igeduc-enfermagem-processo-de-enfermagem-1780009392850-7 ÔÇö conteudo_json aplicado
  OK igeduc-enfermagem-processo-de-enfermagem-1780009392850-8 ÔÇö conteudo_json aplicado
  OK igeduc-enfermagem-processo-de-enfermagem-1780009392850-9 ÔÇö conteudo_json aplicado
  OK igeduc-enfermagem-processo-de-enfermagem-1780010559720-0 ÔÇö conteudo_json aplicado
  OK igeduc-enfermagem-processo-de-enfermagem-1780010559720-1 ÔÇö conteudo_json aplicado
  OK igeduc-enfermagem-processo-de-enfermagem-1780010559720-2 ÔÇö conteudo_json aplicado
  OK igeduc-enfermagem-processo-de-enfermagem-1780010559720-3 ÔÇö conteudo_json aplicado
  OK igeduc-enfermagem-processo-de-enfermagem-1780010559720-4 ÔÇö conteudo_json aplicado
  OK igeduc-enfermagem-processo-de-enfermagem-1780010559720-5 ÔÇö conteudo_json aplicado
  OK igeduc-enfermagem-processo-de-enfermagem-1780010559720-6 ÔÇö conteudo_json aplicado
  OK igeduc-enfermagem-processo-de-enfermagem-1780010559720-7 ÔÇö conteudo_json aplicado
  OK igeduc-enfermagem-processo-de-enfermagem-1780010559720-8 ÔÇö conteudo_json aplicado
  OK igeduc-enfermagem-processo-de-enfermagem-1780010566816-0 ÔÇö conteudo_json aplicado
  OK igeduc-enfermagem-processo-de-enfermagem-1780010566816-1 ÔÇö conteudo_json aplicado
  OK igeduc-enfermagem-processo-de-enfermagem-1780010566816-2 ÔÇö conteudo_json aplicado
  OK igeduc-enfermagem-processo-de-enfermagem-1780010566816-3 ÔÇö conteudo_json aplicado
  OK igeduc-enfermagem-processo-de-enfermagem-1780010917301-2 ÔÇö conteudo_json aplicado
  OK igeduc-enfermagem-processo-de-enfermagem-1780010917301-3 ÔÇö conteudo_json aplicado
  OK igeduc-enfermagem-processo-de-enfermagem-1780010917301-4 ÔÇö conteudo_json aplicado
  OK igeduc-enfermagem-processo-de-enfermagem-1780010917301-5 ÔÇö conteudo_json aplicado
  OK igeduc-enfermagem-processo-de-enfermagem-1780010917301-6 ÔÇö conteudo_json aplicado
  OK igeduc-enfermagem-processo-de-enfermagem-1780010917301-7 ÔÇö conteudo_json aplicado
  OK igeduc-enfermagem-processo-de-enfermagem-1780010917301-8 ÔÇö conteudo_json aplicado
[catalog:apply-lote] report=C:\AVANT\artifacts\catalog-migration-processo-de-enfermagem-lote-13-applied.json

=== processo-de-enfermagem-lote-14 2026-06-09T18:41:56.7487221-03:00 ===

> avant@0.1.0 catalog:apply-lote
> tsx scripts/catalog-migration-apply-lote.ts --lote=processo-de-enfermagem-lote-14 --apply

[catalog:apply-lote] lote=processo-de-enfermagem-lote-14 mode=apply
[catalog:apply-lote] ok=50 skipped=0 failed=0
  OK igeduc-enfermagem-processo-de-enfermagem-1780011859940-0 ÔÇö conteudo_json aplicado
  OK igeduc-enfermagem-processo-de-enfermagem-1780011859940-1 ÔÇö conteudo_json aplicado
  OK igeduc-enfermagem-processo-de-enfermagem-1780011859940-2 ÔÇö conteudo_json aplicado
  OK igeduc-enfermagem-processo-de-enfermagem-1780011859940-3 ÔÇö conteudo_json aplicado
  OK igeduc-enfermagem-processo-de-enfermagem-1780011872350-7 ÔÇö conteudo_json aplicado
  OK igeduc-enfermagem-processo-de-enfermagem-1780011872350-8 ÔÇö conteudo_json aplicado
  OK igeduc-enfermagem-processo-de-enfermagem-1780011872350-9 ÔÇö conteudo_json aplicado
  OK igeduc-enfermagem-processo-de-enfermagem-1780011879977-0 ÔÇö conteudo_json aplicado
  OK igeduc-enfermagem-processo-de-enfermagem-1780011879977-1 ÔÇö conteudo_json aplicado
  OK igeduc-enfermagem-processo-de-enfermagem-1780011879977-2 ÔÇö conteudo_json aplicado
  OK igeduc-enfermagem-processo-de-enfermagem-1780011879977-3 ÔÇö conteudo_json aplicado
  OK igeduc-enfermagem-processo-de-enfermagem-1780011879977-4 ÔÇö conteudo_json aplicado
  OK inaz-do-para-enfermagem-processo-de-enfermagem-1776056140199-7 ÔÇö conteudo_json aplicado
  OK inaz-do-para-enfermagem-processo-de-enfermagem-1780011915153-9 ÔÇö conteudo_json aplicado
  OK inaz-do-para-enfermagem-processo-de-enfermagem-1780011947286-0 ÔÇö conteudo_json aplicado
  OK inaz-do-para-enfermagem-processo-de-enfermagem-1780011947286-1 ÔÇö conteudo_json aplicado
  OK inaz-do-para-enfermagem-processo-de-enfermagem-1780011947286-2 ÔÇö conteudo_json aplicado
  OK inaz-do-para-enfermagem-processo-de-enfermagem-1780011947286-3 ÔÇö conteudo_json aplicado
  OK inaz-do-para-enfermagem-processo-de-enfermagem-1780011947286-4 ÔÇö conteudo_json aplicado
  OK inaz-do-para-enfermagem-processo-de-enfermagem-1780011947286-5 ÔÇö conteudo_json aplicado
  OK inaz-do-para-enfermagem-processo-de-enfermagem-1780011947286-6 ÔÇö conteudo_json aplicado
  OK inaz-do-para-enfermagem-processo-de-enfermagem-1780011947286-7 ÔÇö conteudo_json aplicado
  OK inaz-do-para-enfermagem-processo-de-enfermagem-1780011947286-8 ÔÇö conteudo_json aplicado
  OK inaz-do-para-enfermagem-processo-de-enfermagem-1780011947286-9 ÔÇö conteudo_json aplicado
  OK inaz-do-para-enfermagem-processo-de-enfermagem-1780011956256-0 ÔÇö conteudo_json aplicado
  OK inaz-do-para-enfermagem-processo-de-enfermagem-1780011956256-1 ÔÇö conteudo_json aplicado
  OK inaz-do-para-enfermagem-processo-de-enfermagem-1780011956256-2 ÔÇö conteudo_json aplicado
  OK inaz-do-para-enfermagem-processo-de-enfermagem-1780011956256-3 ÔÇö conteudo_json aplicado
  OK instituto-access-enfermagem-processo-de-enfermagem-1776056140199-2 ÔÇö conteudo_json aplicado
  OK instituto-access-enfermagem-processo-de-enfermagem-1780005791580-9 ÔÇö conteudo_json aplicado
  OK instituto-access-enfermagem-processo-de-enfermagem-1780005797734-0 ÔÇö conteudo_json aplicado
  OK instituto-access-enfermagem-processo-de-enfermagem-1780005797734-1 ÔÇö conteudo_json aplicado
  OK instituto-access-enfermagem-processo-de-enfermagem-1780005797734-2 ÔÇö conteudo_json aplicado
  OK instituto-access-enfermagem-processo-de-enfermagem-1780005797734-3 ÔÇö conteudo_json aplicado
  OK instituto-access-enfermagem-processo-de-enfermagem-1780005797734-4 ÔÇö conteudo_json aplicado
  OK instituto-access-enfermagem-processo-de-enfermagem-1780005797734-5 ÔÇö conteudo_json aplicado
  OK instituto-access-enfermagem-processo-de-enfermagem-1780005797734-6 ÔÇö conteudo_json aplicado
  OK instituto-access-enfermagem-processo-de-enfermagem-1780005797734-7 ÔÇö conteudo_json aplicado
  OK instituto-access-enfermagem-processo-de-enfermagem-1780005797734-8 ÔÇö conteudo_json aplicado
  OK instituto-access-enfermagem-processo-de-enfermagem-1780005797734-9 ÔÇö conteudo_json aplicado
  OK instituto-aocp-enfermagem-processo-de-enfermagem-1776056140199-3 ÔÇö conteudo_json aplicado
  OK instituto-aocp-enfermagem-processo-de-enfermagem-1776056140199-4 ÔÇö conteudo_json aplicado
  OK instituto-aocp-enfermagem-processo-de-enfermagem-1780003868364-7 ÔÇö conteudo_json aplicado
  OK instituto-aocp-enfermagem-processo-de-enfermagem-1780003868364-8 ÔÇö conteudo_json aplicado
  OK instituto-aocp-enfermagem-processo-de-enfermagem-1780003868364-9 ÔÇö conteudo_json aplicado
  OK instituto-aocp-enfermagem-processo-de-enfermagem-1780003950945-0 ÔÇö conteudo_json aplicado
  OK instituto-aocp-enfermagem-processo-de-enfermagem-1780003950945-1 ÔÇö conteudo_json aplicado
  OK instituto-aocp-enfermagem-processo-de-enfermagem-1780003950945-2 ÔÇö conteudo_json aplicado
  OK instituto-aocp-enfermagem-processo-de-enfermagem-1780003950945-3 ÔÇö conteudo_json aplicado
  OK instituto-aocp-enfermagem-processo-de-enfermagem-1780003950945-4 ÔÇö conteudo_json aplicado
[catalog:apply-lote] report=C:\AVANT\artifacts\catalog-migration-processo-de-enfermagem-lote-14-applied.json

=== processo-de-enfermagem-lote-15 2026-06-09T18:42:26.7567576-03:00 ===

> avant@0.1.0 catalog:apply-lote
> tsx scripts/catalog-migration-apply-lote.ts --lote=processo-de-enfermagem-lote-15 --apply

[catalog:apply-lote] lote=processo-de-enfermagem-lote-15 mode=apply
[catalog:apply-lote] ok=50 skipped=0 failed=0
  OK instituto-aocp-enfermagem-processo-de-enfermagem-1780003950945-5 ÔÇö conteudo_json aplicado
  OK instituto-aocp-enfermagem-processo-de-enfermagem-1780003950945-6 ÔÇö conteudo_json aplicado
  OK instituto-aocp-enfermagem-processo-de-enfermagem-1780003950945-7 ÔÇö conteudo_json aplicado
  OK instituto-aocp-enfermagem-processo-de-enfermagem-1780003950945-8 ÔÇö conteudo_json aplicado
  OK instituto-aocp-enfermagem-processo-de-enfermagem-1780003950945-9 ÔÇö conteudo_json aplicado
  OK instituto-aocp-enfermagem-processo-de-enfermagem-1780004272097-0 ÔÇö conteudo_json aplicado
  OK instituto-aocp-enfermagem-processo-de-enfermagem-1780004272097-1 ÔÇö conteudo_json aplicado
  OK instituto-aocp-enfermagem-processo-de-enfermagem-1780004272097-2 ÔÇö conteudo_json aplicado
  OK instituto-aocp-enfermagem-processo-de-enfermagem-1780004272097-3 ÔÇö conteudo_json aplicado
  OK instituto-aocp-enfermagem-processo-de-enfermagem-1780004272097-4 ÔÇö conteudo_json aplicado
  OK instituto-aocp-enfermagem-processo-de-enfermagem-1780004272097-5 ÔÇö conteudo_json aplicado
  OK instituto-aocp-enfermagem-processo-de-enfermagem-1780004272097-6 ÔÇö conteudo_json aplicado
  OK instituto-aocp-enfermagem-processo-de-enfermagem-1780004272097-7 ÔÇö conteudo_json aplicado
  OK instituto-aocp-enfermagem-processo-de-enfermagem-1780004272097-8 ÔÇö conteudo_json aplicado
  OK instituto-aocp-enfermagem-processo-de-enfermagem-1780005320352-9 ÔÇö conteudo_json aplicado
  OK instituto-aocp-enfermagem-processo-de-enfermagem-1780005540776-0 ÔÇö conteudo_json aplicado
  OK instituto-aocp-enfermagem-processo-de-enfermagem-1780005540776-1 ÔÇö conteudo_json aplicado
  OK instituto-aocp-enfermagem-processo-de-enfermagem-1780005540776-2 ÔÇö conteudo_json aplicado
  OK instituto-aocp-enfermagem-processo-de-enfermagem-1780005540776-3 ÔÇö conteudo_json aplicado
  OK instituto-aocp-enfermagem-processo-de-enfermagem-1780005540776-4 ÔÇö conteudo_json aplicado
  OK instituto-aocp-enfermagem-processo-de-enfermagem-1780005540776-5 ÔÇö conteudo_json aplicado
  OK instituto-aocp-enfermagem-processo-de-enfermagem-1780005540776-6 ÔÇö conteudo_json aplicado
  OK instituto-aocp-enfermagem-processo-de-enfermagem-1780005540776-7 ÔÇö conteudo_json aplicado
  OK instituto-aocp-enfermagem-processo-de-enfermagem-1780005540776-8 ÔÇö conteudo_json aplicado
  OK instituto-aocp-enfermagem-processo-de-enfermagem-1780005540776-9 ÔÇö conteudo_json aplicado
  OK instituto-aocp-enfermagem-processo-de-enfermagem-1780005550040-0 ÔÇö conteudo_json aplicado
  OK instituto-aocp-enfermagem-processo-de-enfermagem-1780005550040-1 ÔÇö conteudo_json aplicado
  OK instituto-aocp-enfermagem-processo-de-enfermagem-1780005550040-2 ÔÇö conteudo_json aplicado
  OK instituto-aocp-enfermagem-processo-de-enfermagem-1780005550040-3 ÔÇö conteudo_json aplicado
  OK instituto-aocp-enfermagem-processo-de-enfermagem-1780005550040-4 ÔÇö conteudo_json aplicado
  OK instituto-aocp-enfermagem-processo-de-enfermagem-1780005550040-5 ÔÇö conteudo_json aplicado
  OK instituto-aocp-enfermagem-processo-de-enfermagem-1780005550040-6 ÔÇö conteudo_json aplicado
  OK instituto-aocp-enfermagem-processo-de-enfermagem-1780005550040-7 ÔÇö conteudo_json aplicado
  OK instituto-aocp-enfermagem-processo-de-enfermagem-1780005550040-8 ÔÇö conteudo_json aplicado
  OK instituto-aocp-enfermagem-processo-de-enfermagem-1780005550040-9 ÔÇö conteudo_json aplicado
  OK instituto-aocp-enfermagem-processo-de-enfermagem-1780005556782-0 ÔÇö conteudo_json aplicado
  OK instituto-aocp-enfermagem-processo-de-enfermagem-1780005556782-1 ÔÇö conteudo_json aplicado
  OK instituto-aocp-enfermagem-processo-de-enfermagem-1780005556782-2 ÔÇö conteudo_json aplicado
  OK instituto-aocp-enfermagem-processo-de-enfermagem-1780005556782-3 ÔÇö conteudo_json aplicado
  OK instituto-aocp-enfermagem-processo-de-enfermagem-1780005556782-4 ÔÇö conteudo_json aplicado
  OK instituto-consulpam-enfermagem-processo-de-enfermagem-1776056149404-6 ÔÇö conteudo_json aplicado
  OK instituto-consulpam-enfermagem-processo-de-enfermagem-1780005311822-3 ÔÇö conteudo_json aplicado
  OK instituto-consulpam-enfermagem-processo-de-enfermagem-1780005311822-4 ÔÇö conteudo_json aplicado
  OK instituto-consulpam-enfermagem-processo-de-enfermagem-1780005311822-5 ÔÇö conteudo_json aplicado
  OK instituto-consulpam-enfermagem-processo-de-enfermagem-1780005311822-6 ÔÇö conteudo_json aplicado
  OK instituto-consulpam-enfermagem-processo-de-enfermagem-1780005311822-7 ÔÇö conteudo_json aplicado
  OK instituto-consulpam-enfermagem-processo-de-enfermagem-1780005311822-8 ÔÇö conteudo_json aplicado
  OK instituto-consulpam-enfermagem-processo-de-enfermagem-1780005311822-9 ÔÇö conteudo_json aplicado
  OK instituto-consulpam-enfermagem-processo-de-enfermagem-1780005320352-0 ÔÇö conteudo_json aplicado
  OK instituto-consulpam-enfermagem-processo-de-enfermagem-1780005320352-1 ÔÇö conteudo_json aplicado
[catalog:apply-lote] report=C:\AVANT\artifacts\catalog-migration-processo-de-enfermagem-lote-15-applied.json

=== processo-de-enfermagem-lote-16 2026-06-09T18:42:55.5561202-03:00 ===

> avant@0.1.0 catalog:apply-lote
> tsx scripts/catalog-migration-apply-lote.ts --lote=processo-de-enfermagem-lote-16 --apply

[catalog:apply-lote] lote=processo-de-enfermagem-lote-16 mode=apply
[catalog:apply-lote] ok=50 skipped=0 failed=0
  OK instituto-consulpam-enfermagem-processo-de-enfermagem-1780005320352-2 ÔÇö conteudo_json aplicado
  OK instituto-consulpam-enfermagem-processo-de-enfermagem-1780005320352-3 ÔÇö conteudo_json aplicado
  OK instituto-consulpam-enfermagem-processo-de-enfermagem-1780005320352-4 ÔÇö conteudo_json aplicado
  OK instituto-consulpam-enfermagem-processo-de-enfermagem-1780005320352-5 ÔÇö conteudo_json aplicado
  OK instituto-consulpam-enfermagem-processo-de-enfermagem-1780005320352-6 ÔÇö conteudo_json aplicado
  OK instituto-consulpam-enfermagem-processo-de-enfermagem-1780005320352-7 ÔÇö conteudo_json aplicado
  OK instituto-consulpam-enfermagem-processo-de-enfermagem-1780005320352-8 ÔÇö conteudo_json aplicado
  OK instituto-consulpam-enfermagem-processo-de-enfermagem-1780006480333-9 ÔÇö conteudo_json aplicado
  OK instituto-consulpam-enfermagem-processo-de-enfermagem-1780006486032-0 ÔÇö conteudo_json aplicado
  OK instituto-consulpam-enfermagem-processo-de-enfermagem-1780006486032-1 ÔÇö conteudo_json aplicado
  OK instituto-consulpam-enfermagem-processo-de-enfermagem-1780006486032-2 ÔÇö conteudo_json aplicado
  OK instituto-consulpam-enfermagem-processo-de-enfermagem-1780006486032-3 ÔÇö conteudo_json aplicado
  OK instituto-consulpam-enfermagem-processo-de-enfermagem-1780006486032-4 ÔÇö conteudo_json aplicado
  OK instituto-consulpam-enfermagem-processo-de-enfermagem-1780006962671-7 ÔÇö conteudo_json aplicado
  OK instituto-consulpam-enfermagem-processo-de-enfermagem-1780006962671-8 ÔÇö conteudo_json aplicado
  OK instituto-consulpam-enfermagem-processo-de-enfermagem-1780006962671-9 ÔÇö conteudo_json aplicado
  OK instituto-consulpam-enfermagem-processo-de-enfermagem-1780006969552-0 ÔÇö conteudo_json aplicado
  OK instituto-consulpam-enfermagem-processo-de-enfermagem-1780006969552-1 ÔÇö conteudo_json aplicado
  OK instituto-consulpam-enfermagem-processo-de-enfermagem-1780006969552-2 ÔÇö conteudo_json aplicado
  OK instituto-consulplan-enfermagem-processo-de-enfermagem-1776055865890-8 ÔÇö conteudo_json aplicado
  OK instituto-consulplan-enfermagem-processo-de-enfermagem-1776056021381-1 ÔÇö conteudo_json aplicado
  OK instituto-darwin-enfermagem-processo-de-enfermagem-1776056140199-1 ÔÇö conteudo_json aplicado
  OK instituto-iacp-enfermagem-processo-de-enfermagem-1780001903454-4 ÔÇö conteudo_json aplicado
  OK instituto-iacp-enfermagem-processo-de-enfermagem-1780001903454-5 ÔÇö conteudo_json aplicado
  OK instituto-iacp-enfermagem-processo-de-enfermagem-1780001903454-6 ÔÇö conteudo_json aplicado
  OK instituto-iacp-enfermagem-processo-de-enfermagem-1780001903454-7 ÔÇö conteudo_json aplicado
  OK instituto-iacp-enfermagem-processo-de-enfermagem-1780001903454-8 ÔÇö conteudo_json aplicado
  OK instituto-iacp-enfermagem-processo-de-enfermagem-1780001903454-9 ÔÇö conteudo_json aplicado
  OK instituto-iacp-enfermagem-processo-de-enfermagem-1780001988576-0 ÔÇö conteudo_json aplicado
  OK instituto-iacp-enfermagem-processo-de-enfermagem-1780001988576-1 ÔÇö conteudo_json aplicado
  OK instituto-iacp-enfermagem-processo-de-enfermagem-1780001988576-2 ÔÇö conteudo_json aplicado
  OK instituto-iacp-enfermagem-processo-de-enfermagem-1780001988576-3 ÔÇö conteudo_json aplicado
  OK instituto-iacp-enfermagem-processo-de-enfermagem-1780003349182-2 ÔÇö conteudo_json aplicado
  OK instituto-iacp-enfermagem-processo-de-enfermagem-1780003349182-3 ÔÇö conteudo_json aplicado
  OK instituto-iacp-enfermagem-processo-de-enfermagem-1780003349182-4 ÔÇö conteudo_json aplicado
  OK instituto-iacp-enfermagem-processo-de-enfermagem-1780003349182-5 ÔÇö conteudo_json aplicado
  OK instituto-iacp-enfermagem-processo-de-enfermagem-1780003349182-6 ÔÇö conteudo_json aplicado
  OK instituto-iacp-enfermagem-processo-de-enfermagem-1780003349182-7 ÔÇö conteudo_json aplicado
  OK instituto-iacp-enfermagem-processo-de-enfermagem-1780003349182-8 ÔÇö conteudo_json aplicado
  OK instituto-iacp-enfermagem-processo-de-enfermagem-1780003349182-9 ÔÇö conteudo_json aplicado
  OK instituto-iacp-enfermagem-processo-de-enfermagem-1780003637054-0 ÔÇö conteudo_json aplicado
  OK instituto-iacp-enfermagem-processo-de-enfermagem-1780003637054-1 ÔÇö conteudo_json aplicado
  OK instituto-iacp-enfermagem-processo-de-enfermagem-1780004272097-9 ÔÇö conteudo_json aplicado
  OK instituto-iacp-enfermagem-processo-de-enfermagem-1780004280851-0 ÔÇö conteudo_json aplicado
  OK instituto-iacp-enfermagem-processo-de-enfermagem-1780004280851-1 ÔÇö conteudo_json aplicado
  OK instituto-iacp-enfermagem-processo-de-enfermagem-1780004280851-2 ÔÇö conteudo_json aplicado
  OK instituto-iacp-enfermagem-processo-de-enfermagem-1780004280851-3 ÔÇö conteudo_json aplicado
  OK instituto-iacp-enfermagem-processo-de-enfermagem-1780004280851-4 ÔÇö conteudo_json aplicado
  OK instituto-iacp-enfermagem-processo-de-enfermagem-1780004280851-5 ÔÇö conteudo_json aplicado
  OK instituto-iacp-enfermagem-processo-de-enfermagem-1780004280851-6 ÔÇö conteudo_json aplicado
[catalog:apply-lote] report=C:\AVANT\artifacts\catalog-migration-processo-de-enfermagem-lote-16-applied.json

=== processo-de-enfermagem-lote-17 2026-06-09T18:43:25.1233467-03:00 ===

> avant@0.1.0 catalog:apply-lote
> tsx scripts/catalog-migration-apply-lote.ts --lote=processo-de-enfermagem-lote-17 --apply

[catalog:apply-lote] lote=processo-de-enfermagem-lote-17 mode=apply
[catalog:apply-lote] ok=50 skipped=0 failed=0
  OK instituto-iacp-enfermagem-processo-de-enfermagem-1780004280851-7 ÔÇö conteudo_json aplicado
  OK instituto-iacp-enfermagem-processo-de-enfermagem-1780004280851-8 ÔÇö conteudo_json aplicado
  OK instituto-ibed-enfermagem-processo-de-enfermagem-1780004917460-0 ÔÇö conteudo_json aplicado
  OK instituto-ibed-enfermagem-processo-de-enfermagem-1780004917460-1 ÔÇö conteudo_json aplicado
  OK instituto-ibed-enfermagem-processo-de-enfermagem-1780004917460-2 ÔÇö conteudo_json aplicado
  OK instituto-ibed-enfermagem-processo-de-enfermagem-1780004917460-3 ÔÇö conteudo_json aplicado
  OK instituto-ibed-enfermagem-processo-de-enfermagem-1780004917460-4 ÔÇö conteudo_json aplicado
  OK instituto-ibed-enfermagem-processo-de-enfermagem-1780004917460-5 ÔÇö conteudo_json aplicado
  OK instituto-ibed-enfermagem-processo-de-enfermagem-1780004917460-6 ÔÇö conteudo_json aplicado
  OK instituto-ibed-enfermagem-processo-de-enfermagem-1780004917460-7 ÔÇö conteudo_json aplicado
  OK instituto-ibed-enfermagem-processo-de-enfermagem-1780004917460-8 ÔÇö conteudo_json aplicado
  OK instituto-ibed-enfermagem-processo-de-enfermagem-1780004917460-9 ÔÇö conteudo_json aplicado
  OK instituto-ibed-enfermagem-processo-de-enfermagem-1780004926596-0 ÔÇö conteudo_json aplicado
  OK instituto-ibed-enfermagem-processo-de-enfermagem-1780004926596-1 ÔÇö conteudo_json aplicado
  OK instituto-ibed-enfermagem-processo-de-enfermagem-1780004926596-2 ÔÇö conteudo_json aplicado
  OK instituto-ibed-enfermagem-processo-de-enfermagem-1780004926596-3 ÔÇö conteudo_json aplicado
  OK instituto-ibed-enfermagem-processo-de-enfermagem-1780004926596-4 ÔÇö conteudo_json aplicado
  OK instituto-ibed-enfermagem-processo-de-enfermagem-1780004926596-5 ÔÇö conteudo_json aplicado
  OK instituto-ibed-enfermagem-processo-de-enfermagem-1780004926596-6 ÔÇö conteudo_json aplicado
  OK instituto-ibed-enfermagem-processo-de-enfermagem-1780004926596-7 ÔÇö conteudo_json aplicado
  OK instituto-ibed-enfermagem-processo-de-enfermagem-1780004926596-8 ÔÇö conteudo_json aplicado
  OK instituto-ibed-enfermagem-processo-de-enfermagem-1780004926596-9 ÔÇö conteudo_json aplicado
  OK instituto-ibed-enfermagem-processo-de-enfermagem-1780004982901-0 ÔÇö conteudo_json aplicado
  OK instituto-ibed-enfermagem-processo-de-enfermagem-1780004982901-1 ÔÇö conteudo_json aplicado
  OK instituto-ibed-enfermagem-processo-de-enfermagem-1780004982901-2 ÔÇö conteudo_json aplicado
  OK instituto-ibed-enfermagem-processo-de-enfermagem-1780004982901-3 ÔÇö conteudo_json aplicado
  OK instituto-verbena-enfermagem-processo-de-enfermagem-1776056140199-6 ÔÇö conteudo_json aplicado
  OK instituto-verbena-enfermagem-processo-de-enfermagem-1776056149404-1 ÔÇö conteudo_json aplicado
  OK instituto-verbena-enfermagem-processo-de-enfermagem-1780002389285-9 ÔÇö conteudo_json aplicado
  OK instituto-verbena-enfermagem-processo-de-enfermagem-1780002441285-0 ÔÇö conteudo_json aplicado
  OK instituto-verbena-enfermagem-processo-de-enfermagem-1780002441285-1 ÔÇö conteudo_json aplicado
  OK instituto-verbena-enfermagem-processo-de-enfermagem-1780002441285-2 ÔÇö conteudo_json aplicado
  OK instituto-verbena-enfermagem-processo-de-enfermagem-1780002441285-3 ÔÇö conteudo_json aplicado
  OK instituto-verbena-enfermagem-processo-de-enfermagem-1780008197597-3 ÔÇö conteudo_json aplicado
  OK instituto-verbena-enfermagem-processo-de-enfermagem-1780008197597-4 ÔÇö conteudo_json aplicado
  OK instituto-verbena-enfermagem-processo-de-enfermagem-1780008197597-5 ÔÇö conteudo_json aplicado
  OK instituto-verbena-enfermagem-processo-de-enfermagem-1780008197597-6 ÔÇö conteudo_json aplicado
  OK instituto-verbena-enfermagem-processo-de-enfermagem-1780008197597-7 ÔÇö conteudo_json aplicado
  OK instituto-verbena-enfermagem-processo-de-enfermagem-1780008197597-8 ÔÇö conteudo_json aplicado
  OK instituto-verbena-enfermagem-processo-de-enfermagem-1780008197597-9 ÔÇö conteudo_json aplicado
  OK instituto-verbena-enfermagem-processo-de-enfermagem-1780008210115-0 ÔÇö conteudo_json aplicado
  OK instituto-verbena-enfermagem-processo-de-enfermagem-1780008210115-1 ÔÇö conteudo_json aplicado
  OK instituto-verbena-enfermagem-processo-de-enfermagem-1780008210115-2 ÔÇö conteudo_json aplicado
  OK instituto-verbena-enfermagem-processo-de-enfermagem-1780008210115-3 ÔÇö conteudo_json aplicado
  OK instituto-verbena-enfermagem-processo-de-enfermagem-1780008210115-4 ÔÇö conteudo_json aplicado
  OK instituto-verbena-enfermagem-processo-de-enfermagem-1780008210115-5 ÔÇö conteudo_json aplicado
  OK instituto-verbena-enfermagem-processo-de-enfermagem-1780009303038-0 ÔÇö conteudo_json aplicado
  OK instituto-verbena-enfermagem-processo-de-enfermagem-1780009303038-1 ÔÇö conteudo_json aplicado
  OK instituto-verbena-enfermagem-processo-de-enfermagem-1780009303038-2 ÔÇö conteudo_json aplicado
  OK instituto-verbena-enfermagem-processo-de-enfermagem-1780009303038-3 ÔÇö conteudo_json aplicado
[catalog:apply-lote] report=C:\AVANT\artifacts\catalog-migration-processo-de-enfermagem-lote-17-applied.json

=== processo-de-enfermagem-lote-18 2026-06-09T18:43:57.1189882-03:00 ===

> avant@0.1.0 catalog:apply-lote
> tsx scripts/catalog-migration-apply-lote.ts --lote=processo-de-enfermagem-lote-18 --apply

[catalog:apply-lote] lote=processo-de-enfermagem-lote-18 mode=apply
[catalog:apply-lote] ok=50 skipped=0 failed=0
  OK instituto-verbena-enfermagem-processo-de-enfermagem-1780009303038-4 ÔÇö conteudo_json aplicado
  OK instituto-verbena-enfermagem-processo-de-enfermagem-1780009303038-5 ÔÇö conteudo_json aplicado
  OK instituto-verbena-enfermagem-processo-de-enfermagem-1780009303038-6 ÔÇö conteudo_json aplicado
  OK instituto-verbena-enfermagem-processo-de-enfermagem-1780009303038-7 ÔÇö conteudo_json aplicado
  OK instituto-verbena-enfermagem-processo-de-enfermagem-1780009303038-8 ÔÇö conteudo_json aplicado
  OK instituto-verbena-enfermagem-processo-de-enfermagem-1780009303038-9 ÔÇö conteudo_json aplicado
  OK instituto-verbena-enfermagem-processo-de-enfermagem-1780009310940-0 ÔÇö conteudo_json aplicado
  OK instituto-verbena-enfermagem-processo-de-enfermagem-1780009310940-1 ÔÇö conteudo_json aplicado
  OK legalle-enfermagem-processo-de-enfermagem-1780010579953-5 ÔÇö conteudo_json aplicado
  OK legalle-enfermagem-processo-de-enfermagem-1780010579953-6 ÔÇö conteudo_json aplicado
  OK legalle-enfermagem-processo-de-enfermagem-1780010579953-7 ÔÇö conteudo_json aplicado
  OK legalle-enfermagem-processo-de-enfermagem-1780010579953-8 ÔÇö conteudo_json aplicado
  OK legalle-enfermagem-processo-de-enfermagem-1780010579953-9 ÔÇö conteudo_json aplicado
  OK legalle-enfermagem-processo-de-enfermagem-1780010585356-0 ÔÇö conteudo_json aplicado
  OK legalle-enfermagem-processo-de-enfermagem-1780010585356-1 ÔÇö conteudo_json aplicado
  OK legalle-enfermagem-processo-de-enfermagem-1780010585356-2 ÔÇö conteudo_json aplicado
  OK legalle-enfermagem-processo-de-enfermagem-1780010585356-3 ÔÇö conteudo_json aplicado
  OK legalle-enfermagem-processo-de-enfermagem-1780010585356-4 ÔÇö conteudo_json aplicado
  OK legalle-enfermagem-processo-de-enfermagem-1780010585356-5 ÔÇö conteudo_json aplicado
  OK legalle-enfermagem-processo-de-enfermagem-1780010585356-6 ÔÇö conteudo_json aplicado
  OK legalle-enfermagem-processo-de-enfermagem-1780010585356-7 ÔÇö conteudo_json aplicado
  OK legalle-enfermagem-processo-de-enfermagem-1780010585356-8 ÔÇö conteudo_json aplicado
  OK legalle-enfermagem-processo-de-enfermagem-1780010585356-9 ÔÇö conteudo_json aplicado
  OK legalle-enfermagem-processo-de-enfermagem-1780010594524-0 ÔÇö conteudo_json aplicado
  OK legalle-enfermagem-processo-de-enfermagem-1780010594524-1 ÔÇö conteudo_json aplicado
  OK legalle-enfermagem-processo-de-enfermagem-1780010594524-2 ÔÇö conteudo_json aplicado
  OK legalle-enfermagem-processo-de-enfermagem-1780010594524-3 ÔÇö conteudo_json aplicado
  OK legalle-enfermagem-processo-de-enfermagem-1780010594524-4 ÔÇö conteudo_json aplicado
  OK legalle-enfermagem-processo-de-enfermagem-1780010905023-7 ÔÇö conteudo_json aplicado
  OK legalle-enfermagem-processo-de-enfermagem-1780010905023-8 ÔÇö conteudo_json aplicado
  OK legalle-enfermagem-processo-de-enfermagem-1780010905023-9 ÔÇö conteudo_json aplicado
  OK legalle-enfermagem-processo-de-enfermagem-1780010911471-0 ÔÇö conteudo_json aplicado
  OK legalle-enfermagem-processo-de-enfermagem-1780010911471-1 ÔÇö conteudo_json aplicado
  OK legalle-enfermagem-processo-de-enfermagem-1780010911471-2 ÔÇö conteudo_json aplicado
  OK legalle-enfermagem-processo-de-enfermagem-1780010911471-3 ÔÇö conteudo_json aplicado
  OK legalle-enfermagem-processo-de-enfermagem-1780010911471-4 ÔÇö conteudo_json aplicado
  OK legalle-enfermagem-processo-de-enfermagem-1780010911471-5 ÔÇö conteudo_json aplicado
  OK legalle-enfermagem-processo-de-enfermagem-1780010911471-6 ÔÇö conteudo_json aplicado
  OK legalle-enfermagem-processo-de-enfermagem-1780010911471-7 ÔÇö conteudo_json aplicado
  OK legalle-enfermagem-processo-de-enfermagem-1780010911471-8 ÔÇö conteudo_json aplicado
  OK legalle-enfermagem-processo-de-enfermagem-1780010917301-0 ÔÇö conteudo_json aplicado
  OK legalle-enfermagem-processo-de-enfermagem-1780010917301-1 ÔÇö conteudo_json aplicado
  OK legalle-enfermagem-processo-de-enfermagem-1780011879977-5 ÔÇö conteudo_json aplicado
  OK legalle-enfermagem-processo-de-enfermagem-1780011879977-6 ÔÇö conteudo_json aplicado
  OK legalle-enfermagem-processo-de-enfermagem-1780011879977-7 ÔÇö conteudo_json aplicado
  OK legalle-enfermagem-processo-de-enfermagem-1780011879977-8 ÔÇö conteudo_json aplicado
  OK legalle-enfermagem-processo-de-enfermagem-1780011879977-9 ÔÇö conteudo_json aplicado
  OK legalle-enfermagem-processo-de-enfermagem-1780011887822-0 ÔÇö conteudo_json aplicado
  OK legalle-enfermagem-processo-de-enfermagem-1780011887822-1 ÔÇö conteudo_json aplicado
  OK legalle-enfermagem-processo-de-enfermagem-1780011887822-2 ÔÇö conteudo_json aplicado
[catalog:apply-lote] report=C:\AVANT\artifacts\catalog-migration-processo-de-enfermagem-lote-18-applied.json

=== processo-de-enfermagem-lote-19 2026-06-09T18:44:27.5936700-03:00 ===

> avant@0.1.0 catalog:apply-lote
> tsx scripts/catalog-migration-apply-lote.ts --lote=processo-de-enfermagem-lote-19 --apply

[catalog:apply-lote] lote=processo-de-enfermagem-lote-19 mode=apply
[catalog:apply-lote] ok=50 skipped=0 failed=0
  OK legalle-enfermagem-processo-de-enfermagem-1780011887822-3 ÔÇö conteudo_json aplicado
  OK legalle-enfermagem-processo-de-enfermagem-1780011887822-4 ÔÇö conteudo_json aplicado
  OK legalle-enfermagem-processo-de-enfermagem-1780011967989-0 ÔÇö conteudo_json aplicado
  OK ms-sarmento-enfermagem-processo-de-enfermagem-1776056021381-2 ÔÇö conteudo_json aplicado
  OK ms-sarmento-enfermagem-processo-de-enfermagem-1776056140199-0 ÔÇö conteudo_json aplicado
  OK ms-sarmento-enfermagem-processo-de-enfermagem-1780008210115-6 ÔÇö conteudo_json aplicado
  OK ms-sarmento-enfermagem-processo-de-enfermagem-1780008210115-7 ÔÇö conteudo_json aplicado
  OK ms-sarmento-enfermagem-processo-de-enfermagem-1780008210115-8 ÔÇö conteudo_json aplicado
  OK ms-sarmento-enfermagem-processo-de-enfermagem-1780008210115-9 ÔÇö conteudo_json aplicado
  OK ms-sarmento-enfermagem-processo-de-enfermagem-1780008219236-0 ÔÇö conteudo_json aplicado
  OK ms-sarmento-enfermagem-processo-de-enfermagem-1780008219236-1 ÔÇö conteudo_json aplicado
  OK ms-sarmento-enfermagem-processo-de-enfermagem-1780008219236-2 ÔÇö conteudo_json aplicado
  OK ms-sarmento-enfermagem-processo-de-enfermagem-1780008219236-3 ÔÇö conteudo_json aplicado
  OK ms-sarmento-enfermagem-processo-de-enfermagem-1780008219236-4 ÔÇö conteudo_json aplicado
  OK ms-sarmento-enfermagem-processo-de-enfermagem-1780008219236-5 ÔÇö conteudo_json aplicado
  OK ms-sarmento-enfermagem-processo-de-enfermagem-1780008219236-6 ÔÇö conteudo_json aplicado
  OK ms-sarmento-enfermagem-processo-de-enfermagem-1780008219236-7 ÔÇö conteudo_json aplicado
  OK ms-sarmento-enfermagem-processo-de-enfermagem-1780008219236-8 ÔÇö conteudo_json aplicado
  OK ms-sarmento-enfermagem-processo-de-enfermagem-1780008219236-9 ÔÇö conteudo_json aplicado
  OK ms-sarmento-enfermagem-processo-de-enfermagem-1780008225255-0 ÔÇö conteudo_json aplicado
  OK ms-sarmento-enfermagem-processo-de-enfermagem-1780008225255-1 ÔÇö conteudo_json aplicado
  OK ms-sarmento-enfermagem-processo-de-enfermagem-1780008225255-2 ÔÇö conteudo_json aplicado
  OK objetiva-concursos-enfermagem-processo-de-enfermagem-1780010566816-4 ÔÇö conteudo_json aplicado
  OK objetiva-concursos-enfermagem-processo-de-enfermagem-1780010566816-5 ÔÇö conteudo_json aplicado
  OK objetiva-concursos-enfermagem-processo-de-enfermagem-1780010566816-6 ÔÇö conteudo_json aplicado
  OK objetiva-concursos-enfermagem-processo-de-enfermagem-1780010566816-7 ÔÇö conteudo_json aplicado
  OK objetiva-concursos-enfermagem-processo-de-enfermagem-1780010566816-8 ÔÇö conteudo_json aplicado
  OK objetiva-concursos-enfermagem-processo-de-enfermagem-1780010566816-9 ÔÇö conteudo_json aplicado
  OK objetiva-concursos-enfermagem-processo-de-enfermagem-1780010573104-0 ÔÇö conteudo_json aplicado
  OK objetiva-concursos-enfermagem-processo-de-enfermagem-1780010573104-1 ÔÇö conteudo_json aplicado
  OK objetiva-concursos-enfermagem-processo-de-enfermagem-1780010573104-2 ÔÇö conteudo_json aplicado
  OK objetiva-concursos-enfermagem-processo-de-enfermagem-1780010573104-3 ÔÇö conteudo_json aplicado
  OK objetiva-concursos-enfermagem-processo-de-enfermagem-1780010573104-4 ÔÇö conteudo_json aplicado
  OK quadrix-enfermagem-processo-de-enfermagem-1776056181857-6 ÔÇö conteudo_json aplicado
  OK quadrix-enfermagem-processo-de-enfermagem-1776056181857-7 ÔÇö conteudo_json aplicado
  OK quadrix-enfermagem-processo-de-enfermagem-1780008241722-2 ÔÇö conteudo_json aplicado
  OK quadrix-enfermagem-processo-de-enfermagem-1780008241722-3 ÔÇö conteudo_json aplicado
  OK quadrix-enfermagem-processo-de-enfermagem-1780008241722-4 ÔÇö conteudo_json aplicado
  OK quadrix-enfermagem-processo-de-enfermagem-1780008241722-5 ÔÇö conteudo_json aplicado
  OK quadrix-enfermagem-processo-de-enfermagem-1780008241722-6 ÔÇö conteudo_json aplicado
  OK quadrix-enfermagem-processo-de-enfermagem-1780008241722-7 ÔÇö conteudo_json aplicado
  OK quadrix-enfermagem-processo-de-enfermagem-1780008241722-8 ÔÇö conteudo_json aplicado
  OK quadrix-enfermagem-processo-de-enfermagem-1780008241722-9 ÔÇö conteudo_json aplicado
  OK quadrix-enfermagem-processo-de-enfermagem-1780009281546-0 ÔÇö conteudo_json aplicado
  OK quadrix-enfermagem-processo-de-enfermagem-1780009281546-1 ÔÇö conteudo_json aplicado
  OK quadrix-enfermagem-processo-de-enfermagem-1780009281546-2 ÔÇö conteudo_json aplicado
  OK quadrix-enfermagem-processo-de-enfermagem-1780009281546-3 ÔÇö conteudo_json aplicado
  OK quadrix-enfermagem-processo-de-enfermagem-1780009281546-4 ÔÇö conteudo_json aplicado
  OK quadrix-enfermagem-processo-de-enfermagem-1780009281546-5 ÔÇö conteudo_json aplicado
  OK quadrix-enfermagem-processo-de-enfermagem-1780009281546-6 ÔÇö conteudo_json aplicado
[catalog:apply-lote] report=C:\AVANT\artifacts\catalog-migration-processo-de-enfermagem-lote-19-applied.json

=== processo-de-enfermagem-lote-20 2026-06-09T18:44:57.2117875-03:00 ===

> avant@0.1.0 catalog:apply-lote
> tsx scripts/catalog-migration-apply-lote.ts --lote=processo-de-enfermagem-lote-20 --apply

[catalog:apply-lote] lote=processo-de-enfermagem-lote-20 mode=apply
[catalog:apply-lote] ok=50 skipped=0 failed=0
  OK quadrix-enfermagem-processo-de-enfermagem-1780009281546-7 ÔÇö conteudo_json aplicado
  OK quadrix-enfermagem-processo-de-enfermagem-1780009281546-8 ÔÇö conteudo_json aplicado
  OK quadrix-enfermagem-processo-de-enfermagem-1780009281546-9 ÔÇö conteudo_json aplicado
  OK quadrix-enfermagem-processo-de-enfermagem-1780009294428-0 ÔÇö conteudo_json aplicado
  OK quadrix-enfermagem-processo-de-enfermagem-1780009294428-1 ÔÇö conteudo_json aplicado
  OK quadrix-enfermagem-processo-de-enfermagem-1780009294428-2 ÔÇö conteudo_json aplicado
  OK quadrix-enfermagem-processo-de-enfermagem-1780009294428-3 ÔÇö conteudo_json aplicado
  OK quadrix-enfermagem-processo-de-enfermagem-1780009294428-4 ÔÇö conteudo_json aplicado
  OK quadrix-enfermagem-processo-de-enfermagem-1780009294428-5 ÔÇö conteudo_json aplicado
  OK quadrix-enfermagem-processo-de-enfermagem-1780009294428-6 ÔÇö conteudo_json aplicado
  OK quadrix-enfermagem-processo-de-enfermagem-1780009294428-7 ÔÇö conteudo_json aplicado
  OK quadrix-enfermagem-processo-de-enfermagem-1780009294428-8 ÔÇö conteudo_json aplicado
  OK quadrix-enfermagem-processo-de-enfermagem-1780009294428-9 ÔÇö conteudo_json aplicado
  OK selecon-enfermagem-processo-de-enfermagem-1780009310940-2 ÔÇö conteudo_json aplicado
  OK selecon-enfermagem-processo-de-enfermagem-1780009310940-3 ÔÇö conteudo_json aplicado
  OK selecon-enfermagem-processo-de-enfermagem-1780009310940-4 ÔÇö conteudo_json aplicado
  OK selecon-enfermagem-processo-de-enfermagem-1780009310940-5 ÔÇö conteudo_json aplicado
  OK selecon-enfermagem-processo-de-enfermagem-1780009310940-6 ÔÇö conteudo_json aplicado
  OK selecon-enfermagem-processo-de-enfermagem-1780009310940-7 ÔÇö conteudo_json aplicado
  OK selecon-enfermagem-processo-de-enfermagem-1780009310940-8 ÔÇö conteudo_json aplicado
  OK selecon-enfermagem-processo-de-enfermagem-1780009310940-9 ÔÇö conteudo_json aplicado
  OK selecon-enfermagem-processo-de-enfermagem-1780009322055-0 ÔÇö conteudo_json aplicado
  OK selecon-enfermagem-processo-de-enfermagem-1780009322055-1 ÔÇö conteudo_json aplicado
  OK selecon-enfermagem-processo-de-enfermagem-1780009322055-2 ÔÇö conteudo_json aplicado
  OK selecon-enfermagem-processo-de-enfermagem-1780009322055-3 ÔÇö conteudo_json aplicado
  OK selecon-enfermagem-processo-de-enfermagem-1780009322055-4 ÔÇö conteudo_json aplicado
  OK selecon-enfermagem-processo-de-enfermagem-1780009322055-5 ÔÇö conteudo_json aplicado
  OK selecon-enfermagem-processo-de-enfermagem-1780009322055-6 ÔÇö conteudo_json aplicado
  OK selecon-enfermagem-processo-de-enfermagem-1780009322055-7 ÔÇö conteudo_json aplicado
  OK selecon-enfermagem-processo-de-enfermagem-1780009322055-8 ÔÇö conteudo_json aplicado
  OK selecon-enfermagem-processo-de-enfermagem-1780009322055-9 ÔÇö conteudo_json aplicado
  OK selecon-enfermagem-processo-de-enfermagem-1780009359555-0 ÔÇö conteudo_json aplicado
  OK ufmt-enfermagem-processo-de-enfermagem-1776055865890-1 ÔÇö conteudo_json aplicado
  OK ufmt-enfermagem-processo-de-enfermagem-1776055865890-2 ÔÇö conteudo_json aplicado
  OK ufmt-enfermagem-processo-de-enfermagem-1776056021381-5 ÔÇö conteudo_json aplicado
  OK unesc-enfermagem-processo-de-enfermagem-1776056009428-3 ÔÇö conteudo_json aplicado
  OK unesc-enfermagem-processo-de-enfermagem-1776056129848-0 ÔÇö conteudo_json aplicado
  OK unesc-enfermagem-processo-de-enfermagem-1776056149404-5 ÔÇö conteudo_json aplicado
  OK unifil-enfermagem-processo-de-enfermagem-1780003637054-8 ÔÇö conteudo_json aplicado
  OK unifil-enfermagem-processo-de-enfermagem-1780003645544-0 ÔÇö conteudo_json aplicado
  OK unifil-enfermagem-processo-de-enfermagem-1780003645544-1 ÔÇö conteudo_json aplicado
  OK unifil-enfermagem-processo-de-enfermagem-1780003645544-2 ÔÇö conteudo_json aplicado
  OK unifil-enfermagem-processo-de-enfermagem-1780003645544-3 ÔÇö conteudo_json aplicado
  OK unifil-enfermagem-processo-de-enfermagem-1780003645544-4 ÔÇö conteudo_json aplicado
  OK unifil-enfermagem-processo-de-enfermagem-1780003645544-5 ÔÇö conteudo_json aplicado
  OK unifil-enfermagem-processo-de-enfermagem-1780003645544-6 ÔÇö conteudo_json aplicado
  OK unifil-enfermagem-processo-de-enfermagem-1780003645544-7 ÔÇö conteudo_json aplicado
  OK unifil-enfermagem-processo-de-enfermagem-1780003645544-8 ÔÇö conteudo_json aplicado
  OK unifil-enfermagem-processo-de-enfermagem-1780003645544-9 ÔÇö conteudo_json aplicado
  OK unifil-enfermagem-processo-de-enfermagem-1780003654722-0 ÔÇö conteudo_json aplicado
[catalog:apply-lote] report=C:\AVANT\artifacts\catalog-migration-processo-de-enfermagem-lote-20-applied.json

=== processo-de-enfermagem-lote-21 2026-06-09T18:45:25.2227260-03:00 ===

> avant@0.1.0 catalog:apply-lote
> tsx scripts/catalog-migration-apply-lote.ts --lote=processo-de-enfermagem-lote-21 --apply

[catalog:apply-lote] lote=processo-de-enfermagem-lote-21 mode=apply
[catalog:apply-lote] ok=50 skipped=0 failed=0
  OK unifil-enfermagem-processo-de-enfermagem-1780003654722-1 ÔÇö conteudo_json aplicado
  OK unifil-enfermagem-processo-de-enfermagem-1780003654722-2 ÔÇö conteudo_json aplicado
  OK unifil-enfermagem-processo-de-enfermagem-1780004452857-4 ÔÇö conteudo_json aplicado
  OK unifil-enfermagem-processo-de-enfermagem-1780004452857-5 ÔÇö conteudo_json aplicado
  OK unifil-enfermagem-processo-de-enfermagem-1780004452857-6 ÔÇö conteudo_json aplicado
  OK unifil-enfermagem-processo-de-enfermagem-1780004452857-7 ÔÇö conteudo_json aplicado
  OK unifil-enfermagem-processo-de-enfermagem-1780004452857-8 ÔÇö conteudo_json aplicado
  OK unifil-enfermagem-processo-de-enfermagem-1780004452857-9 ÔÇö conteudo_json aplicado
  OK unifil-enfermagem-processo-de-enfermagem-1780004469060-0 ÔÇö conteudo_json aplicado
  OK unifil-enfermagem-processo-de-enfermagem-1780004469060-1 ÔÇö conteudo_json aplicado
  OK unifil-enfermagem-processo-de-enfermagem-1780004469060-2 ÔÇö conteudo_json aplicado
  OK unifil-enfermagem-processo-de-enfermagem-1780004469060-3 ÔÇö conteudo_json aplicado
  OK unifil-enfermagem-processo-de-enfermagem-1780004469060-4 ÔÇö conteudo_json aplicado
  OK unifil-enfermagem-processo-de-enfermagem-1780004469060-5 ÔÇö conteudo_json aplicado
  OK unifil-enfermagem-processo-de-enfermagem-1780004469060-6 ÔÇö conteudo_json aplicado
  OK unifil-enfermagem-processo-de-enfermagem-1780004469060-7 ÔÇö conteudo_json aplicado
  OK unifil-enfermagem-processo-de-enfermagem-1780004469060-8 ÔÇö conteudo_json aplicado
  OK unifil-enfermagem-processo-de-enfermagem-1780004469060-9 ÔÇö conteudo_json aplicado
  OK univali-enfermagem-processo-de-enfermagem-1780010594524-5 ÔÇö conteudo_json aplicado
  OK univali-enfermagem-processo-de-enfermagem-1780010594524-6 ÔÇö conteudo_json aplicado
  OK univali-enfermagem-processo-de-enfermagem-1780010594524-7 ÔÇö conteudo_json aplicado
  OK univali-enfermagem-processo-de-enfermagem-1780010594524-8 ÔÇö conteudo_json aplicado
  OK univali-enfermagem-processo-de-enfermagem-1780010594524-9 ÔÇö conteudo_json aplicado
  OK univali-enfermagem-processo-de-enfermagem-1780010600919-0 ÔÇö conteudo_json aplicado
  OK univali-enfermagem-processo-de-enfermagem-1780010600919-1 ÔÇö conteudo_json aplicado
  OK univali-enfermagem-processo-de-enfermagem-1780010600919-2 ÔÇö conteudo_json aplicado
  OK univali-enfermagem-processo-de-enfermagem-1780010600919-3 ÔÇö conteudo_json aplicado
  OK univali-enfermagem-processo-de-enfermagem-1780010600919-4 ÔÇö conteudo_json aplicado
  OK univali-enfermagem-processo-de-enfermagem-1780010600919-5 ÔÇö conteudo_json aplicado
  OK univali-enfermagem-processo-de-enfermagem-1780010600919-6 ÔÇö conteudo_json aplicado
  OK univali-enfermagem-processo-de-enfermagem-1780010600919-7 ÔÇö conteudo_json aplicado
  OK univali-enfermagem-processo-de-enfermagem-1780010600919-8 ÔÇö conteudo_json aplicado
  OK univali-enfermagem-processo-de-enfermagem-1780010600919-9 ÔÇö conteudo_json aplicado
  OK univali-enfermagem-processo-de-enfermagem-1780010905023-0 ÔÇö conteudo_json aplicado
  OK univali-enfermagem-processo-de-enfermagem-1780010905023-1 ÔÇö conteudo_json aplicado
  OK univali-enfermagem-processo-de-enfermagem-1780010905023-2 ÔÇö conteudo_json aplicado
  OK univali-enfermagem-processo-de-enfermagem-1780010905023-3 ÔÇö conteudo_json aplicado
  OK univali-enfermagem-processo-de-enfermagem-1780010905023-4 ÔÇö conteudo_json aplicado
  OK univali-enfermagem-processo-de-enfermagem-1780010905023-5 ÔÇö conteudo_json aplicado
  OK univali-enfermagem-processo-de-enfermagem-1780010905023-6 ÔÇö conteudo_json aplicado
  OK vunesp-enfermagem-processo-de-enfermagem-1776055865890-0 ÔÇö conteudo_json aplicado
  OK vunesp-enfermagem-processo-de-enfermagem-1776056009428-5 ÔÇö conteudo_json aplicado
  OK vunesp-enfermagem-processo-de-enfermagem-1776056149404-7 ÔÇö conteudo_json aplicado
  OK vunesp-enfermagem-processo-de-enfermagem-1776056149404-8 ÔÇö conteudo_json aplicado
  OK vunesp-enfermagem-processo-de-enfermagem-1780001673873-2 ÔÇö conteudo_json aplicado
  OK vunesp-enfermagem-processo-de-enfermagem-1780001673873-3 ÔÇö conteudo_json aplicado
  OK vunesp-enfermagem-processo-de-enfermagem-1780001673873-4 ÔÇö conteudo_json aplicado
  OK vunesp-enfermagem-processo-de-enfermagem-1780001673873-5 ÔÇö conteudo_json aplicado
  OK vunesp-enfermagem-processo-de-enfermagem-1780001673873-6 ÔÇö conteudo_json aplicado
  OK vunesp-enfermagem-processo-de-enfermagem-1780001673873-7 ÔÇö conteudo_json aplicado
[catalog:apply-lote] report=C:\AVANT\artifacts\catalog-migration-processo-de-enfermagem-lote-21-applied.json

=== processo-de-enfermagem-lote-22 2026-06-09T18:45:55.4045024-03:00 ===

> avant@0.1.0 catalog:apply-lote
> tsx scripts/catalog-migration-apply-lote.ts --lote=processo-de-enfermagem-lote-22 --apply

[catalog:apply-lote] lote=processo-de-enfermagem-lote-22 mode=apply
[catalog:apply-lote] ok=15 skipped=0 failed=0
  OK vunesp-enfermagem-processo-de-enfermagem-1780001673873-8 ÔÇö conteudo_json aplicado
  OK vunesp-enfermagem-processo-de-enfermagem-1780001673873-9 ÔÇö conteudo_json aplicado
  OK vunesp-enfermagem-processo-de-enfermagem-1780001742844-0 ÔÇö conteudo_json aplicado
  OK vunesp-enfermagem-processo-de-enfermagem-1780001742844-1 ÔÇö conteudo_json aplicado
  OK vunesp-enfermagem-processo-de-enfermagem-1780001742844-2 ÔÇö conteudo_json aplicado
  OK vunesp-enfermagem-processo-de-enfermagem-1780001742844-3 ÔÇö conteudo_json aplicado
  OK vunesp-enfermagem-processo-de-enfermagem-1780001742844-4 ÔÇö conteudo_json aplicado
  OK vunesp-enfermagem-processo-de-enfermagem-1780001742844-5 ÔÇö conteudo_json aplicado
  OK vunesp-enfermagem-processo-de-enfermagem-1780001742844-6 ÔÇö conteudo_json aplicado
  OK vunesp-enfermagem-processo-de-enfermagem-1780003637054-2 ÔÇö conteudo_json aplicado
  OK vunesp-enfermagem-processo-de-enfermagem-1780003637054-3 ÔÇö conteudo_json aplicado
  OK vunesp-enfermagem-processo-de-enfermagem-1780003637054-4 ÔÇö conteudo_json aplicado
  OK vunesp-enfermagem-processo-de-enfermagem-1780003637054-5 ÔÇö conteudo_json aplicado
  OK vunesp-enfermagem-processo-de-enfermagem-1780003637054-6 ÔÇö conteudo_json aplicado
  OK vunesp-enfermagem-processo-de-enfermagem-1780003637054-7 ÔÇö conteudo_json aplicado
[catalog:apply-lote] report=C:\AVANT\artifacts\catalog-migration-processo-de-enfermagem-lote-22-applied.json

=== urgencias-e-emergencias-lote-01 2026-06-09T18:46:06.3446063-03:00 ===

> avant@0.1.0 catalog:apply-lote
> tsx scripts/catalog-migration-apply-lote.ts --lote=urgencias-e-emergencias-lote-01 --apply

[catalog:apply-lote] lote=urgencias-e-emergencias-lote-01 mode=apply
[catalog:apply-lote] ok=50 skipped=0 failed=0
  OK adm-tec-enfermagem-urgencias-e-emergencias-1777103970505-4 ÔÇö conteudo_json aplicado
  OK adm-tec-enfermagem-urgencias-e-emergencias-1777103970505-5 ÔÇö conteudo_json aplicado
  OK adm-tec-enfermagem-urgencias-e-emergencias-1777103970505-6 ÔÇö conteudo_json aplicado
  OK adm-tec-enfermagem-urgencias-e-emergencias-1777103970505-7 ÔÇö conteudo_json aplicado
  OK adm-tec-enfermagem-urgencias-e-emergencias-1777103970505-8 ÔÇö conteudo_json aplicado
  OK avancasp-enfermagem-urgencias-e-emergencias-1777103970505-1 ÔÇö conteudo_json aplicado
  OK avancasp-enfermagem-urgencias-e-emergencias-1777104024064-5 ÔÇö conteudo_json aplicado
  OK avancasp-enfermagem-urgencias-e-emergencias-1777104083571-4 ÔÇö conteudo_json aplicado
  OK avancasp-geral-urgencias-e-emergencias-1777104083571-3 ÔÇö conteudo_json aplicado
  OK com-exam-pref-bauru-enfermagem-urgencias-e-emergencias-1777104056718-4 ÔÇö conteudo_json aplicado
  OK cotec-fadenor-enfermagem-urgencias-e-emergencias-1777104018306-8 ÔÇö conteudo_json aplicado
  OK cpcon-uepb-enfermagem-urgencias-e-emergencias-1777103976379-0 ÔÇö conteudo_json aplicado
  OK cpcon-uepb-enfermagem-urgencias-e-emergencias-1777103976379-1 ÔÇö conteudo_json aplicado
  OK cpcon-uepb-geral-urgencias-e-emergencias-1777103970505-0 ÔÇö conteudo_json aplicado
  OK educa-pb-enfermagem-urgencias-e-emergencias-1777104070286-6 ÔÇö conteudo_json aplicado
  OK facet-enfermagem-urgencias-e-emergencias-1777103976379-2 ÔÇö conteudo_json aplicado
  OK facet-enfermagem-urgencias-e-emergencias-1777103976379-3 ÔÇö conteudo_json aplicado
  OK facet-geral-urgencias-e-emergencias-1777103976379-4 ÔÇö conteudo_json aplicado
  OK fau-unicentro-enfermagem-urgencias-e-emergencias-1777104031822-3 ÔÇö conteudo_json aplicado
  OK fau-unicentro-enfermagem-urgencias-e-emergencias-1777104031822-4 ÔÇö conteudo_json aplicado
  OK fauel-enfermagem-urgencias-e-emergencias-1777104018306-9 ÔÇö conteudo_json aplicado
  OK fauel-enfermagem-urgencias-e-emergencias-1777104024064-0 ÔÇö conteudo_json aplicado
  OK fepese-enfermagem-urgencias-e-emergencias-1777103988389-9 ÔÇö conteudo_json aplicado
  OK fepese-enfermagem-urgencias-e-emergencias-1777103994618-0 ÔÇö conteudo_json aplicado
  OK fepese-enfermagem-urgencias-e-emergencias-1777103994618-1 ÔÇö conteudo_json aplicado
  OK fgv-enfermagem-urgencias-e-emergencias-1777104056718-6 ÔÇö conteudo_json aplicado
  OK fgv-enfermagem-urgencias-e-emergencias-1777104063550-1 ÔÇö conteudo_json aplicado
  OK fgv-enfermagem-urgencias-e-emergencias-1777104063550-2 ÔÇö conteudo_json aplicado
  OK funatec-enfermagem-urgencias-e-emergencias-1777104077075-3 ÔÇö conteudo_json aplicado
  OK funatec-enfermagem-urgencias-e-emergencias-1777104077075-4 ÔÇö conteudo_json aplicado
  OK funatec-enfermagem-urgencias-e-emergencias-1777104077075-5 ÔÇö conteudo_json aplicado
  OK funcern-enfermagem-urgencias-e-emergencias-1777104000896-4 ÔÇö conteudo_json aplicado
  OK funcern-enfermagem-urgencias-e-emergencias-1777104007115-4 ÔÇö conteudo_json aplicado
  OK funcern-enfermagem-urgencias-e-emergencias-1777104007115-5 ÔÇö conteudo_json aplicado
  OK fundatec-enfermagem-urgencias-e-emergencias-1777103976379-5 ÔÇö conteudo_json aplicado
  OK fundatec-enfermagem-urgencias-e-emergencias-1777103994618-3 ÔÇö conteudo_json aplicado
  OK fundatec-enfermagem-urgencias-e-emergencias-1777104007115-6 ÔÇö conteudo_json aplicado
  OK fundatec-enfermagem-urgencias-e-emergencias-1777104056718-7 ÔÇö conteudo_json aplicado
  OK fundatec-enfermagem-urgencias-e-emergencias-1777104056718-8 ÔÇö conteudo_json aplicado
  OK fundepes-copeve-ufal-enfermagem-urgencias-e-emergencias-1777104000896-2 ÔÇö conteudo_json aplicado
  OK fundepes-copeve-ufal-enfermagem-urgencias-e-emergencias-1777104000896-3 ÔÇö conteudo_json aplicado
  OK fundepes-copeve-ufal-enfermagem-urgencias-e-emergencias-1777104007115-7 ÔÇö conteudo_json aplicado
  OK funtef-enfermagem-urgencias-e-emergencias-1777103970505-2 ÔÇö conteudo_json aplicado
  OK funtef-enfermagem-urgencias-e-emergencias-1777103970505-3 ÔÇö conteudo_json aplicado
  OK furb-enfermagem-urgencias-e-emergencias-1777104012755-4 ÔÇö conteudo_json aplicado
  OK furb-enfermagem-urgencias-e-emergencias-1777104012755-5 ÔÇö conteudo_json aplicado
  OK furb-enfermagem-urgencias-e-emergencias-1777104012755-6 ÔÇö conteudo_json aplicado
  OK gama-enfermagem-urgencias-e-emergencias-1777104031822-5 ÔÇö conteudo_json aplicado
  OK gama-enfermagem-urgencias-e-emergencias-1777104031822-6 ÔÇö conteudo_json aplicado
  OK iaupe-enfermagem-urgencias-e-emergencias-1777104012755-1 ÔÇö conteudo_json aplicado
[catalog:apply-lote] report=C:\AVANT\artifacts\catalog-migration-urgencias-e-emergencias-lote-01-applied.json

=== urgencias-e-emergencias-lote-02 2026-06-09T18:46:35.3837396-03:00 ===

> avant@0.1.0 catalog:apply-lote
> tsx scripts/catalog-migration-apply-lote.ts --lote=urgencias-e-emergencias-lote-02 --apply

[catalog:apply-lote] lote=urgencias-e-emergencias-lote-02 mode=apply
[catalog:apply-lote] ok=50 skipped=0 failed=0
  OK ibade-enfermagem-urgencias-e-emergencias-1777103988389-6 ÔÇö conteudo_json aplicado
  OK ibade-geral-urgencias-e-emergencias-1777103590498-1 ÔÇö conteudo_json aplicado
  OK ibade-geral-urgencias-e-emergencias-1777103590498-2 ÔÇö conteudo_json aplicado
  OK ibade-geral-urgencias-e-emergencias-1777103590498-4 ÔÇö conteudo_json aplicado
  OK ibfc-enfermagem-urgencias-e-emergencias-1777103988389-1 ÔÇö conteudo_json aplicado
  OK ibfc-enfermagem-urgencias-e-emergencias-1777103988389-2 ÔÇö conteudo_json aplicado
  OK ibfc-enfermagem-urgencias-e-emergencias-1777103988389-3 ÔÇö conteudo_json aplicado
  OK icece-enfermagem-urgencias-e-emergencias-1780001297464-0 ÔÇö conteudo_json aplicado
  OK idecan-enfermagem-urgencias-e-emergencias-1778712392541-3 ÔÇö conteudo_json aplicado
  OK idecan-enfermagem-urgencias-e-emergencias-1778712392541-4 ÔÇö conteudo_json aplicado
  OK idecan-enfermagem-urgencias-e-emergencias-1778712392541-5 ÔÇö conteudo_json aplicado
  OK idecan-enfermagem-urgencias-e-emergencias-1778712392541-6 ÔÇö conteudo_json aplicado
  OK idecan-enfermagem-urgencias-e-emergencias-1778712392541-7 ÔÇö conteudo_json aplicado
  OK idecan-enfermagem-urgencias-e-emergencias-1778712392541-8 ÔÇö conteudo_json aplicado
  OK idecan-enfermagem-urgencias-e-emergencias-1778712400677-0 ÔÇö conteudo_json aplicado
  OK idecan-enfermagem-urgencias-e-emergencias-1778712400677-1 ÔÇö conteudo_json aplicado
  OK idecan-enfermagem-urgencias-e-emergencias-1778712400677-2 ÔÇö conteudo_json aplicado
  OK idecan-enfermagem-urgencias-e-emergencias-1778712400677-3 ÔÇö conteudo_json aplicado
  OK idecan-enfermagem-urgencias-e-emergencias-1778712400677-4 ÔÇö conteudo_json aplicado
  OK idecan-enfermagem-urgencias-e-emergencias-1778712400677-5 ÔÇö conteudo_json aplicado
  OK idecan-enfermagem-urgencias-e-emergencias-1778712400677-6 ÔÇö conteudo_json aplicado
  OK idecan-enfermagem-urgencias-e-emergencias-1778712400677-7 ÔÇö conteudo_json aplicado
  OK idecan-enfermagem-urgencias-e-emergencias-1778712400677-8 ÔÇö conteudo_json aplicado
  OK idecan-enfermagem-urgencias-e-emergencias-1778712400677-9 ÔÇö conteudo_json aplicado
  OK idecan-enfermagem-urgencias-e-emergencias-1778712409051-0 ÔÇö conteudo_json aplicado
  OK idecan-enfermagem-urgencias-e-emergencias-1780067013432-3 ÔÇö conteudo_json aplicado
  OK idecan-enfermagem-urgencias-e-emergencias-1780067013432-4 ÔÇö conteudo_json aplicado
  OK idecan-enfermagem-urgencias-e-emergencias-1780067013432-5 ÔÇö conteudo_json aplicado
  OK idecan-enfermagem-urgencias-e-emergencias-1780067013432-6 ÔÇö conteudo_json aplicado
  OK idib-enfermagem-urgencias-e-emergencias-1778934926888-0 ÔÇö conteudo_json aplicado
  OK idib-enfermagem-urgencias-e-emergencias-1778934926888-1 ÔÇö conteudo_json aplicado
  OK idib-enfermagem-urgencias-e-emergencias-1778934926888-2 ÔÇö conteudo_json aplicado
  OK idib-enfermagem-urgencias-e-emergencias-1778934926888-3 ÔÇö conteudo_json aplicado
  OK idib-enfermagem-urgencias-e-emergencias-1778934926888-4 ÔÇö conteudo_json aplicado
  OK idib-enfermagem-urgencias-e-emergencias-1778934926888-5 ÔÇö conteudo_json aplicado
  OK idib-enfermagem-urgencias-e-emergencias-1778934926888-6 ÔÇö conteudo_json aplicado
  OK idib-enfermagem-urgencias-e-emergencias-1778934926888-7 ÔÇö conteudo_json aplicado
  OK idib-enfermagem-urgencias-e-emergencias-1778934926888-8 ÔÇö conteudo_json aplicado
  OK idib-enfermagem-urgencias-e-emergencias-1778934936220-0 ÔÇö conteudo_json aplicado
  OK idib-enfermagem-urgencias-e-emergencias-1778934936220-1 ÔÇö conteudo_json aplicado
  OK igeduc-enfermagem-urgencias-e-emergencias-1777104018306-0 ÔÇö conteudo_json aplicado
  OK igeduc-enfermagem-urgencias-e-emergencias-1777104018306-1 ÔÇö conteudo_json aplicado
  OK igeduc-enfermagem-urgencias-e-emergencias-1777104018306-2 ÔÇö conteudo_json aplicado
  OK igeduc-enfermagem-urgencias-e-emergencias-1777104018306-3 ÔÇö conteudo_json aplicado
  OK igeduc-enfermagem-urgencias-e-emergencias-1777104018306-4 ÔÇö conteudo_json aplicado
  OK igeduc-enfermagem-urgencias-e-emergencias-1777104018306-5 ÔÇö conteudo_json aplicado
  OK igeduc-enfermagem-urgencias-e-emergencias-1777104018306-6 ÔÇö conteudo_json aplicado
  OK igeduc-enfermagem-urgencias-e-emergencias-1777104018306-7 ÔÇö conteudo_json aplicado
  OK igeduc-enfermagem-urgencias-e-emergencias-1777104024064-1 ÔÇö conteudo_json aplicado
  OK igeduc-enfermagem-urgencias-e-emergencias-1777104024064-2 ÔÇö conteudo_json aplicado
[catalog:apply-lote] report=C:\AVANT\artifacts\catalog-migration-urgencias-e-emergencias-lote-02-applied.json

=== urgencias-e-emergencias-lote-03 2026-06-09T18:47:05.1955488-03:00 ===

> avant@0.1.0 catalog:apply-lote
> tsx scripts/catalog-migration-apply-lote.ts --lote=urgencias-e-emergencias-lote-03 --apply

[catalog:apply-lote] lote=urgencias-e-emergencias-lote-03 mode=apply
[catalog:apply-lote] ok=50 skipped=0 failed=0
  OK igeduc-enfermagem-urgencias-e-emergencias-1777104024064-3 ÔÇö conteudo_json aplicado
  OK igeduc-enfermagem-urgencias-e-emergencias-1777104024064-4 ÔÇö conteudo_json aplicado
  OK igeduc-enfermagem-urgencias-e-emergencias-1777104024064-6 ÔÇö conteudo_json aplicado
  OK igeduc-enfermagem-urgencias-e-emergencias-1777104024064-7 ÔÇö conteudo_json aplicado
  OK igeduc-enfermagem-urgencias-e-emergencias-1777104024064-8 ÔÇö conteudo_json aplicado
  OK igeduc-enfermagem-urgencias-e-emergencias-1777104024064-9 ÔÇö conteudo_json aplicado
  OK igeduc-enfermagem-urgencias-e-emergencias-1777104031822-0 ÔÇö conteudo_json aplicado
  OK igeduc-enfermagem-urgencias-e-emergencias-1777104031822-1 ÔÇö conteudo_json aplicado
  OK igeduc-enfermagem-urgencias-e-emergencias-1777104031822-7 ÔÇö conteudo_json aplicado
  OK igeduc-enfermagem-urgencias-e-emergencias-1777104031822-8 ÔÇö conteudo_json aplicado
  OK igeduc-enfermagem-urgencias-e-emergencias-1777104038968-0 ÔÇö conteudo_json aplicado
  OK igeduc-enfermagem-urgencias-e-emergencias-1777104070286-7 ÔÇö conteudo_json aplicado
  OK igeduc-enfermagem-urgencias-e-emergencias-1777104070286-8 ÔÇö conteudo_json aplicado
  OK igeduc-enfermagem-urgencias-e-emergencias-1777104077075-0 ÔÇö conteudo_json aplicado
  OK igeduc-enfermagem-urgencias-e-emergencias-1777104077075-1 ÔÇö conteudo_json aplicado
  OK igeduc-enfermagem-urgencias-e-emergencias-1777104077075-2 ÔÇö conteudo_json aplicado
  OK igeduc-enfermagem-urgencias-e-emergencias-1780001220945-7 ÔÇö conteudo_json aplicado
  OK igeduc-enfermagem-urgencias-e-emergencias-1780001220945-8 ÔÇö conteudo_json aplicado
  OK igeduc-enfermagem-urgencias-e-emergencias-1780001220945-9 ÔÇö conteudo_json aplicado
  OK igeduc-enfermagem-urgencias-e-emergencias-1780001297464-1 ÔÇö conteudo_json aplicado
  OK igeduc-enfermagem-urgencias-e-emergencias-1780001297464-2 ÔÇö conteudo_json aplicado
  OK igeduc-enfermagem-urgencias-e-emergencias-1780001297464-3 ÔÇö conteudo_json aplicado
  OK igeduc-geral-urgencias-e-emergencias-1777103471372-1 ÔÇö conteudo_json aplicado
  OK instituto-access-enfermagem-urgencias-e-emergencias-1777104000896-5 ÔÇö conteudo_json aplicado
  OK instituto-access-enfermagem-urgencias-e-emergencias-1777104000896-6 ÔÇö conteudo_json aplicado
  OK instituto-access-enfermagem-urgencias-e-emergencias-1777104000896-7 ÔÇö conteudo_json aplicado
  OK instituto-access-enfermagem-urgencias-e-emergencias-1777104000896-8 ÔÇö conteudo_json aplicado
  OK instituto-access-enfermagem-urgencias-e-emergencias-1777104007115-0 ÔÇö conteudo_json aplicado
  OK instituto-access-enfermagem-urgencias-e-emergencias-1777104007115-1 ÔÇö conteudo_json aplicado
  OK instituto-access-enfermagem-urgencias-e-emergencias-1777104007115-2 ÔÇö conteudo_json aplicado
  OK instituto-access-enfermagem-urgencias-e-emergencias-1777104007115-3 ÔÇö conteudo_json aplicado
  OK instituto-consulpam-enfermagem-urgencias-e-emergencias-1777103981770-0 ÔÇö conteudo_json aplicado
  OK instituto-consulpam-enfermagem-urgencias-e-emergencias-1777103981770-1 ÔÇö conteudo_json aplicado
  OK instituto-consulplan-enfermagem-urgencias-e-emergencias-1777104056718-5 ÔÇö conteudo_json aplicado
  OK instituto-consulplan-enfermagem-urgencias-e-emergencias-1777104083571-5 ÔÇö conteudo_json aplicado
  OK instituto-consulplan-enfermagem-urgencias-e-emergencias-1777104083571-6 ÔÇö conteudo_json aplicado
  OK instituto-consulplan-enfermagem-urgencias-e-emergencias-1777104083571-7 ÔÇö conteudo_json aplicado
  OK instituto-consulplan-enfermagem-urgencias-e-emergencias-1777104083571-8 ÔÇö conteudo_json aplicado
  OK instituto-consulplan-enfermagem-urgencias-e-emergencias-1777104090044-3 ÔÇö conteudo_json aplicado
  OK instituto-consulplan-enfermagem-urgencias-e-emergencias-1777104090044-4 ÔÇö conteudo_json aplicado
  OK instituto-consulplan-enfermagem-urgencias-e-emergencias-1777104090044-5 ÔÇö conteudo_json aplicado
  OK instituto-consulplan-enfermagem-urgencias-e-emergencias-1777104090044-6 ÔÇö conteudo_json aplicado
  OK instituto-consulplan-enfermagem-urgencias-e-emergencias-1777104090044-7 ÔÇö conteudo_json aplicado
  OK instituto-consulplan-enfermagem-urgencias-e-emergencias-1777104090044-8 ÔÇö conteudo_json aplicado
  OK instituto-consulplan-enfermagem-urgencias-e-emergencias-1777104096594-0 ÔÇö conteudo_json aplicado
  OK instituto-consulplan-enfermagem-urgencias-e-emergencias-1777104096594-1 ÔÇö conteudo_json aplicado
  OK instituto-consulplan-enfermagem-urgencias-e-emergencias-1777104096594-2 ÔÇö conteudo_json aplicado
  OK instituto-consulplan-enfermagem-urgencias-e-emergencias-1777104096594-3 ÔÇö conteudo_json aplicado
  OK instituto-consulplan-enfermagem-urgencias-e-emergencias-1777104096594-4 ÔÇö conteudo_json aplicado
  OK instituto-consulplan-enfermagem-urgencias-e-emergencias-1777104096594-5 ÔÇö conteudo_json aplicado
[catalog:apply-lote] report=C:\AVANT\artifacts\catalog-migration-urgencias-e-emergencias-lote-03-applied.json

=== urgencias-e-emergencias-lote-04 2026-06-09T18:47:36.4035693-03:00 ===

> avant@0.1.0 catalog:apply-lote
> tsx scripts/catalog-migration-apply-lote.ts --lote=urgencias-e-emergencias-lote-04 --apply

[catalog:apply-lote] lote=urgencias-e-emergencias-lote-04 mode=apply
[catalog:apply-lote] ok=50 skipped=0 failed=0
  OK instituto-consulplan-enfermagem-urgencias-e-emergencias-1777104096594-6 ÔÇö conteudo_json aplicado
  OK instituto-consulplan-enfermagem-urgencias-e-emergencias-1777104096594-7 ÔÇö conteudo_json aplicado
  OK instituto-seletiva-enfermagem-urgencias-e-emergencias-1777103976379-6 ÔÇö conteudo_json aplicado
  OK instituto-verbena-enfermagem-urgencias-e-emergencias-1777103994618-2 ÔÇö conteudo_json aplicado
  OK instituto-verbena-enfermagem-urgencias-e-emergencias-1777104031822-2 ÔÇö conteudo_json aplicado
  OK ivin-enfermagem-urgencias-e-emergencias-1777104048047-8 ÔÇö conteudo_json aplicado
  OK ivin-enfermagem-urgencias-e-emergencias-1777104048047-9 ÔÇö conteudo_json aplicado
  OK ivin-enfermagem-urgencias-e-emergencias-1777104056718-0 ÔÇö conteudo_json aplicado
  OK ivin-enfermagem-urgencias-e-emergencias-1777104056718-1 ÔÇö conteudo_json aplicado
  OK ivin-enfermagem-urgencias-e-emergencias-1777104056718-2 ÔÇö conteudo_json aplicado
  OK ivin-enfermagem-urgencias-e-emergencias-1777104056718-3 ÔÇö conteudo_json aplicado
  OK lj-assessoria-enfermagem-urgencias-e-emergencias-1777104077075-6 ÔÇö conteudo_json aplicado
  OK lj-assessoria-enfermagem-urgencias-e-emergencias-1777104077075-7 ÔÇö conteudo_json aplicado
  OK lj-assessoria-enfermagem-urgencias-e-emergencias-1777104077075-8 ÔÇö conteudo_json aplicado
  OK quadrix-enfermagem-urgencias-e-emergencias-1777103981770-5 ÔÇö conteudo_json aplicado
  OK quadrix-enfermagem-urgencias-e-emergencias-1777103988389-7 ÔÇö conteudo_json aplicado
  OK quadrix-enfermagem-urgencias-e-emergencias-1777103988389-8 ÔÇö conteudo_json aplicado
  OK quadrix-enfermagem-urgencias-e-emergencias-1780001220945-4 ÔÇö conteudo_json aplicado
  OK quadrix-enfermagem-urgencias-e-emergencias-1780001220945-5 ÔÇö conteudo_json aplicado
  OK selecon-enfermagem-urgencias-e-emergencias-1777104038968-1 ÔÇö conteudo_json aplicado
  OK selecon-enfermagem-urgencias-e-emergencias-1777104038968-2 ÔÇö conteudo_json aplicado
  OK selecon-enfermagem-urgencias-e-emergencias-1777104038968-3 ÔÇö conteudo_json aplicado
  OK selecon-enfermagem-urgencias-e-emergencias-1777104038968-4 ÔÇö conteudo_json aplicado
  OK selecon-enfermagem-urgencias-e-emergencias-1777104038968-5 ÔÇö conteudo_json aplicado
  OK selecon-enfermagem-urgencias-e-emergencias-1777104038968-6 ÔÇö conteudo_json aplicado
  OK selecon-enfermagem-urgencias-e-emergencias-1777104038968-7 ÔÇö conteudo_json aplicado
  OK selecon-enfermagem-urgencias-e-emergencias-1777104038968-8 ÔÇö conteudo_json aplicado
  OK selecon-enfermagem-urgencias-e-emergencias-1777104038968-9 ÔÇö conteudo_json aplicado
  OK selecon-enfermagem-urgencias-e-emergencias-1777104048047-0 ÔÇö conteudo_json aplicado
  OK selecon-enfermagem-urgencias-e-emergencias-1777104048047-1 ÔÇö conteudo_json aplicado
  OK selecon-enfermagem-urgencias-e-emergencias-1777104048047-2 ÔÇö conteudo_json aplicado
  OK selecon-enfermagem-urgencias-e-emergencias-1777104048047-3 ÔÇö conteudo_json aplicado
  OK selecon-enfermagem-urgencias-e-emergencias-1777104048047-4 ÔÇö conteudo_json aplicado
  OK selecon-enfermagem-urgencias-e-emergencias-1777104048047-5 ÔÇö conteudo_json aplicado
  OK unesc-enfermagem-urgencias-e-emergencias-1780001220945-6 ÔÇö conteudo_json aplicado
  OK unifil-enfermagem-urgencias-e-emergencias-1777104012755-2 ÔÇö conteudo_json aplicado
  OK unifil-enfermagem-urgencias-e-emergencias-1777104012755-3 ÔÇö conteudo_json aplicado
  OK vunesp-enfermagem-urgencias-e-emergencias-1777103981770-2 ÔÇö conteudo_json aplicado
  OK vunesp-enfermagem-urgencias-e-emergencias-1777103981770-3 ÔÇö conteudo_json aplicado
  OK vunesp-enfermagem-urgencias-e-emergencias-1777103981770-4 ÔÇö conteudo_json aplicado
  OK vunesp-enfermagem-urgencias-e-emergencias-1777103981770-6 ÔÇö conteudo_json aplicado
  OK vunesp-enfermagem-urgencias-e-emergencias-1777103988389-0 ÔÇö conteudo_json aplicado
  OK vunesp-enfermagem-urgencias-e-emergencias-1777103988389-4 ÔÇö conteudo_json aplicado
  OK vunesp-enfermagem-urgencias-e-emergencias-1777103994618-4 ÔÇö conteudo_json aplicado
  OK vunesp-enfermagem-urgencias-e-emergencias-1777103994618-5 ÔÇö conteudo_json aplicado
  OK vunesp-enfermagem-urgencias-e-emergencias-1777103994618-6 ÔÇö conteudo_json aplicado
  OK vunesp-enfermagem-urgencias-e-emergencias-1777103994618-7 ÔÇö conteudo_json aplicado
  OK vunesp-enfermagem-urgencias-e-emergencias-1777103994618-8 ÔÇö conteudo_json aplicado
  OK vunesp-enfermagem-urgencias-e-emergencias-1777104000896-0 ÔÇö conteudo_json aplicado
  OK vunesp-enfermagem-urgencias-e-emergencias-1777104000896-1 ÔÇö conteudo_json aplicado
[catalog:apply-lote] report=C:\AVANT\artifacts\catalog-migration-urgencias-e-emergencias-lote-04-applied.json

=== urgencias-e-emergencias-lote-05 2026-06-09T18:48:05.0792516-03:00 ===

> avant@0.1.0 catalog:apply-lote
> tsx scripts/catalog-migration-apply-lote.ts --lote=urgencias-e-emergencias-lote-05 --apply

[catalog:apply-lote] lote=urgencias-e-emergencias-lote-05 mode=apply
[catalog:apply-lote] ok=23 skipped=0 failed=0
  OK vunesp-enfermagem-urgencias-e-emergencias-1777104012755-0 ÔÇö conteudo_json aplicado
  OK vunesp-enfermagem-urgencias-e-emergencias-1777104048047-6 ÔÇö conteudo_json aplicado
  OK vunesp-enfermagem-urgencias-e-emergencias-1777104048047-7 ÔÇö conteudo_json aplicado
  OK vunesp-enfermagem-urgencias-e-emergencias-1777104063550-0 ÔÇö conteudo_json aplicado
  OK vunesp-enfermagem-urgencias-e-emergencias-1777104063550-3 ÔÇö conteudo_json aplicado
  OK vunesp-enfermagem-urgencias-e-emergencias-1777104063550-4 ÔÇö conteudo_json aplicado
  OK vunesp-enfermagem-urgencias-e-emergencias-1777104063550-5 ÔÇö conteudo_json aplicado
  OK vunesp-enfermagem-urgencias-e-emergencias-1777104063550-6 ÔÇö conteudo_json aplicado
  OK vunesp-enfermagem-urgencias-e-emergencias-1777104063550-7 ÔÇö conteudo_json aplicado
  OK vunesp-enfermagem-urgencias-e-emergencias-1777104063550-8 ÔÇö conteudo_json aplicado
  OK vunesp-enfermagem-urgencias-e-emergencias-1777104070286-0 ÔÇö conteudo_json aplicado
  OK vunesp-enfermagem-urgencias-e-emergencias-1777104070286-1 ÔÇö conteudo_json aplicado
  OK vunesp-enfermagem-urgencias-e-emergencias-1777104070286-2 ÔÇö conteudo_json aplicado
  OK vunesp-enfermagem-urgencias-e-emergencias-1777104070286-3 ÔÇö conteudo_json aplicado
  OK vunesp-enfermagem-urgencias-e-emergencias-1777104070286-4 ÔÇö conteudo_json aplicado
  OK vunesp-enfermagem-urgencias-e-emergencias-1777104070286-5 ÔÇö conteudo_json aplicado
  OK vunesp-enfermagem-urgencias-e-emergencias-1777104077075-9 ÔÇö conteudo_json aplicado
  OK vunesp-enfermagem-urgencias-e-emergencias-1777104083571-0 ÔÇö conteudo_json aplicado
  OK vunesp-enfermagem-urgencias-e-emergencias-1777104083571-1 ÔÇö conteudo_json aplicado
  OK vunesp-enfermagem-urgencias-e-emergencias-1777104083571-2 ÔÇö conteudo_json aplicado
  OK vunesp-enfermagem-urgencias-e-emergencias-1777104090044-0 ÔÇö conteudo_json aplicado
  OK vunesp-enfermagem-urgencias-e-emergencias-1777104090044-1 ÔÇö conteudo_json aplicado
  OK vunesp-enfermagem-urgencias-e-emergencias-1777104090044-2 ÔÇö conteudo_json aplicado
[catalog:apply-lote] report=C:\AVANT\artifacts\catalog-migration-urgencias-e-emergencias-lote-05-applied.json

=== verificacao-de-sinais-vitais-lote-01 2026-06-09T18:48:20.3303531-03:00 ===

> avant@0.1.0 catalog:apply-lote
> tsx scripts/catalog-migration-apply-lote.ts --lote=verificacao-de-sinais-vitais-lote-01 --apply

[catalog:apply-lote] lote=verificacao-de-sinais-vitais-lote-01 mode=apply
[catalog:apply-lote] ok=50 skipped=0 failed=0
  OK adm-tec-enfermagem-verificacao-de-sinais-vitais-1779343833455-6 ÔÇö conteudo_json aplicado
  OK adm-tec-enfermagem-verificacao-de-sinais-vitais-1779343833455-7 ÔÇö conteudo_json aplicado
  OK agirh-enfermagem-verificacao-de-sinais-vitais-1779344137078-0 ÔÇö conteudo_json aplicado
  OK agirh-enfermagem-verificacao-de-sinais-vitais-1779344137078-3 ÔÇö conteudo_json aplicado
  OK amauc-enfermagem-verificacao-de-sinais-vitais-1779344189558-7 ÔÇö conteudo_json aplicado
  OK amauc-enfermagem-verificacao-de-sinais-vitais-1779344196733-2 ÔÇö conteudo_json aplicado
  OK amauc-enfermagem-verificacao-de-sinais-vitais-1779344205200-1 ÔÇö conteudo_json aplicado
  OK ameosc-enfermagem-verificacao-de-sinais-vitais-1778969752567-3 ÔÇö conteudo_json aplicado
  OK ameosc-enfermagem-verificacao-de-sinais-vitais-1778969752567-7 ÔÇö conteudo_json aplicado
  OK ameosc-enfermagem-verificacao-de-sinais-vitais-1778969760552-0 ÔÇö conteudo_json aplicado
  OK ameosc-enfermagem-verificacao-de-sinais-vitais-1778969760552-1 ÔÇö conteudo_json aplicado
  OK ameosc-enfermagem-verificacao-de-sinais-vitais-1778969760552-7 ÔÇö conteudo_json aplicado
  OK ameosc-enfermagem-verificacao-de-sinais-vitais-1778969768866-4 ÔÇö conteudo_json aplicado
  OK ameosc-enfermagem-verificacao-de-sinais-vitais-1779343811344-5 ÔÇö conteudo_json aplicado
  OK ameosc-enfermagem-verificacao-de-sinais-vitais-1779343845367-6 ÔÇö conteudo_json aplicado
  OK ameosc-enfermagem-verificacao-de-sinais-vitais-1779343883917-1 ÔÇö conteudo_json aplicado
  OK ameosc-enfermagem-verificacao-de-sinais-vitais-1779343883917-2 ÔÇö conteudo_json aplicado
  OK ameosc-enfermagem-verificacao-de-sinais-vitais-1779343883917-3 ÔÇö conteudo_json aplicado
  OK ameosc-enfermagem-verificacao-de-sinais-vitais-1779344111854-6 ÔÇö conteudo_json aplicado
  OK ameosc-enfermagem-verificacao-de-sinais-vitais-1779344111854-7 ÔÇö conteudo_json aplicado
  OK ameosc-enfermagem-verificacao-de-sinais-vitais-1779344117207-2 ÔÇö conteudo_json aplicado
  OK ameosc-enfermagem-verificacao-de-sinais-vitais-1779344117207-3 ÔÇö conteudo_json aplicado
  OK ameosc-enfermagem-verificacao-de-sinais-vitais-1779344117207-4 ÔÇö conteudo_json aplicado
  OK ameosc-enfermagem-verificacao-de-sinais-vitais-1779344117207-5 ÔÇö conteudo_json aplicado
  OK ameosc-enfermagem-verificacao-de-sinais-vitais-1779344224014-3 ÔÇö conteudo_json aplicado
  OK ameosc-enfermagem-verificacao-de-sinais-vitais-1779344224014-4 ÔÇö conteudo_json aplicado
  OK ameosc-enfermagem-verificacao-de-sinais-vitais-1779344224014-5 ÔÇö conteudo_json aplicado
  OK ameosc-enfermagem-verificacao-de-sinais-vitais-1779344224014-6 ÔÇö conteudo_json aplicado
  OK ameosc-enfermagem-verificacao-de-sinais-vitais-1779344237445-0 ÔÇö conteudo_json aplicado
  OK ameosc-enfermagem-verificacao-de-sinais-vitais-1779344237445-1 ÔÇö conteudo_json aplicado
  OK atame-enfermagem-verificacao-de-sinais-vitais-1779343932809-2 ÔÇö conteudo_json aplicado
  OK atame-enfermagem-verificacao-de-sinais-vitais-1779343932809-3 ÔÇö conteudo_json aplicado
  OK avancasp-enfermagem-verificacao-de-sinais-vitais-1778969729218-7 ÔÇö conteudo_json aplicado
  OK avancasp-enfermagem-verificacao-de-sinais-vitais-1778969729218-8 ÔÇö conteudo_json aplicado
  OK avancasp-enfermagem-verificacao-de-sinais-vitais-1778969745165-2 ÔÇö conteudo_json aplicado
  OK avancasp-enfermagem-verificacao-de-sinais-vitais-1778969745165-3 ÔÇö conteudo_json aplicado
  OK avancasp-enfermagem-verificacao-de-sinais-vitais-1779343789998-5 ÔÇö conteudo_json aplicado
  OK avancasp-enfermagem-verificacao-de-sinais-vitais-1779343789998-6 ÔÇö conteudo_json aplicado
  OK avancasp-enfermagem-verificacao-de-sinais-vitais-1779343801786-3 ÔÇö conteudo_json aplicado
  OK avancasp-enfermagem-verificacao-de-sinais-vitais-1779343801786-4 ÔÇö conteudo_json aplicado
  OK avancasp-enfermagem-verificacao-de-sinais-vitais-1779343801786-6 ÔÇö conteudo_json aplicado
  OK avancasp-enfermagem-verificacao-de-sinais-vitais-1779343822075-0 ÔÇö conteudo_json aplicado
  OK avancasp-enfermagem-verificacao-de-sinais-vitais-1779343822075-1 ÔÇö conteudo_json aplicado
  OK avancasp-enfermagem-verificacao-de-sinais-vitais-1779343822075-4 ÔÇö conteudo_json aplicado
  OK avancasp-enfermagem-verificacao-de-sinais-vitais-1779343833455-0 ÔÇö conteudo_json aplicado
  OK avancasp-enfermagem-verificacao-de-sinais-vitais-1779343833455-1 ÔÇö conteudo_json aplicado
  OK avancasp-enfermagem-verificacao-de-sinais-vitais-1779343833455-2 ÔÇö conteudo_json aplicado
  OK avancasp-enfermagem-verificacao-de-sinais-vitais-1779343833455-3 ÔÇö conteudo_json aplicado
  OK avancasp-enfermagem-verificacao-de-sinais-vitais-1779343845367-1 ÔÇö conteudo_json aplicado
  OK avancasp-enfermagem-verificacao-de-sinais-vitais-1779343845367-2 ÔÇö conteudo_json aplicado
[catalog:apply-lote] report=C:\AVANT\artifacts\catalog-migration-verificacao-de-sinais-vitais-lote-01-applied.json

=== verificacao-de-sinais-vitais-lote-02 2026-06-09T18:48:49.1050038-03:00 ===

> avant@0.1.0 catalog:apply-lote
> tsx scripts/catalog-migration-apply-lote.ts --lote=verificacao-de-sinais-vitais-lote-02 --apply

[catalog:apply-lote] lote=verificacao-de-sinais-vitais-lote-02 mode=apply
[catalog:apply-lote] ok=50 skipped=0 failed=0
  OK avancasp-enfermagem-verificacao-de-sinais-vitais-1779343845367-3 ÔÇö conteudo_json aplicado
  OK avancasp-enfermagem-verificacao-de-sinais-vitais-1779343865210-3 ÔÇö conteudo_json aplicado
  OK avancasp-enfermagem-verificacao-de-sinais-vitais-1779343897104-2 ÔÇö conteudo_json aplicado
  OK avancasp-enfermagem-verificacao-de-sinais-vitais-1779343897104-3 ÔÇö conteudo_json aplicado
  OK avancasp-enfermagem-verificacao-de-sinais-vitais-1779343897104-4 ÔÇö conteudo_json aplicado
  OK avancasp-enfermagem-verificacao-de-sinais-vitais-1779343897104-5 ÔÇö conteudo_json aplicado
  OK avancasp-enfermagem-verificacao-de-sinais-vitais-1779343897104-6 ÔÇö conteudo_json aplicado
  OK avancasp-enfermagem-verificacao-de-sinais-vitais-1779343904263-0 ÔÇö conteudo_json aplicado
  OK avancasp-enfermagem-verificacao-de-sinais-vitais-1779343904263-1 ÔÇö conteudo_json aplicado
  OK avancasp-enfermagem-verificacao-de-sinais-vitais-1779343904263-2 ÔÇö conteudo_json aplicado
  OK avancasp-enfermagem-verificacao-de-sinais-vitais-1779343904263-6 ÔÇö conteudo_json aplicado
  OK avancasp-enfermagem-verificacao-de-sinais-vitais-1779343904263-7 ÔÇö conteudo_json aplicado
  OK avancasp-enfermagem-verificacao-de-sinais-vitais-1779343932809-4 ÔÇö conteudo_json aplicado
  OK avancasp-enfermagem-verificacao-de-sinais-vitais-1779343932809-5 ÔÇö conteudo_json aplicado
  OK avancasp-enfermagem-verificacao-de-sinais-vitais-1779343945057-2 ÔÇö conteudo_json aplicado
  OK avancasp-enfermagem-verificacao-de-sinais-vitais-1779343945057-3 ÔÇö conteudo_json aplicado
  OK avancasp-enfermagem-verificacao-de-sinais-vitais-1779343945057-4 ÔÇö conteudo_json aplicado
  OK avancasp-enfermagem-verificacao-de-sinais-vitais-1779343945057-5 ÔÇö conteudo_json aplicado
  OK avancasp-enfermagem-verificacao-de-sinais-vitais-1779343945057-6 ÔÇö conteudo_json aplicado
  OK avancasp-enfermagem-verificacao-de-sinais-vitais-1779343945057-7 ÔÇö conteudo_json aplicado
  OK avancasp-enfermagem-verificacao-de-sinais-vitais-1779343956155-5 ÔÇö conteudo_json aplicado
  OK avancasp-enfermagem-verificacao-de-sinais-vitais-1779343956155-6 ÔÇö conteudo_json aplicado
  OK avancasp-enfermagem-verificacao-de-sinais-vitais-1779344097180-6 ÔÇö conteudo_json aplicado
  OK avancasp-enfermagem-verificacao-de-sinais-vitais-1779344097180-7 ÔÇö conteudo_json aplicado
  OK avancasp-enfermagem-verificacao-de-sinais-vitais-1779344158323-4 ÔÇö conteudo_json aplicado
  OK avancasp-enfermagem-verificacao-de-sinais-vitais-1779344158323-5 ÔÇö conteudo_json aplicado
  OK avancasp-enfermagem-verificacao-de-sinais-vitais-1779344158323-6 ÔÇö conteudo_json aplicado
  OK avancasp-enfermagem-verificacao-de-sinais-vitais-1779344158323-7 ÔÇö conteudo_json aplicado
  OK avancasp-enfermagem-verificacao-de-sinais-vitais-1779344158323-8 ÔÇö conteudo_json aplicado
  OK avancasp-enfermagem-verificacao-de-sinais-vitais-1779344178184-0 ÔÇö conteudo_json aplicado
  OK avancasp-enfermagem-verificacao-de-sinais-vitais-1779344178184-1 ÔÇö conteudo_json aplicado
  OK avancasp-enfermagem-verificacao-de-sinais-vitais-1779344178184-2 ÔÇö conteudo_json aplicado
  OK avancasp-enfermagem-verificacao-de-sinais-vitais-1779344205200-2 ÔÇö conteudo_json aplicado
  OK avancasp-enfermagem-verificacao-de-sinais-vitais-1779344205200-6 ÔÇö conteudo_json aplicado
  OK cebraspe-cespe-enfermagem-verificacao-de-sinais-vitais-1779344189558-1 ÔÇö conteudo_json aplicado
  OK cebraspe-cespe-enfermagem-verificacao-de-sinais-vitais-1779344245160-0 ÔÇö conteudo_json aplicado
  OK cebraspe-cespe-enfermagem-verificacao-de-sinais-vitais-1779344245160-1 ÔÇö conteudo_json aplicado
  OK cebraspe-cespe-enfermagem-verificacao-de-sinais-vitais-1779344245160-2 ÔÇö conteudo_json aplicado
  OK cebraspe-cespe-enfermagem-verificacao-de-sinais-vitais-1779344245160-4 ÔÇö conteudo_json aplicado
  OK cebraspe-cespe-enfermagem-verificacao-de-sinais-vitais-1779344245160-5 ÔÇö conteudo_json aplicado
  OK cebraspe-cespe-enfermagem-verificacao-de-sinais-vitais-1779344245160-6 ÔÇö conteudo_json aplicado
  OK cebraspe-cespe-enfermagem-verificacao-de-sinais-vitais-1779344245160-7 ÔÇö conteudo_json aplicado
  OK cebraspe-cespe-geral-verificacao-de-sinais-vitais-1779344245160-3 ÔÇö conteudo_json aplicado
  OK cev-urca-enfermagem-verificacao-de-sinais-vitais-1778969752567-6 ÔÇö conteudo_json aplicado
  OK cogeps-unioeste-enfermagem-verificacao-de-sinais-vitais-1779344122526-4 ÔÇö conteudo_json aplicado
  OK cogeps-unioeste-enfermagem-verificacao-de-sinais-vitais-1779344127707-7 ÔÇö conteudo_json aplicado
  OK cogeps-unioeste-enfermagem-verificacao-de-sinais-vitais-1779344137078-4 ÔÇö conteudo_json aplicado
  OK cogeps-unioeste-enfermagem-verificacao-de-sinais-vitais-1779344152370-2 ÔÇö conteudo_json aplicado
  OK cogeps-unioeste-enfermagem-verificacao-de-sinais-vitais-1779344152370-6 ÔÇö conteudo_json aplicado
  OK cogeps-unioeste-enfermagem-verificacao-de-sinais-vitais-1779344205200-7 ÔÇö conteudo_json aplicado
[catalog:apply-lote] report=C:\AVANT\artifacts\catalog-migration-verificacao-de-sinais-vitais-lote-02-applied.json

=== verificacao-de-sinais-vitais-lote-03 2026-06-09T18:49:19.4133358-03:00 ===

> avant@0.1.0 catalog:apply-lote
> tsx scripts/catalog-migration-apply-lote.ts --lote=verificacao-de-sinais-vitais-lote-03 --apply

[catalog:apply-lote] lote=verificacao-de-sinais-vitais-lote-03 mode=apply
[catalog:apply-lote] ok=50 skipped=0 failed=0
  OK cogeps-unioeste-enfermagem-verificacao-de-sinais-vitais-1779344205200-8 ÔÇö conteudo_json aplicado
  OK com-exam-pref-bauru-enfermagem-verificacao-de-sinais-vitais-1779344089179-1 ÔÇö conteudo_json aplicado
  OK copese-ufpi-enfermagem-verificacao-de-sinais-vitais-1779344117207-6 ÔÇö conteudo_json aplicado
  OK coseac-uff-enfermagem-verificacao-de-sinais-vitais-1779344105099-8 ÔÇö conteudo_json aplicado
  OK coseac-uff-enfermagem-verificacao-de-sinais-vitais-1779344253939-5 ÔÇö conteudo_json aplicado
  OK coseac-uff-enfermagem-verificacao-de-sinais-vitais-1779344253939-6 ÔÇö conteudo_json aplicado
  OK coseac-uff-enfermagem-verificacao-de-sinais-vitais-1779344253939-7 ÔÇö conteudo_json aplicado
  OK coseac-uff-enfermagem-verificacao-de-sinais-vitais-1779344253939-8 ÔÇö conteudo_json aplicado
  OK coseac-uff-enfermagem-verificacao-de-sinais-vitais-1779344262940-0 ÔÇö conteudo_json aplicado
  OK coseac-uff-geral-verificacao-de-sinais-vitais-1779344253939-4 ÔÇö conteudo_json aplicado
  OK cotec-fadenor-enfermagem-verificacao-de-sinais-vitais-1779343956155-0 ÔÇö conteudo_json aplicado
  OK cotec-fadenor-enfermagem-verificacao-de-sinais-vitais-1779344189558-2 ÔÇö conteudo_json aplicado
  OK cpcon-uepb-enfermagem-verificacao-de-sinais-vitais-1778969745165-6 ÔÇö conteudo_json aplicado
  OK cpcon-uepb-enfermagem-verificacao-de-sinais-vitais-1778969768866-1 ÔÇö conteudo_json aplicado
  OK cpcon-uepb-enfermagem-verificacao-de-sinais-vitais-1779343801786-5 ÔÇö conteudo_json aplicado
  OK cpcon-uepb-enfermagem-verificacao-de-sinais-vitais-1779343897104-1 ÔÇö conteudo_json aplicado
  OK cpcon-uepb-enfermagem-verificacao-de-sinais-vitais-1779343945057-1 ÔÇö conteudo_json aplicado
  OK cpcon-uepb-enfermagem-verificacao-de-sinais-vitais-1779344111854-5 ÔÇö conteudo_json aplicado
  OK cpcon-uepb-enfermagem-verificacao-de-sinais-vitais-1779344182672-6 ÔÇö conteudo_json aplicado
  OK cpcon-uepb-enfermagem-verificacao-de-sinais-vitais-1779344182672-7 ÔÇö conteudo_json aplicado
  OK cpcon-uepb-enfermagem-verificacao-de-sinais-vitais-1779344182672-8 ÔÇö conteudo_json aplicado
  OK decorp-enfermagem-verificacao-de-sinais-vitais-1779343811344-4 ÔÇö conteudo_json aplicado
  OK educa-pb-enfermagem-verificacao-de-sinais-vitais-1779343811344-6 ÔÇö conteudo_json aplicado
  OK educa-pb-enfermagem-verificacao-de-sinais-vitais-1779343883917-4 ÔÇö conteudo_json aplicado
  OK epl-concursos-enfermagem-verificacao-de-sinais-vitais-1779344182672-0 ÔÇö conteudo_json aplicado
  OK epl-concursos-enfermagem-verificacao-de-sinais-vitais-1779344182672-1 ÔÇö conteudo_json aplicado
  OK facape-enfermagem-verificacao-de-sinais-vitais-1778969752567-1 ÔÇö conteudo_json aplicado
  OK facape-enfermagem-verificacao-de-sinais-vitais-1778969752567-2 ÔÇö conteudo_json aplicado
  OK facet-enfermagem-verificacao-de-sinais-vitais-1779343845367-0 ÔÇö conteudo_json aplicado
  OK fafipa-enfermagem-verificacao-de-sinais-vitais-1779343822075-2 ÔÇö conteudo_json aplicado
  OK fau-unicentro-enfermagem-verificacao-de-sinais-vitais-1778969760552-3 ÔÇö conteudo_json aplicado
  OK fau-unicentro-enfermagem-verificacao-de-sinais-vitais-1779343956155-4 ÔÇö conteudo_json aplicado
  OK fau-unicentro-enfermagem-verificacao-de-sinais-vitais-1779344111854-0 ÔÇö conteudo_json aplicado
  OK fau-unicentro-enfermagem-verificacao-de-sinais-vitais-1779344117207-8 ÔÇö conteudo_json aplicado
  OK fau-unicentro-enfermagem-verificacao-de-sinais-vitais-1779344182672-5 ÔÇö conteudo_json aplicado
  OK fauel-enfermagem-verificacao-de-sinais-vitais-1779343822075-5 ÔÇö conteudo_json aplicado
  OK fauel-enfermagem-verificacao-de-sinais-vitais-1779343945057-0 ÔÇö conteudo_json aplicado
  OK faurgs-enfermagem-verificacao-de-sinais-vitais-1779344189558-0 ÔÇö conteudo_json aplicado
  OK fenix-instituto-enfermagem-verificacao-de-sinais-vitais-1778969768866-6 ÔÇö conteudo_json aplicado
  OK fenix-instituto-enfermagem-verificacao-de-sinais-vitais-1779343967847-5 ÔÇö conteudo_json aplicado
  OK fenix-instituto-enfermagem-verificacao-de-sinais-vitais-1780000237780-9 ÔÇö conteudo_json aplicado
  OK fenix-instituto-enfermagem-verificacao-de-sinais-vitais-1780000468214-0 ÔÇö conteudo_json aplicado
  OK fepese-enfermagem-verificacao-de-sinais-vitais-1779343856589-3 ÔÇö conteudo_json aplicado
  OK fepese-enfermagem-verificacao-de-sinais-vitais-1779343856589-6 ÔÇö conteudo_json aplicado
  OK fepese-enfermagem-verificacao-de-sinais-vitais-1779343883917-6 ÔÇö conteudo_json aplicado
  OK fepese-enfermagem-verificacao-de-sinais-vitais-1779343919045-4 ÔÇö conteudo_json aplicado
  OK fepese-enfermagem-verificacao-de-sinais-vitais-1779343919045-5 ÔÇö conteudo_json aplicado
  OK fepese-enfermagem-verificacao-de-sinais-vitais-1779343919045-6 ÔÇö conteudo_json aplicado
  OK fepese-enfermagem-verificacao-de-sinais-vitais-1779344127707-3 ÔÇö conteudo_json aplicado
  OK fepese-enfermagem-verificacao-de-sinais-vitais-1779344127707-4 ÔÇö conteudo_json aplicado
[catalog:apply-lote] report=C:\AVANT\artifacts\catalog-migration-verificacao-de-sinais-vitais-lote-03-applied.json

=== verificacao-de-sinais-vitais-lote-04 2026-06-09T18:49:50.5994467-03:00 ===

> avant@0.1.0 catalog:apply-lote
> tsx scripts/catalog-migration-apply-lote.ts --lote=verificacao-de-sinais-vitais-lote-04 --apply

[catalog:apply-lote] lote=verificacao-de-sinais-vitais-lote-04 mode=apply
[catalog:apply-lote] ok=50 skipped=0 failed=0
  OK fepese-enfermagem-verificacao-de-sinais-vitais-1779344127707-5 ÔÇö conteudo_json aplicado
  OK fepese-enfermagem-verificacao-de-sinais-vitais-1779344152370-3 ÔÇö conteudo_json aplicado
  OK fepese-enfermagem-verificacao-de-sinais-vitais-1779344152370-4 ÔÇö conteudo_json aplicado
  OK fepese-enfermagem-verificacao-de-sinais-vitais-1779344152370-5 ÔÇö conteudo_json aplicado
  OK fepese-enfermagem-verificacao-de-sinais-vitais-1779344196733-7 ÔÇö conteudo_json aplicado
  OK fepese-enfermagem-verificacao-de-sinais-vitais-1779344237445-2 ÔÇö conteudo_json aplicado
  OK fepese-enfermagem-verificacao-de-sinais-vitais-1779344237445-6 ÔÇö conteudo_json aplicado
  OK fepese-enfermagem-verificacao-de-sinais-vitais-1779344237445-7 ÔÇö conteudo_json aplicado
  OK fepese-enfermagem-verificacao-de-sinais-vitais-1779344245160-8 ÔÇö conteudo_json aplicado
  OK fgv-enfermagem-verificacao-de-sinais-vitais-1778969737311-0 ÔÇö conteudo_json aplicado
  OK fgv-enfermagem-verificacao-de-sinais-vitais-1778969737311-1 ÔÇö conteudo_json aplicado
  OK fgv-enfermagem-verificacao-de-sinais-vitais-1778969760552-4 ÔÇö conteudo_json aplicado
  OK fgv-enfermagem-verificacao-de-sinais-vitais-1778969760552-5 ÔÇö conteudo_json aplicado
  OK fgv-enfermagem-verificacao-de-sinais-vitais-1778969760552-6 ÔÇö conteudo_json aplicado
  OK fgv-enfermagem-verificacao-de-sinais-vitais-1779343919045-8 ÔÇö conteudo_json aplicado
  OK fgv-enfermagem-verificacao-de-sinais-vitais-1779344089179-5 ÔÇö conteudo_json aplicado
  OK fgv-enfermagem-verificacao-de-sinais-vitais-1779344117207-0 ÔÇö conteudo_json aplicado
  OK fgv-enfermagem-verificacao-de-sinais-vitais-1779344117207-7 ÔÇö conteudo_json aplicado
  OK fgv-enfermagem-verificacao-de-sinais-vitais-1779344205200-0 ÔÇö conteudo_json aplicado
  OK funatec-enfermagem-verificacao-de-sinais-vitais-1779343822075-7 ÔÇö conteudo_json aplicado
  OK funatec-enfermagem-verificacao-de-sinais-vitais-1779343856589-0 ÔÇö conteudo_json aplicado
  OK funatec-enfermagem-verificacao-de-sinais-vitais-1779344097180-3 ÔÇö conteudo_json aplicado
  OK fundatec-enfermagem-verificacao-de-sinais-vitais-1778969729218-9 ÔÇö conteudo_json aplicado
  OK fundatec-enfermagem-verificacao-de-sinais-vitais-1778969745165-4 ÔÇö conteudo_json aplicado
  OK fundatec-enfermagem-verificacao-de-sinais-vitais-1778969768866-5 ÔÇö conteudo_json aplicado
  OK fundatec-enfermagem-verificacao-de-sinais-vitais-1779343811344-2 ÔÇö conteudo_json aplicado
  OK fundatec-enfermagem-verificacao-de-sinais-vitais-1779343811344-3 ÔÇö conteudo_json aplicado
  OK fundatec-enfermagem-verificacao-de-sinais-vitais-1779343845367-4 ÔÇö conteudo_json aplicado
  OK fundatec-enfermagem-verificacao-de-sinais-vitais-1779343845367-5 ÔÇö conteudo_json aplicado
  OK fundatec-enfermagem-verificacao-de-sinais-vitais-1779343919045-2 ÔÇö conteudo_json aplicado
  OK fundatec-enfermagem-verificacao-de-sinais-vitais-1779343919045-3 ÔÇö conteudo_json aplicado
  OK fundatec-enfermagem-verificacao-de-sinais-vitais-1779344111854-2 ÔÇö conteudo_json aplicado
  OK fundatec-enfermagem-verificacao-de-sinais-vitais-1779344111854-3 ÔÇö conteudo_json aplicado
  OK fundatec-enfermagem-verificacao-de-sinais-vitais-1779344111854-8 ÔÇö conteudo_json aplicado
  OK fundatec-enfermagem-verificacao-de-sinais-vitais-1779344158323-2 ÔÇö conteudo_json aplicado
  OK fundatec-enfermagem-verificacao-de-sinais-vitais-1779344178184-7 ÔÇö conteudo_json aplicado
  OK fundatec-enfermagem-verificacao-de-sinais-vitais-1779344205200-5 ÔÇö conteudo_json aplicado
  OK fundep-enfermagem-verificacao-de-sinais-vitais-1779343897104-8 ÔÇö conteudo_json aplicado
  OK fundep-enfermagem-verificacao-de-sinais-vitais-1779344253939-0 ÔÇö conteudo_json aplicado
  OK furb-enfermagem-verificacao-de-sinais-vitais-1778969745165-7 ÔÇö conteudo_json aplicado
  OK furb-enfermagem-verificacao-de-sinais-vitais-1778969768866-3 ÔÇö conteudo_json aplicado
  OK furb-enfermagem-verificacao-de-sinais-vitais-1779343811344-1 ÔÇö conteudo_json aplicado
  OK furb-enfermagem-verificacao-de-sinais-vitais-1779343956155-7 ÔÇö conteudo_json aplicado
  OK fuvest-enfermagem-verificacao-de-sinais-vitais-1779344137078-1 ÔÇö conteudo_json aplicado
  OK fuvest-enfermagem-verificacao-de-sinais-vitais-1779344137078-2 ÔÇö conteudo_json aplicado
  OK gama-enfermagem-verificacao-de-sinais-vitais-1778969729218-4 ÔÇö conteudo_json aplicado
  OK gama-enfermagem-verificacao-de-sinais-vitais-1778969729218-5 ÔÇö conteudo_json aplicado
  OK gama-enfermagem-verificacao-de-sinais-vitais-1779343811344-7 ÔÇö conteudo_json aplicado
  OK gualimp-enfermagem-verificacao-de-sinais-vitais-1779344224014-1 ÔÇö conteudo_json aplicado
  OK gualimp-enfermagem-verificacao-de-sinais-vitais-1779344224014-2 ÔÇö conteudo_json aplicado
[catalog:apply-lote] report=C:\AVANT\artifacts\catalog-migration-verificacao-de-sinais-vitais-lote-04-applied.json

=== verificacao-de-sinais-vitais-lote-05 2026-06-09T18:50:22.6096226-03:00 ===

> avant@0.1.0 catalog:apply-lote
> tsx scripts/catalog-migration-apply-lote.ts --lote=verificacao-de-sinais-vitais-lote-05 --apply

[catalog:apply-lote] lote=verificacao-de-sinais-vitais-lote-05 mode=apply
[catalog:apply-lote] ok=50 skipped=0 failed=0
  OK iaupe-enfermagem-verificacao-de-sinais-vitais-1779343956155-3 ÔÇö conteudo_json aplicado
  OK iaupe-enfermagem-verificacao-de-sinais-vitais-1779344189558-3 ÔÇö conteudo_json aplicado
  OK ibade-enfermagem-verificacao-de-sinais-vitais-1779343856589-1 ÔÇö conteudo_json aplicado
  OK ibade-enfermagem-verificacao-de-sinais-vitais-1779343856589-2 ÔÇö conteudo_json aplicado
  OK ibade-enfermagem-verificacao-de-sinais-vitais-1779343865210-7 ÔÇö conteudo_json aplicado
  OK ibade-enfermagem-verificacao-de-sinais-vitais-1779344178184-4 ÔÇö conteudo_json aplicado
  OK ibade-enfermagem-verificacao-de-sinais-vitais-1779344178184-5 ÔÇö conteudo_json aplicado
  OK ibade-enfermagem-verificacao-de-sinais-vitais-1779344178184-6 ÔÇö conteudo_json aplicado
  OK ibfc-enfermagem-verificacao-de-sinais-vitais-1778969745165-1 ÔÇö conteudo_json aplicado
  OK ibfc-enfermagem-verificacao-de-sinais-vitais-1779343865210-6 ÔÇö conteudo_json aplicado
  OK ibfc-enfermagem-verificacao-de-sinais-vitais-1779343932809-6 ÔÇö conteudo_json aplicado
  OK ibfc-enfermagem-verificacao-de-sinais-vitais-1779343932809-7 ÔÇö conteudo_json aplicado
  OK ibfc-enfermagem-verificacao-de-sinais-vitais-1779344117207-1 ÔÇö conteudo_json aplicado
  OK ibfc-enfermagem-verificacao-de-sinais-vitais-1779344137078-5 ÔÇö conteudo_json aplicado
  OK ibfc-enfermagem-verificacao-de-sinais-vitais-1779344152370-7 ÔÇö conteudo_json aplicado
  OK ibgp-enfermagem-verificacao-de-sinais-vitais-1779344253939-3 ÔÇö conteudo_json aplicado
  OK icece-enfermagem-verificacao-de-sinais-vitais-1778969729218-3 ÔÇö conteudo_json aplicado
  OK icece-enfermagem-verificacao-de-sinais-vitais-1780000468214-6 ÔÇö conteudo_json aplicado
  OK idecan-enfermagem-verificacao-de-sinais-vitais-1778712108887-9 ÔÇö conteudo_json aplicado
  OK idecan-enfermagem-verificacao-de-sinais-vitais-1778712135178-0 ÔÇö conteudo_json aplicado
  OK idecan-enfermagem-verificacao-de-sinais-vitais-1778712135178-1 ÔÇö conteudo_json aplicado
  OK idecan-enfermagem-verificacao-de-sinais-vitais-1778712135178-2 ÔÇö conteudo_json aplicado
  OK idecan-enfermagem-verificacao-de-sinais-vitais-1778712135178-4 ÔÇö conteudo_json aplicado
  OK idecan-enfermagem-verificacao-de-sinais-vitais-1778712135178-5 ÔÇö conteudo_json aplicado
  OK idecan-enfermagem-verificacao-de-sinais-vitais-1778969752567-4 ÔÇö conteudo_json aplicado
  OK idecan-enfermagem-verificacao-de-sinais-vitais-1779343856589-8 ÔÇö conteudo_json aplicado
  OK idecan-enfermagem-verificacao-de-sinais-vitais-1779344237445-3 ÔÇö conteudo_json aplicado
  OK idecan-enfermagem-verificacao-de-sinais-vitais-1779344237445-4 ÔÇö conteudo_json aplicado
  OK idecan-enfermagem-verificacao-de-sinais-vitais-1780066924385-4 ÔÇö conteudo_json aplicado
  OK idecan-enfermagem-verificacao-de-sinais-vitais-1780066924385-5 ÔÇö conteudo_json aplicado
  OK idecan-enfermagem-verificacao-de-sinais-vitais-1780066924385-6 ÔÇö conteudo_json aplicado
  OK idesg-enfermagem-verificacao-de-sinais-vitais-1778969745165-0 ÔÇö conteudo_json aplicado
  OK idesg-enfermagem-verificacao-de-sinais-vitais-1779343801786-1 ÔÇö conteudo_json aplicado
  OK idib-enfermagem-verificacao-de-sinais-vitais-1778934863952-8 ÔÇö conteudo_json aplicado
  OK idib-enfermagem-verificacao-de-sinais-vitais-1778934863952-9 ÔÇö conteudo_json aplicado
  OK idib-enfermagem-verificacao-de-sinais-vitais-1779344105099-3 ÔÇö conteudo_json aplicado
  OK ieses-enfermagem-verificacao-de-sinais-vitais-1779343789998-3 ÔÇö conteudo_json aplicado
  OK ieses-enfermagem-verificacao-de-sinais-vitais-1779344105099-6 ÔÇö conteudo_json aplicado
  OK igeduc-enfermagem-verificacao-de-sinais-vitais-1779344097180-0 ÔÇö conteudo_json aplicado
  OK igeduc-enfermagem-verificacao-de-sinais-vitais-1779344097180-1 ÔÇö conteudo_json aplicado
  OK imparh-enfermagem-verificacao-de-sinais-vitais-1779344122526-5 ÔÇö conteudo_json aplicado
  OK imparh-enfermagem-verificacao-de-sinais-vitais-1779344122526-6 ÔÇö conteudo_json aplicado
  OK imparh-enfermagem-verificacao-de-sinais-vitais-1779344196733-3 ÔÇö conteudo_json aplicado
  OK imparh-enfermagem-verificacao-de-sinais-vitais-1779344196733-4 ÔÇö conteudo_json aplicado
  OK instituto-access-enfermagem-verificacao-de-sinais-vitais-1778969768866-7 ÔÇö conteudo_json aplicado
  OK instituto-access-enfermagem-verificacao-de-sinais-vitais-1779343789998-0 ÔÇö conteudo_json aplicado
  OK instituto-access-enfermagem-verificacao-de-sinais-vitais-1779343789998-1 ÔÇö conteudo_json aplicado
  OK instituto-access-enfermagem-verificacao-de-sinais-vitais-1779343789998-2 ÔÇö conteudo_json aplicado
  OK instituto-access-enfermagem-verificacao-de-sinais-vitais-1779343833455-4 ÔÇö conteudo_json aplicado
  OK instituto-access-enfermagem-verificacao-de-sinais-vitais-1779343833455-5 ÔÇö conteudo_json aplicado
[catalog:apply-lote] report=C:\AVANT\artifacts\catalog-migration-verificacao-de-sinais-vitais-lote-05-applied.json

=== verificacao-de-sinais-vitais-lote-06 2026-06-09T18:50:54.5983621-03:00 ===

> avant@0.1.0 catalog:apply-lote
> tsx scripts/catalog-migration-apply-lote.ts --lote=verificacao-de-sinais-vitais-lote-06 --apply

[catalog:apply-lote] lote=verificacao-de-sinais-vitais-lote-06 mode=apply
[catalog:apply-lote] ok=50 skipped=0 failed=0
  OK instituto-access-enfermagem-verificacao-de-sinais-vitais-1779344127707-1 ÔÇö conteudo_json aplicado
  OK instituto-aocp-enfermagem-verificacao-de-sinais-vitais-1779343789998-4 ÔÇö conteudo_json aplicado
  OK instituto-aocp-enfermagem-verificacao-de-sinais-vitais-1779344189558-6 ÔÇö conteudo_json aplicado
  OK instituto-consulpam-enfermagem-verificacao-de-sinais-vitais-1779343865210-1 ÔÇö conteudo_json aplicado
  OK instituto-consulpam-enfermagem-verificacao-de-sinais-vitais-1779344127707-6 ÔÇö conteudo_json aplicado
  OK instituto-consulplan-enfermagem-verificacao-de-sinais-vitais-1779343856589-5 ÔÇö conteudo_json aplicado
  OK instituto-consulplan-enfermagem-verificacao-de-sinais-vitais-1779343897104-7 ÔÇö conteudo_json aplicado
  OK instituto-consulplan-enfermagem-verificacao-de-sinais-vitais-1779343956155-1 ÔÇö conteudo_json aplicado
  OK instituto-consulplan-enfermagem-verificacao-de-sinais-vitais-1779343956155-2 ÔÇö conteudo_json aplicado
  OK instituto-consulplan-enfermagem-verificacao-de-sinais-vitais-1779344089179-2 ÔÇö conteudo_json aplicado
  OK instituto-consulplan-enfermagem-verificacao-de-sinais-vitais-1779344089179-3 ÔÇö conteudo_json aplicado
  OK instituto-consulplan-enfermagem-verificacao-de-sinais-vitais-1779344089179-4 ÔÇö conteudo_json aplicado
  OK instituto-consulplan-enfermagem-verificacao-de-sinais-vitais-1779344089179-8 ÔÇö conteudo_json aplicado
  OK instituto-consulplan-enfermagem-verificacao-de-sinais-vitais-1779344105099-1 ÔÇö conteudo_json aplicado
  OK instituto-consulplan-enfermagem-verificacao-de-sinais-vitais-1779344105099-2 ÔÇö conteudo_json aplicado
  OK instituto-consulplan-enfermagem-verificacao-de-sinais-vitais-1779344122526-0 ÔÇö conteudo_json aplicado
  OK instituto-consulplan-enfermagem-verificacao-de-sinais-vitais-1779344122526-2 ÔÇö conteudo_json aplicado
  OK instituto-consulplan-enfermagem-verificacao-de-sinais-vitais-1779344122526-3 ÔÇö conteudo_json aplicado
  OK instituto-consulplan-enfermagem-verificacao-de-sinais-vitais-1779344137078-6 ÔÇö conteudo_json aplicado
  OK instituto-consulplan-enfermagem-verificacao-de-sinais-vitais-1779344137078-7 ÔÇö conteudo_json aplicado
  OK instituto-consulplan-enfermagem-verificacao-de-sinais-vitais-1779344137078-8 ÔÇö conteudo_json aplicado
  OK instituto-consulplan-enfermagem-verificacao-de-sinais-vitais-1779344152370-0 ÔÇö conteudo_json aplicado
  OK instituto-consulplan-enfermagem-verificacao-de-sinais-vitais-1779344152370-1 ÔÇö conteudo_json aplicado
  OK instituto-consulplan-enfermagem-verificacao-de-sinais-vitais-1779344224014-7 ÔÇö conteudo_json aplicado
  OK instituto-evo-enfermagem-verificacao-de-sinais-vitais-1778969737311-4 ÔÇö conteudo_json aplicado
  OK instituto-evo-enfermagem-verificacao-de-sinais-vitais-1778969737311-5 ÔÇö conteudo_json aplicado
  OK instituto-evo-enfermagem-verificacao-de-sinais-vitais-1778969737311-6 ÔÇö conteudo_json aplicado
  OK instituto-jk-enfermagem-verificacao-de-sinais-vitais-1779343822075-8 ÔÇö conteudo_json aplicado
  OK instituto-seletiva-enfermagem-verificacao-de-sinais-vitais-1779343865210-0 ÔÇö conteudo_json aplicado
  OK instituto-verbena-enfermagem-verificacao-de-sinais-vitais-1779344178184-3 ÔÇö conteudo_json aplicado
  OK intec-enfermagem-verificacao-de-sinais-vitais-1779344105099-5 ÔÇö conteudo_json aplicado
  OK integri-brasil-enfermagem-verificacao-de-sinais-vitais-1779344189558-5 ÔÇö conteudo_json aplicado
  OK isba-enfermagem-verificacao-de-sinais-vitais-1779344253939-2 ÔÇö conteudo_json aplicado
  OK itame-enfermagem-verificacao-de-sinais-vitais-1779343822075-6 ÔÇö conteudo_json aplicado
  OK ivin-enfermagem-verificacao-de-sinais-vitais-1779343822075-3 ÔÇö conteudo_json aplicado
  OK ivin-enfermagem-verificacao-de-sinais-vitais-1779343919045-1 ÔÇö conteudo_json aplicado
  OK ivin-enfermagem-verificacao-de-sinais-vitais-1779343919045-7 ÔÇö conteudo_json aplicado
  OK ivin-enfermagem-verificacao-de-sinais-vitais-1779344105099-7 ÔÇö conteudo_json aplicado
  OK lj-assessoria-enfermagem-verificacao-de-sinais-vitais-1779344189558-4 ÔÇö conteudo_json aplicado
  OK maranatha-assessoria-enfermagem-verificacao-de-sinais-vitais-1778969752567-0 ÔÇö conteudo_json aplicado
  OK metrocapital-enfermagem-verificacao-de-sinais-vitais-1779344122526-7 ÔÇö conteudo_json aplicado
  OK metrocapital-enfermagem-verificacao-de-sinais-vitais-1779344127707-0 ÔÇö conteudo_json aplicado
  OK nao-informado-geral-verificacao-de-sinais-vitais-1779344089179-0 ÔÇö conteudo_json aplicado
  OK objetiva-concursos-enfermagem-verificacao-de-sinais-vitais-1778969737311-3 ÔÇö conteudo_json aplicado
  OK objetiva-concursos-enfermagem-verificacao-de-sinais-vitais-1779343801786-0 ÔÇö conteudo_json aplicado
  OK objetiva-concursos-enfermagem-verificacao-de-sinais-vitais-1779343883917-5 ÔÇö conteudo_json aplicado
  OK objetiva-concursos-enfermagem-verificacao-de-sinais-vitais-1779344105099-4 ÔÇö conteudo_json aplicado
  OK objetiva-concursos-enfermagem-verificacao-de-sinais-vitais-1779344122526-1 ÔÇö conteudo_json aplicado
  OK objetiva-concursos-enfermagem-verificacao-de-sinais-vitais-1779344158323-3 ÔÇö conteudo_json aplicado
  OK omni-enfermagem-verificacao-de-sinais-vitais-1779344237445-5 ÔÇö conteudo_json aplicado
[catalog:apply-lote] report=C:\AVANT\artifacts\catalog-migration-verificacao-de-sinais-vitais-lote-06-applied.json

=== verificacao-de-sinais-vitais-lote-07 2026-06-09T18:51:23.3229784-03:00 ===

> avant@0.1.0 catalog:apply-lote
> tsx scripts/catalog-migration-apply-lote.ts --lote=verificacao-de-sinais-vitais-lote-07 --apply

[catalog:apply-lote] lote=verificacao-de-sinais-vitais-lote-07 mode=apply
[catalog:apply-lote] ok=50 skipped=0 failed=0
  OK omni-enfermagem-verificacao-de-sinais-vitais-1779344253939-1 ÔÇö conteudo_json aplicado
  OK omni-geral-verificacao-de-sinais-vitais-1779344205200-3 ÔÇö conteudo_json aplicado
  OK quadrix-enfermagem-verificacao-de-sinais-vitais-1779343883917-7 ÔÇö conteudo_json aplicado
  OK quadrix-enfermagem-verificacao-de-sinais-vitais-1779343919045-0 ÔÇö conteudo_json aplicado
  OK quadrix-enfermagem-verificacao-de-sinais-vitais-1779343967847-6 ÔÇö conteudo_json aplicado
  OK quadrix-enfermagem-verificacao-de-sinais-vitais-1779343967847-7 ÔÇö conteudo_json aplicado
  OK quadrix-enfermagem-verificacao-de-sinais-vitais-1779344196733-5 ÔÇö conteudo_json aplicado
  OK quadrix-enfermagem-verificacao-de-sinais-vitais-1780000468214-1 ÔÇö conteudo_json aplicado
  OK quadrix-enfermagem-verificacao-de-sinais-vitais-1780000468214-2 ÔÇö conteudo_json aplicado
  OK reis-e-reis-enfermagem-verificacao-de-sinais-vitais-1779344089179-9 ÔÇö conteudo_json aplicado
  OK selecon-enfermagem-verificacao-de-sinais-vitais-1778969737311-7 ÔÇö conteudo_json aplicado
  OK selecon-enfermagem-verificacao-de-sinais-vitais-1779343811344-0 ÔÇö conteudo_json aplicado
  OK selecon-enfermagem-verificacao-de-sinais-vitais-1779343883917-0 ÔÇö conteudo_json aplicado
  OK selecon-enfermagem-verificacao-de-sinais-vitais-1779344111854-1 ÔÇö conteudo_json aplicado
  OK selecon-enfermagem-verificacao-de-sinais-vitais-1779344182672-2 ÔÇö conteudo_json aplicado
  OK selecon-enfermagem-verificacao-de-sinais-vitais-1779344182672-3 ÔÇö conteudo_json aplicado
  OK ufmt-enfermagem-verificacao-de-sinais-vitais-1779344182672-4 ÔÇö conteudo_json aplicado
  OK unesc-enfermagem-verificacao-de-sinais-vitais-1778969729218-0 ÔÇö conteudo_json aplicado
  OK unesc-enfermagem-verificacao-de-sinais-vitais-1778969729218-1 ÔÇö conteudo_json aplicado
  OK unesc-enfermagem-verificacao-de-sinais-vitais-1778969729218-2 ÔÇö conteudo_json aplicado
  OK unesc-enfermagem-verificacao-de-sinais-vitais-1778969745165-5 ÔÇö conteudo_json aplicado
  OK unesc-enfermagem-verificacao-de-sinais-vitais-1779343801786-2 ÔÇö conteudo_json aplicado
  OK unesc-enfermagem-verificacao-de-sinais-vitais-1779344111854-4 ÔÇö conteudo_json aplicado
  OK unesc-enfermagem-verificacao-de-sinais-vitais-1780000468214-3 ÔÇö conteudo_json aplicado
  OK unesc-enfermagem-verificacao-de-sinais-vitais-1780000468214-4 ÔÇö conteudo_json aplicado
  OK unesc-enfermagem-verificacao-de-sinais-vitais-1780000468214-5 ÔÇö conteudo_json aplicado
  OK unifil-enfermagem-verificacao-de-sinais-vitais-1779343845367-7 ÔÇö conteudo_json aplicado
  OK unifil-enfermagem-verificacao-de-sinais-vitais-1779344196733-0 ÔÇö conteudo_json aplicado
  OK unifil-enfermagem-verificacao-de-sinais-vitais-1779344196733-1 ÔÇö conteudo_json aplicado
  OK unifil-enfermagem-verificacao-de-sinais-vitais-1779344205200-4 ÔÇö conteudo_json aplicado
  OK univali-enfermagem-verificacao-de-sinais-vitais-1779343932809-0 ÔÇö conteudo_json aplicado
  OK univali-enfermagem-verificacao-de-sinais-vitais-1779343932809-1 ÔÇö conteudo_json aplicado
  OK univida-enfermagem-verificacao-de-sinais-vitais-1779344097180-2 ÔÇö conteudo_json aplicado
  OK vunesp-enfermagem-verificacao-de-sinais-vitais-1778969729218-6 ÔÇö conteudo_json aplicado
  OK vunesp-enfermagem-verificacao-de-sinais-vitais-1778969752567-8 ÔÇö conteudo_json aplicado
  OK vunesp-enfermagem-verificacao-de-sinais-vitais-1778969760552-2 ÔÇö conteudo_json aplicado
  OK vunesp-enfermagem-verificacao-de-sinais-vitais-1778969760552-8 ÔÇö conteudo_json aplicado
  OK vunesp-enfermagem-verificacao-de-sinais-vitais-1778969768866-0 ÔÇö conteudo_json aplicado
  OK vunesp-enfermagem-verificacao-de-sinais-vitais-1778969768866-2 ÔÇö conteudo_json aplicado
  OK vunesp-enfermagem-verificacao-de-sinais-vitais-1779343856589-4 ÔÇö conteudo_json aplicado
  OK vunesp-enfermagem-verificacao-de-sinais-vitais-1779343865210-2 ÔÇö conteudo_json aplicado
  OK vunesp-enfermagem-verificacao-de-sinais-vitais-1779343865210-4 ÔÇö conteudo_json aplicado
  OK vunesp-enfermagem-verificacao-de-sinais-vitais-1779343865210-5 ÔÇö conteudo_json aplicado
  OK vunesp-enfermagem-verificacao-de-sinais-vitais-1779343897104-0 ÔÇö conteudo_json aplicado
  OK vunesp-enfermagem-verificacao-de-sinais-vitais-1779343904263-3 ÔÇö conteudo_json aplicado
  OK vunesp-enfermagem-verificacao-de-sinais-vitais-1779343904263-4 ÔÇö conteudo_json aplicado
  OK vunesp-enfermagem-verificacao-de-sinais-vitais-1779343904263-5 ÔÇö conteudo_json aplicado
  OK vunesp-enfermagem-verificacao-de-sinais-vitais-1779344089179-6 ÔÇö conteudo_json aplicado
  OK vunesp-enfermagem-verificacao-de-sinais-vitais-1779344089179-7 ÔÇö conteudo_json aplicado
  OK vunesp-enfermagem-verificacao-de-sinais-vitais-1779344097180-4 ÔÇö conteudo_json aplicado
[catalog:apply-lote] report=C:\AVANT\artifacts\catalog-migration-verificacao-de-sinais-vitais-lote-07-applied.json

=== verificacao-de-sinais-vitais-lote-08 2026-06-09T18:51:55.6814685-03:00 ===

> avant@0.1.0 catalog:apply-lote
> tsx scripts/catalog-migration-apply-lote.ts --lote=verificacao-de-sinais-vitais-lote-08 --apply

[catalog:apply-lote] lote=verificacao-de-sinais-vitais-lote-08 mode=apply
[catalog:apply-lote] ok=8 skipped=0 failed=0
  OK vunesp-enfermagem-verificacao-de-sinais-vitais-1779344097180-5 ÔÇö conteudo_json aplicado
  OK vunesp-enfermagem-verificacao-de-sinais-vitais-1779344097180-8 ÔÇö conteudo_json aplicado
  OK vunesp-enfermagem-verificacao-de-sinais-vitais-1779344105099-0 ÔÇö conteudo_json aplicado
  OK vunesp-enfermagem-verificacao-de-sinais-vitais-1779344127707-2 ÔÇö conteudo_json aplicado
  OK vunesp-enfermagem-verificacao-de-sinais-vitais-1779344158323-0 ÔÇö conteudo_json aplicado
  OK vunesp-enfermagem-verificacao-de-sinais-vitais-1779344158323-1 ÔÇö conteudo_json aplicado
  OK vunesp-enfermagem-verificacao-de-sinais-vitais-1779344196733-6 ÔÇö conteudo_json aplicado
  OK vunesp-enfermagem-verificacao-de-sinais-vitais-1779344224014-0 ÔÇö conteudo_json aplicado
[catalog:apply-lote] report=C:\AVANT\artifacts\catalog-migration-verificacao-de-sinais-vitais-lote-08-applied.json

=== vias-de-administracao-lote-01 2026-06-09T18:52:03.8135759-03:00 ===

> avant@0.1.0 catalog:apply-lote
> tsx scripts/catalog-migration-apply-lote.ts --lote=vias-de-administracao-lote-01 --apply

[catalog:apply-lote] lote=vias-de-administracao-lote-01 mode=apply
[catalog:apply-lote] ok=50 skipped=0 failed=0
  OK adm-tec-enfermagem-vias-de-administracao-1776056401060-9 ÔÇö conteudo_json aplicado
  OK agirh-enfermagem-vias-de-administracao-1778968768987-7 ÔÇö conteudo_json aplicado
  OK agirh-enfermagem-vias-de-administracao-1778968787431-0 ÔÇö conteudo_json aplicado
  OK amauc-enfermagem-vias-de-administracao-1776056348175-0 ÔÇö conteudo_json aplicado
  OK amauc-enfermagem-vias-de-administracao-1776056374837-2 ÔÇö conteudo_json aplicado
  OK amauc-enfermagem-vias-de-administracao-1776056374837-6 ÔÇö conteudo_json aplicado
  OK amauc-enfermagem-vias-de-administracao-1778968768987-6 ÔÇö conteudo_json aplicado
  OK amauc-enfermagem-vias-de-administracao-1778968906156-5 ÔÇö conteudo_json aplicado
  OK amauc-enfermagem-vias-de-administracao-1778968906156-6 ÔÇö conteudo_json aplicado
  OK amauc-enfermagem-vias-de-administracao-1778968956139-1 ÔÇö conteudo_json aplicado
  OK amauc-enfermagem-vias-de-administracao-1778968956139-2 ÔÇö conteudo_json aplicado
  OK ameosc-enfermagem-vias-de-administracao-1776056348175-5 ÔÇö conteudo_json aplicado
  OK ameosc-enfermagem-vias-de-administracao-1776056348175-6 ÔÇö conteudo_json aplicado
  OK ameosc-enfermagem-vias-de-administracao-1776056357082-4 ÔÇö conteudo_json aplicado
  OK ameosc-enfermagem-vias-de-administracao-1776056357082-5 ÔÇö conteudo_json aplicado
  OK ameosc-enfermagem-vias-de-administracao-1776056366158-1 ÔÇö conteudo_json aplicado
  OK ameosc-enfermagem-vias-de-administracao-1776056366158-2 ÔÇö conteudo_json aplicado
  OK ameosc-enfermagem-vias-de-administracao-1776056374837-3 ÔÇö conteudo_json aplicado
  OK ameosc-enfermagem-vias-de-administracao-1776056383154-4 ÔÇö conteudo_json aplicado
  OK ameosc-enfermagem-vias-de-administracao-1778968687469-5 ÔÇö conteudo_json aplicado
  OK ameosc-enfermagem-vias-de-administracao-1778968968468-5 ÔÇö conteudo_json aplicado
  OK ameosc-enfermagem-vias-de-administracao-1778968997293-0 ÔÇö conteudo_json aplicado
  OK atame-enfermagem-vias-de-administracao-1778968573722-0 ÔÇö conteudo_json aplicado
  OK avancasp-enfermagem-vias-de-administracao-1776056330579-8 ÔÇö conteudo_json aplicado
  OK avancasp-enfermagem-vias-de-administracao-1776056338955-0 ÔÇö conteudo_json aplicado
  OK avancasp-enfermagem-vias-de-administracao-1776056338955-1 ÔÇö conteudo_json aplicado
  OK avancasp-enfermagem-vias-de-administracao-1776056338955-6 ÔÇö conteudo_json aplicado
  OK avancasp-enfermagem-vias-de-administracao-1776056391403-1 ÔÇö conteudo_json aplicado
  OK avancasp-enfermagem-vias-de-administracao-1776056391403-8 ÔÇö conteudo_json aplicado
  OK avancasp-enfermagem-vias-de-administracao-1776056401060-7 ÔÇö conteudo_json aplicado
  OK avancasp-enfermagem-vias-de-administracao-1776056409987-8 ÔÇö conteudo_json aplicado
  OK avancasp-enfermagem-vias-de-administracao-1776056409987-9 ÔÇö conteudo_json aplicado
  OK avancasp-enfermagem-vias-de-administracao-1776056427936-4 ÔÇö conteudo_json aplicado
  OK avancasp-enfermagem-vias-de-administracao-1776056427936-5 ÔÇö conteudo_json aplicado
  OK avancasp-enfermagem-vias-de-administracao-1778968598934-1 ÔÇö conteudo_json aplicado
  OK avancasp-enfermagem-vias-de-administracao-1778968598934-2 ÔÇö conteudo_json aplicado
  OK avancasp-enfermagem-vias-de-administracao-1778968825263-3 ÔÇö conteudo_json aplicado
  OK avancasp-enfermagem-vias-de-administracao-1778968825263-4 ÔÇö conteudo_json aplicado
  OK avancasp-enfermagem-vias-de-administracao-1778968825263-5 ÔÇö conteudo_json aplicado
  OK avancasp-enfermagem-vias-de-administracao-1778968825263-6 ÔÇö conteudo_json aplicado
  OK avancasp-enfermagem-vias-de-administracao-1778968956139-7 ÔÇö conteudo_json aplicado
  OK avancasp-enfermagem-vias-de-administracao-1778968956139-8 ÔÇö conteudo_json aplicado
  OK cebraspe-cespe-enfermagem-vias-de-administracao-1776056401060-2 ÔÇö conteudo_json aplicado
  OK cebraspe-cespe-enfermagem-vias-de-administracao-1778968997293-6 ÔÇö conteudo_json aplicado
  OK cebraspe-cespe-enfermagem-vias-de-administracao-1778968997293-7 ÔÇö conteudo_json aplicado
  OK cetrede-enfermagem-vias-de-administracao-1776056391403-4 ÔÇö conteudo_json aplicado
  OK cetrede-enfermagem-vias-de-administracao-1778968906156-4 ÔÇö conteudo_json aplicado
  OK cetrede-enfermagem-vias-de-administracao-1778968997293-3 ÔÇö conteudo_json aplicado
  OK cev-urca-enfermagem-vias-de-administracao-1776056357082-3 ÔÇö conteudo_json aplicado
  OK cev-urca-enfermagem-vias-de-administracao-1776056427936-7 ÔÇö conteudo_json aplicado
[catalog:apply-lote] report=C:\AVANT\artifacts\catalog-migration-vias-de-administracao-lote-01-applied.json

=== vias-de-administracao-lote-02 2026-06-09T18:52:33.4863433-03:00 ===

> avant@0.1.0 catalog:apply-lote
> tsx scripts/catalog-migration-apply-lote.ts --lote=vias-de-administracao-lote-02 --apply

[catalog:apply-lote] lote=vias-de-administracao-lote-02 mode=apply
[catalog:apply-lote] ok=50 skipped=0 failed=0
  OK cev-urca-enfermagem-vias-de-administracao-1778968906156-7 ÔÇö conteudo_json aplicado
  OK cogeps-unioeste-enfermagem-vias-de-administracao-1778968768987-2 ÔÇö conteudo_json aplicado
  OK cogeps-unioeste-enfermagem-vias-de-administracao-1778968787431-1 ÔÇö conteudo_json aplicado
  OK cogeps-unioeste-enfermagem-vias-de-administracao-1778968787431-3 ÔÇö conteudo_json aplicado
  OK cogeps-unioeste-enfermagem-vias-de-administracao-1778968787431-6 ÔÇö conteudo_json aplicado
  OK cogeps-unioeste-enfermagem-vias-de-administracao-1778968968468-2 ÔÇö conteudo_json aplicado
  OK cogeps-unioeste-enfermagem-vias-de-administracao-1778968968468-3 ÔÇö conteudo_json aplicado
  OK contemax-enfermagem-vias-de-administracao-1778968598934-5 ÔÇö conteudo_json aplicado
  OK coseac-uff-enfermagem-vias-de-administracao-1778969007166-2 ÔÇö conteudo_json aplicado
  OK coseac-uff-enfermagem-vias-de-administracao-1778969007166-3 ÔÇö conteudo_json aplicado
  OK coseac-uff-enfermagem-vias-de-administracao-1778969007166-4 ÔÇö conteudo_json aplicado
  OK coseac-uff-enfermagem-vias-de-administracao-1778969007166-5 ÔÇö conteudo_json aplicado
  OK coseac-uff-enfermagem-vias-de-administracao-1778969007166-6 ÔÇö conteudo_json aplicado
  OK coseac-uff-enfermagem-vias-de-administracao-1778969007166-7 ÔÇö conteudo_json aplicado
  OK coseac-uff-enfermagem-vias-de-administracao-1778969007166-8 ÔÇö conteudo_json aplicado
  OK cotec-fadenor-enfermagem-vias-de-administracao-1778968666352-3 ÔÇö conteudo_json aplicado
  OK cpcon-uepb-enfermagem-vias-de-administracao-1776056348175-1 ÔÇö conteudo_json aplicado
  OK cpcon-uepb-enfermagem-vias-de-administracao-1776056357082-8 ÔÇö conteudo_json aplicado
  OK cpcon-uepb-enfermagem-vias-de-administracao-1776056427936-2 ÔÇö conteudo_json aplicado
  OK cpcon-uepb-enfermagem-vias-de-administracao-1778968629127-0 ÔÇö conteudo_json aplicado
  OK cpcon-uepb-enfermagem-vias-de-administracao-1778968687469-2 ÔÇö conteudo_json aplicado
  OK cpcon-uepb-enfermagem-vias-de-administracao-1778968877204-0 ÔÇö conteudo_json aplicado
  OK cpcon-uepb-enfermagem-vias-de-administracao-1778968877204-1 ÔÇö conteudo_json aplicado
  OK decorp-enfermagem-vias-de-administracao-1776056357082-0 ÔÇö conteudo_json aplicado
  OK educa-pb-enfermagem-vias-de-administracao-1776056366158-4 ÔÇö conteudo_json aplicado
  OK educa-pb-enfermagem-vias-de-administracao-1776056374837-4 ÔÇö conteudo_json aplicado
  OK educa-pb-enfermagem-vias-de-administracao-1776056427936-0 ÔÇö conteudo_json aplicado
  OK educa-pb-enfermagem-vias-de-administracao-1778968629127-6 ÔÇö conteudo_json aplicado
  OK facet-enfermagem-vias-de-administracao-1777178733298-0 ÔÇö conteudo_json aplicado
  OK fau-unicentro-enfermagem-vias-de-administracao-1776056348175-8 ÔÇö conteudo_json aplicado
  OK fau-unicentro-enfermagem-vias-de-administracao-1776056357082-6 ÔÇö conteudo_json aplicado
  OK fau-unicentro-enfermagem-vias-de-administracao-1776056383154-1 ÔÇö conteudo_json aplicado
  OK fau-unicentro-enfermagem-vias-de-administracao-1776056401060-6 ÔÇö conteudo_json aplicado
  OK fau-unicentro-enfermagem-vias-de-administracao-1776056409987-2 ÔÇö conteudo_json aplicado
  OK fau-unicentro-enfermagem-vias-de-administracao-1778968666352-4 ÔÇö conteudo_json aplicado
  OK fau-unicentro-enfermagem-vias-de-administracao-1778968968468-8 ÔÇö conteudo_json aplicado
  OK fcc-enfermagem-vias-de-administracao-1776056418941-0 ÔÇö conteudo_json aplicado
  OK fepese-enfermagem-vias-de-administracao-1776056383154-5 ÔÇö conteudo_json aplicado
  OK fepese-enfermagem-vias-de-administracao-1776056391403-2 ÔÇö conteudo_json aplicado
  OK fepese-enfermagem-vias-de-administracao-1776056418941-4 ÔÇö conteudo_json aplicado
  OK fepese-enfermagem-vias-de-administracao-1778968787431-4 ÔÇö conteudo_json aplicado
  OK fepese-enfermagem-vias-de-administracao-1778968787431-5 ÔÇö conteudo_json aplicado
  OK fepese-enfermagem-vias-de-administracao-1778968997293-1 ÔÇö conteudo_json aplicado
  OK fepese-enfermagem-vias-de-administracao-1778968997293-8 ÔÇö conteudo_json aplicado
  OK fgv-enfermagem-vias-de-administracao-1776056366158-0 ÔÇö conteudo_json aplicado
  OK fgv-enfermagem-vias-de-administracao-1776056401060-0 ÔÇö conteudo_json aplicado
  OK fgv-enfermagem-vias-de-administracao-1778968687469-7 ÔÇö conteudo_json aplicado
  OK fgv-enfermagem-vias-de-administracao-1778968956139-4 ÔÇö conteudo_json aplicado
  OK fgv-enfermagem-vias-de-administracao-1778968968468-0 ÔÇö conteudo_json aplicado
  OK fgv-enfermagem-vias-de-administracao-1778968968468-1 ÔÇö conteudo_json aplicado
[catalog:apply-lote] report=C:\AVANT\artifacts\catalog-migration-vias-de-administracao-lote-02-applied.json

=== vias-de-administracao-lote-03 2026-06-09T18:53:05.1451956-03:00 ===

> avant@0.1.0 catalog:apply-lote
> tsx scripts/catalog-migration-apply-lote.ts --lote=vias-de-administracao-lote-03 --apply

[catalog:apply-lote] lote=vias-de-administracao-lote-03 mode=apply
[catalog:apply-lote] ok=50 skipped=0 failed=0
  OK fumarc-enfermagem-vias-de-administracao-1776056383154-0 ÔÇö conteudo_json aplicado
  OK funatec-enfermagem-vias-de-administracao-1776056418941-1 ÔÇö conteudo_json aplicado
  OK funatec-enfermagem-vias-de-administracao-1776056418941-3 ÔÇö conteudo_json aplicado
  OK funatec-enfermagem-vias-de-administracao-1778968609115-0 ÔÇö conteudo_json aplicado
  OK funatec-enfermagem-vias-de-administracao-1778968609115-1 ÔÇö conteudo_json aplicado
  OK fundatec-enfermagem-vias-de-administracao-1776056338955-5 ÔÇö conteudo_json aplicado
  OK fundatec-enfermagem-vias-de-administracao-1776056338955-8 ÔÇö conteudo_json aplicado
  OK fundatec-enfermagem-vias-de-administracao-1776056374837-7 ÔÇö conteudo_json aplicado
  OK fundatec-enfermagem-vias-de-administracao-1776056383154-3 ÔÇö conteudo_json aplicado
  OK fundatec-enfermagem-vias-de-administracao-1776056383154-6 ÔÇö conteudo_json aplicado
  OK fundatec-enfermagem-vias-de-administracao-1776056391403-0 ÔÇö conteudo_json aplicado
  OK fundatec-enfermagem-vias-de-administracao-1776056409987-1 ÔÇö conteudo_json aplicado
  OK fundatec-enfermagem-vias-de-administracao-1776056409987-7 ÔÇö conteudo_json aplicado
  OK fundatec-enfermagem-vias-de-administracao-1778968666352-6 ÔÇö conteudo_json aplicado
  OK fundatec-enfermagem-vias-de-administracao-1778968666352-7 ÔÇö conteudo_json aplicado
  OK fundatec-enfermagem-vias-de-administracao-1778968666352-8 ÔÇö conteudo_json aplicado
  OK fundatec-enfermagem-vias-de-administracao-1778968825263-0 ÔÇö conteudo_json aplicado
  OK fundatec-enfermagem-vias-de-administracao-1778968825263-2 ÔÇö conteudo_json aplicado
  OK fundatec-enfermagem-vias-de-administracao-1778968862077-6 ÔÇö conteudo_json aplicado
  OK fundatec-enfermagem-vias-de-administracao-1778968862077-7 ÔÇö conteudo_json aplicado
  OK fundep-enfermagem-vias-de-administracao-1776056427936-6 ÔÇö conteudo_json aplicado
  OK fundep-enfermagem-vias-de-administracao-1778969007166-0 ÔÇö conteudo_json aplicado
  OK funtef-enfermagem-vias-de-administracao-1778968598934-3 ÔÇö conteudo_json aplicado
  OK funtef-enfermagem-vias-de-administracao-1778968598934-4 ÔÇö conteudo_json aplicado
  OK furb-enfermagem-vias-de-administracao-1776056348175-3 ÔÇö conteudo_json aplicado
  OK furb-enfermagem-vias-de-administracao-1776056366158-9 ÔÇö conteudo_json aplicado
  OK furb-enfermagem-vias-de-administracao-1776056401060-8 ÔÇö conteudo_json aplicado
  OK furb-enfermagem-vias-de-administracao-1776056409987-0 ÔÇö conteudo_json aplicado
  OK furb-enfermagem-vias-de-administracao-1778968609115-4 ÔÇö conteudo_json aplicado
  OK furb-enfermagem-vias-de-administracao-1778968629127-1 ÔÇö conteudo_json aplicado
  OK fuvest-enfermagem-vias-de-administracao-1778968768987-8 ÔÇö conteudo_json aplicado
  OK gama-enfermagem-vias-de-administracao-1778968573722-3 ÔÇö conteudo_json aplicado
  OK gama-enfermagem-vias-de-administracao-1778968598934-0 ÔÇö conteudo_json aplicado
  OK gama-enfermagem-vias-de-administracao-1778968629127-2 ÔÇö conteudo_json aplicado
  OK gama-geral-vias-de-administracao-1776056427936-3 ÔÇö conteudo_json aplicado
  OK gualimp-enfermagem-vias-de-administracao-1778968687469-3 ÔÇö conteudo_json aplicado
  OK gualimp-enfermagem-vias-de-administracao-1778968968468-4 ÔÇö conteudo_json aplicado
  OK iaupe-enfermagem-vias-de-administracao-1776056401060-4 ÔÇö conteudo_json aplicado
  OK iaupe-enfermagem-vias-de-administracao-1776056401060-5 ÔÇö conteudo_json aplicado
  OK iaupe-enfermagem-vias-de-administracao-1778968877204-6 ÔÇö conteudo_json aplicado
  OK ibade-enfermagem-vias-de-administracao-1776056357082-2 ÔÇö conteudo_json aplicado
  OK ibade-enfermagem-vias-de-administracao-1776056418941-5 ÔÇö conteudo_json aplicado
  OK ibade-enfermagem-vias-de-administracao-1778968825263-7 ÔÇö conteudo_json aplicado
  OK ibade-enfermagem-vias-de-administracao-1778968825263-8 ÔÇö conteudo_json aplicado
  OK ibade-enfermagem-vias-de-administracao-1778968862077-0 ÔÇö conteudo_json aplicado
  OK ibade-enfermagem-vias-de-administracao-1778968862077-1 ÔÇö conteudo_json aplicado
  OK ibade-enfermagem-vias-de-administracao-1778968862077-2 ÔÇö conteudo_json aplicado
  OK ibade-enfermagem-vias-de-administracao-1778968862077-3 ÔÇö conteudo_json aplicado
  OK ibade-enfermagem-vias-de-administracao-1778968862077-4 ÔÇö conteudo_json aplicado
  OK ibade-enfermagem-vias-de-administracao-1778968862077-5 ÔÇö conteudo_json aplicado
[catalog:apply-lote] report=C:\AVANT\artifacts\catalog-migration-vias-de-administracao-lote-03-applied.json

=== vias-de-administracao-lote-04 2026-06-09T18:53:35.2789370-03:00 ===

> avant@0.1.0 catalog:apply-lote
> tsx scripts/catalog-migration-apply-lote.ts --lote=vias-de-administracao-lote-04 --apply

[catalog:apply-lote] lote=vias-de-administracao-lote-04 mode=apply
[catalog:apply-lote] ok=50 skipped=0 failed=0
  OK ibam-enfermagem-vias-de-administracao-1776056366158-3 ÔÇö conteudo_json aplicado
  OK ibam-enfermagem-vias-de-administracao-1778968968468-6 ÔÇö conteudo_json aplicado
  OK ibfc-enfermagem-vias-de-administracao-1778968573722-2 ÔÇö conteudo_json aplicado
  OK ibfc-enfermagem-vias-de-administracao-1778968687469-6 ÔÇö conteudo_json aplicado
  OK idecan-enfermagem-vias-de-administracao-1776056418941-6 ÔÇö conteudo_json aplicado
  OK idecan-enfermagem-vias-de-administracao-1778712108887-2 ÔÇö conteudo_json aplicado
  OK idecan-enfermagem-vias-de-administracao-1778712108887-3 ÔÇö conteudo_json aplicado
  OK idecan-enfermagem-vias-de-administracao-1778712108887-4 ÔÇö conteudo_json aplicado
  OK idecan-enfermagem-vias-de-administracao-1778712108887-5 ÔÇö conteudo_json aplicado
  OK idecan-enfermagem-vias-de-administracao-1778712108887-6 ÔÇö conteudo_json aplicado
  OK idecan-enfermagem-vias-de-administracao-1778968997293-4 ÔÇö conteudo_json aplicado
  OK idecan-enfermagem-vias-de-administracao-1780066924385-0 ÔÇö conteudo_json aplicado
  OK idesg-enfermagem-vias-de-administracao-1776056338955-4 ÔÇö conteudo_json aplicado
  OK igeduc-enfermagem-vias-de-administracao-1778968609115-6 ÔÇö conteudo_json aplicado
  OK igeduc-enfermagem-vias-de-administracao-1778968609115-8 ÔÇö conteudo_json aplicado
  OK igeduc-enfermagem-vias-de-administracao-1778968629127-3 ÔÇö conteudo_json aplicado
  OK igeduc-enfermagem-vias-de-administracao-1778968646731-0 ÔÇö conteudo_json aplicado
  OK igeduc-enfermagem-vias-de-administracao-1778968646731-1 ÔÇö conteudo_json aplicado
  OK igeduc-enfermagem-vias-de-administracao-1778968646731-2 ÔÇö conteudo_json aplicado
  OK imparh-enfermagem-vias-de-administracao-1778968666352-0 ÔÇö conteudo_json aplicado
  OK imparh-enfermagem-vias-de-administracao-1778968956139-0 ÔÇö conteudo_json aplicado
  OK inaz-do-para-enfermagem-vias-de-administracao-1776056418941-7 ÔÇö conteudo_json aplicado
  OK inaz-do-para-enfermagem-vias-de-administracao-1776056427936-8 ÔÇö conteudo_json aplicado
  OK instituto-access-enfermagem-vias-de-administracao-1776056409987-5 ÔÇö conteudo_json aplicado
  OK instituto-aocp-enfermagem-vias-de-administracao-1776056409987-6 ÔÇö conteudo_json aplicado
  OK instituto-consulpam-enfermagem-vias-de-administracao-1777178666643-0 ÔÇö conteudo_json aplicado
  OK instituto-consulpam-enfermagem-vias-de-administracao-1778968666352-2 ÔÇö conteudo_json aplicado
  OK instituto-consulplan-enfermagem-vias-de-administracao-1776056391403-7 ÔÇö conteudo_json aplicado
  OK instituto-consulplan-enfermagem-vias-de-administracao-1776056401060-1 ÔÇö conteudo_json aplicado
  OK instituto-consulplan-enfermagem-vias-de-administracao-1778968646731-4 ÔÇö conteudo_json aplicado
  OK instituto-consulplan-enfermagem-vias-de-administracao-1778968646731-5 ÔÇö conteudo_json aplicado
  OK instituto-consulplan-enfermagem-vias-de-administracao-1778968646731-6 ÔÇö conteudo_json aplicado
  OK instituto-consulplan-enfermagem-vias-de-administracao-1778968687469-8 ÔÇö conteudo_json aplicado
  OK instituto-consulplan-enfermagem-vias-de-administracao-1778968687469-9 ÔÇö conteudo_json aplicado
  OK instituto-consulplan-enfermagem-vias-de-administracao-1778968768987-0 ÔÇö conteudo_json aplicado
  OK instituto-consulplan-enfermagem-vias-de-administracao-1778968787431-2 ÔÇö conteudo_json aplicado
  OK instituto-consulplan-enfermagem-vias-de-administracao-1778968968468-7 ÔÇö conteudo_json aplicado
  OK instituto-evo-enfermagem-vias-de-administracao-1776056348175-2 ÔÇö conteudo_json aplicado
  OK instituto-evo-enfermagem-vias-de-administracao-1776056374837-5 ÔÇö conteudo_json aplicado
  OK instituto-iacp-enfermagem-vias-de-administracao-1778968997293-2 ÔÇö conteudo_json aplicado
  OK instituto-jk-enfermagem-vias-de-administracao-1776056418941-2 ÔÇö conteudo_json aplicado
  OK instituto-mais-enfermagem-vias-de-administracao-1778968862077-8 ÔÇö conteudo_json aplicado
  OK instituto-mais-enfermagem-vias-de-administracao-1778968862077-9 ÔÇö conteudo_json aplicado
  OK instituto-verbena-enfermagem-vias-de-administracao-1776056357082-1 ÔÇö conteudo_json aplicado
  OK instituto-verbena-enfermagem-vias-de-administracao-1776056409987-4 ÔÇö conteudo_json aplicado
  OK instituto-verbena-enfermagem-vias-de-administracao-1776056427936-1 ÔÇö conteudo_json aplicado
  OK instituto-verbena-enfermagem-vias-de-administracao-1778968609115-9 ÔÇö conteudo_json aplicado
  OK itame-enfermagem-vias-de-administracao-1778968609115-5 ÔÇö conteudo_json aplicado
  OK ivin-enfermagem-vias-de-administracao-1776056391403-3 ÔÇö conteudo_json aplicado
  OK ivin-enfermagem-vias-de-administracao-1778968629127-5 ÔÇö conteudo_json aplicado
[catalog:apply-lote] report=C:\AVANT\artifacts\catalog-migration-vias-de-administracao-lote-04-applied.json

=== vias-de-administracao-lote-05 2026-06-09T18:54:06.2281683-03:00 ===

> avant@0.1.0 catalog:apply-lote
> tsx scripts/catalog-migration-apply-lote.ts --lote=vias-de-administracao-lote-05 --apply

[catalog:apply-lote] lote=vias-de-administracao-lote-05 mode=apply
[catalog:apply-lote] ok=50 skipped=0 failed=0
  OK ivin-enfermagem-vias-de-administracao-1778968666352-1 ÔÇö conteudo_json aplicado
  OK ivin-enfermagem-vias-de-administracao-1778968877204-4 ÔÇö conteudo_json aplicado
  OK ivin-enfermagem-vias-de-administracao-1778968877204-5 ÔÇö conteudo_json aplicado
  OK lj-assessoria-enfermagem-vias-de-administracao-1778968877204-7 ÔÇö conteudo_json aplicado
  OK lj-assessoria-enfermagem-vias-de-administracao-1778968906156-0 ÔÇö conteudo_json aplicado
  OK lj-assessoria-enfermagem-vias-de-administracao-1778968906156-1 ÔÇö conteudo_json aplicado
  OK lj-assessoria-enfermagem-vias-de-administracao-1778968906156-2 ÔÇö conteudo_json aplicado
  OK maranatha-assessoria-enfermagem-vias-de-administracao-1776056348175-4 ÔÇö conteudo_json aplicado
  OK metrocapital-enfermagem-vias-de-administracao-1778968768987-3 ÔÇö conteudo_json aplicado
  OK metrocapital-enfermagem-vias-de-administracao-1778968768987-4 ÔÇö conteudo_json aplicado
  OK ms-sarmento-enfermagem-vias-de-administracao-1776056391403-5 ÔÇö conteudo_json aplicado
  OK ms-sarmento-enfermagem-vias-de-administracao-1776056391403-6 ÔÇö conteudo_json aplicado
  OK ms-sarmento-enfermagem-vias-de-administracao-1776056409987-3 ÔÇö conteudo_json aplicado
  OK ms-sarmento-enfermagem-vias-de-administracao-1778968646731-7 ÔÇö conteudo_json aplicado
  OK objetiva-concursos-enfermagem-vias-de-administracao-1776056338955-2 ÔÇö conteudo_json aplicado
  OK objetiva-concursos-enfermagem-vias-de-administracao-1776056338955-7 ÔÇö conteudo_json aplicado
  OK objetiva-concursos-enfermagem-vias-de-administracao-1776056374837-0 ÔÇö conteudo_json aplicado
  OK objetiva-concursos-enfermagem-vias-de-administracao-1776056374837-1 ÔÇö conteudo_json aplicado
  OK objetiva-concursos-enfermagem-vias-de-administracao-1778968609115-7 ÔÇö conteudo_json aplicado
  OK objetiva-concursos-enfermagem-vias-de-administracao-1778968666352-9 ÔÇö conteudo_json aplicado
  OK objetiva-concursos-enfermagem-vias-de-administracao-1778968687469-4 ÔÇö conteudo_json aplicado
  OK objetiva-concursos-enfermagem-vias-de-administracao-1778968825263-1 ÔÇö conteudo_json aplicado
  OK objetiva-concursos-enfermagem-vias-de-administracao-1778968906156-3 ÔÇö conteudo_json aplicado
  OK objetiva-concursos-enfermagem-vias-de-administracao-1778968956139-3 ÔÇö conteudo_json aplicado
  OK omni-enfermagem-vias-de-administracao-1778968956139-5 ÔÇö conteudo_json aplicado
  OK omni-enfermagem-vias-de-administracao-1778968997293-5 ÔÇö conteudo_json aplicado
  OK omni-enfermagem-vias-de-administracao-1778969007166-1 ÔÇö conteudo_json aplicado
  OK quadrix-enfermagem-vias-de-administracao-1778968877204-2 ÔÇö conteudo_json aplicado
  OK quadrix-enfermagem-vias-de-administracao-1778968877204-3 ÔÇö conteudo_json aplicado
  OK reis-e-reis-enfermagem-vias-de-administracao-1778968629127-7 ÔÇö conteudo_json aplicado
  OK sc-treinamentos-enfermagem-vias-de-administracao-1778968666352-5 ÔÇö conteudo_json aplicado
  OK sc-treinamentos-enfermagem-vias-de-administracao-1778969018962-0 ÔÇö conteudo_json aplicado
  OK selecon-enfermagem-vias-de-administracao-1776056330579-7 ÔÇö conteudo_json aplicado
  OK selecon-enfermagem-vias-de-administracao-1776056383154-2 ÔÇö conteudo_json aplicado
  OK selecon-enfermagem-vias-de-administracao-1776056401060-3 ÔÇö conteudo_json aplicado
  OK selecon-enfermagem-vias-de-administracao-1778968629127-4 ÔÇö conteudo_json aplicado
  OK selecon-enfermagem-vias-de-administracao-1778968687469-0 ÔÇö conteudo_json aplicado
  OK selecon-enfermagem-vias-de-administracao-1778968687469-1 ÔÇö conteudo_json aplicado
  OK unifil-enfermagem-vias-de-administracao-1778968609115-3 ÔÇö conteudo_json aplicado
  OK unifil-enfermagem-vias-de-administracao-1778968956139-6 ÔÇö conteudo_json aplicado
  OK univali-enfermagem-vias-de-administracao-1778968573722-1 ÔÇö conteudo_json aplicado
  OK univida-enfermagem-vias-de-administracao-1778968646731-3 ÔÇö conteudo_json aplicado
  OK vunesp-enfermagem-vias-de-administracao-1776056330579-6 ÔÇö conteudo_json aplicado
  OK vunesp-enfermagem-vias-de-administracao-1776056357082-7 ÔÇö conteudo_json aplicado
  OK vunesp-enfermagem-vias-de-administracao-1776056366158-5 ÔÇö conteudo_json aplicado
  OK vunesp-enfermagem-vias-de-administracao-1776056366158-6 ÔÇö conteudo_json aplicado
  OK vunesp-enfermagem-vias-de-administracao-1776056366158-8 ÔÇö conteudo_json aplicado
  OK vunesp-enfermagem-vias-de-administracao-1778968609115-2 ÔÇö conteudo_json aplicado
  OK vunesp-enfermagem-vias-de-administracao-1778968768987-1 ÔÇö conteudo_json aplicado
  OK vunesp-enfermagem-vias-de-administracao-1778968768987-5 ÔÇö conteudo_json aplicado
[catalog:apply-lote] report=C:\AVANT\artifacts\catalog-migration-vias-de-administracao-lote-05-applied.json

=== vias-de-administracao-lote-06 2026-06-09T18:54:36.3813737-03:00 ===

> avant@0.1.0 catalog:apply-lote
> tsx scripts/catalog-migration-apply-lote.ts --lote=vias-de-administracao-lote-06 --apply

[catalog:apply-lote] lote=vias-de-administracao-lote-06 mode=apply
[catalog:apply-lote] ok=1 skipped=0 failed=0
  OK vunesp-enfermagem-vias-de-administracao-1778968787431-7 ÔÇö conteudo_json aplicado
[catalog:apply-lote] report=C:\AVANT\artifacts\catalog-migration-vias-de-administracao-lote-06-applied.json

