source,slug,subtopico,lote,issue_codes
"supabase","adm-tec-enfermagem-atencao-basica-saude-da-familia-1778968156152-2","Oxigenoterapia e Cuidados Respiratórios","","molde_golden_rule_sem_rows"
"supabase","adm-tec-enfermagem-atencao-basica-saude-da-familia-1778968156152-3","Infecções Sexualmente Transmissíveis (ISTs)","","molde_golden_rule_sem_rows"
"supabase","adm-tec-enfermagem-oxigenoterapia-e-cuidados-respiratorios-1776056624615-7","Oxigenoterapia e Cuidados Respiratórios","","molde_golden_rule_sem_rows"
"supabase","adm-tec-enfermagem-oxigenoterapia-e-cuidados-respiratorios-1776056641612-0","Oxigenoterapia e Cuidados Respiratórios","","molde_golden_rule_sem_rows"
"supabase","adm-tec-enfermagem-oxigenoterapia-e-cuidados-respiratorios-1779344651728-3","Oxigenoterapia e Cuidados Respiratórios","","molde_golden_rule_sem_rows"
"supabase","adm-tec-enfermagem-oxigenoterapia-e-cuidados-respiratorios-1779344651728-4","Oxigenoterapia e Cuidados Respiratórios","","molde_golden_rule_sem_rows"
"supabase","adm-tec-enfermagem-processo-de-enfermagem-1776056021381-3","Processo de Enfermagem","","stub_markers;molde_golden_rule_sem_rows"
"supabase","adm-tec-enfermagem-processo-de-enfermagem-1776056021381-4","Outras Questões e Questões Mescladas sobre Doenças Crônicas Não Transmissíveis","","stub_markers"
"supabase","adm-tec-enfermagem-processo-de-enfermagem-1776056129848-4","Processo de Enfermagem","","stub_markers;molde_golden_rule_sem_rows"
"supabase","adm-tec-enfermagem-processo-de-enfermagem-1776056129848-5","Processo de Enfermagem","","stub_markers;molde_golden_rule_sem_rows"
"supabase","adm-tec-enfermagem-urgencias-e-emergencias-1777103970505-4","Urgências e Emergências","","stub_markers"
"supabase","adm-tec-enfermagem-urgencias-e-emergencias-1777103970505-5","Urgências e Emergências","","stub_markers"
"supabase","adm-tec-enfermagem-urgencias-e-emergencias-1777103970505-6","Urgências e Emergências","","stub_markers"
"supabase","adm-tec-enfermagem-urgencias-e-emergencias-1777103970505-7","Urgências e Emergências","","stub_markers"
"supabase","adm-tec-enfermagem-urgencias-e-emergencias-1777103970505-8","Urgências e Emergências","","stub_markers"
"supabase","agirh-enfermagem-nocoes-de-anatomia-1775448514037-0","Verificação de Sinais Vitais","","molde_golden_rule_sem_rows"
"supabase","agirh-enfermagem-oxigenoterapia-e-cuidados-respiratorios-1779344707320-2","Oxigenoterapia e Cuidados Respiratórios","","molde_golden_rule_sem_rows"
"supabase","agirh-enfermagem-oxigenoterapia-e-cuidados-respiratorios-1779344707320-4","Oxigenoterapia e Cuidados Respiratórios","","molde_golden_rule_sem_rows"
"supabase","amauc-enfermagem-calculo-de-administracao-de-medicamentos-e-infusoes-1776056265348-8","Cálculo de Administração de Medicamentos e Infusões","","molde_concept_map_sem_items;molde_golden_rule_sem_rows"
"supabase","amauc-enfermagem-calculo-de-administracao-de-medicamentos-e-infusoes-1776056274291-3","Cálculo de Administração de Medicamentos e Infusões","","molde_concept_map_sem_items;molde_golden_rule_sem_rows"
"supabase","amauc-enfermagem-calculo-de-administracao-de-medicamentos-e-infusoes-1776056274291-4","Cálculo de Administração de Medicamentos e Infusões","","molde_concept_map_sem_items;molde_golden_rule_sem_rows"
"supabase","amauc-enfermagem-calculo-de-administracao-de-medicamentos-e-infusoes-1776056274291-5","Cálculo de Administração de Medicamentos e Infusões","","molde_concept_map_sem_items;molde_golden_rule_sem_rows"
"supabase","amauc-enfermagem-imunizacao-1779564109452-2","Imunização","","molde_golden_rule_sem_rows"
"supabase","amauc-enfermagem-oxigenoterapia-e-cuidados-respiratorios-1779344701804-8","Oxigenoterapia e Cuidados Respiratórios","","molde_golden_rule_sem_rows"
"supabase","amauc-enfermagem-oxigenoterapia-e-cuidados-respiratorios-1779344718151-8","Oxigenoterapia e Cuidados Respiratórios","","molde_golden_rule_sem_rows"
"supabase","amauc-enfermagem-processo-de-enfermagem-1780001440222-4","Enfermagem em Central de Material e Esterilização (CME)","","stub_markers"
"supabase","amauc-enfermagem-processo-de-enfermagem-1780001440222-5","Mobilização e Posicionamento do Paciente","","stub_markers"
"supabase","amauc-enfermagem-processo-de-enfermagem-1780001440222-7","Saúde da Criança","","stub_markers"
"supabase","amauc-enfermagem-processo-de-enfermagem-1780001440222-9","Cuidados na Administração de Medicamentos","","stub_markers"
"supabase","amauc-enfermagem-processo-de-enfermagem-1780001517858-1","Urgências e Emergências","","stub_markers"
"supabase","amauc-enfermagem-processo-de-enfermagem-1780001517858-3","Verificação de Sinais Vitais","","stub_markers"
"supabase","amauc-enfermagem-processo-de-enfermagem-1780001517858-4","Urgências e Emergências","","stub_markers"
"supabase","amauc-enfermagem-processo-de-enfermagem-1780001517858-5","Enfermagem em Centro Cirúrgico","","stub_markers"
"supabase","amauc-enfermagem-processo-de-enfermagem-1780001517858-6","Cuidados na Administração de Medicamentos","","stub_markers"
"supabase","amauc-enfermagem-processo-de-enfermagem-1780001517858-7","Urgências e Emergências","","stub_markers"
"supabase","amauc-enfermagem-processo-de-enfermagem-1780001517858-8","Enfermagem em Centro Cirúrgico","","stub_markers"
"supabase","amauc-enfermagem-processo-de-enfermagem-1780001613305-0","Processamento de Artigos e Produtos de Saúde","","stub_markers"
"supabase","amauc-enfermagem-processo-de-enfermagem-1780002441285-4","Verificação de Sinais Vitais","","stub_markers"
"supabase","amauc-enfermagem-processo-de-enfermagem-1780002441285-5","Urgências e Emergências","","stub_markers"
"supabase","amauc-enfermagem-processo-de-enfermagem-1780002441285-6","Saúde da Mulher","","stub_markers"
"supabase","amauc-enfermagem-processo-de-enfermagem-1780002441285-7","Outras Questões e Questões Mescladas sobre Doenças Crônicas Não Transmissíveis","","stub_markers"
"supabase","amauc-enfermagem-processo-de-enfermagem-1780002441285-8","Infecções Sexualmente Transmissíveis (ISTs)","","stub_markers"
"supabase","amauc-enfermagem-processo-de-enfermagem-1780002441285-9","Medidas de Prevenção e Precaução de Contato","","stub_markers"
"supabase","amauc-enfermagem-processo-de-enfermagem-1780002549800-0","Verificação de Sinais Vitais","","stub_markers"
"supabase","amauc-enfermagem-processo-de-enfermagem-1780002549800-1","Medidas de Prevenção e Precaução de Contato","","stub_markers"
"supabase","amauc-enfermagem-processo-de-enfermagem-1780002549800-2","Assistência Perioperatória (Inclui SRPA)","","stub_markers"
"supabase","amauc-enfermagem-processo-de-enfermagem-1780002549800-3","Urgências e Emergências","","stub_markers"
"supabase","amauc-enfermagem-processo-de-enfermagem-1780004982901-5","Outras Questões e Questões Mescladas sobre Doenças Crônicas Não Transmissíveis","","stub_markers"
"supabase","amauc-enfermagem-processo-de-enfermagem-1780004982901-6","Saúde da Mulher","","stub_markers"
"supabase","amauc-enfermagem-processo-de-enfermagem-1780004982901-7","Doenças Bacterianas e Fúngicas (Tuberculose, Tétano, Candidíase etc.)","","stub_markers"
"supabase","amauc-enfermagem-processo-de-enfermagem-1780004982901-8","Saúde da Criança","","stub_markers"
"supabase","amauc-enfermagem-processo-de-enfermagem-1780004982901-9","Saúde da Mulher","","stub_markers"
"supabase","amauc-enfermagem-processo-de-enfermagem-1780005128081-0","Doenças Virais de Interesse Epidemiológico (Covid, Influenza, Sarampo, Polio etc.)","","stub_markers"
"supabase","amauc-enfermagem-processo-de-enfermagem-1780005128081-1","Saúde da Mulher","","stub_markers"
"supabase","amauc-enfermagem-processo-de-enfermagem-1780005128081-2","Atenção Básica / Saúde da Família","","stub_markers"
"supabase","amauc-enfermagem-processo-de-enfermagem-1780005128081-3","Promoção à Saúde e Prevenção de Agravos","","stub_markers"
"supabase","amauc-enfermagem-processo-de-enfermagem-1780005128081-4","Doenças Bacterianas e Fúngicas (Tuberculose, Tétano, Candidíase etc.)","","stub_markers"
"supabase","amauc-enfermagem-processo-de-enfermagem-1780005128081-5","Promoção à Saúde e Prevenção de Agravos","","stub_markers"
"supabase","amauc-enfermagem-processo-de-enfermagem-1780005128081-6","Outras Questões e Questões Mescladas sobre Doenças Crônicas Não Transmissíveis","","stub_markers"
"supabase","amauc-enfermagem-processo-de-enfermagem-1780006486032-5","Atenção Básica / Saúde da Família","","stub_markers"
"supabase","amauc-enfermagem-processo-de-enfermagem-1780006486032-6","Epidemiologia e Vigilância Epidemiológica","","stub_markers"
"supabase","amauc-enfermagem-processo-de-enfermagem-1780006486032-7","Atenção Básica / Saúde da Família","","stub_markers"
"supabase","amauc-enfermagem-processo-de-enfermagem-1780006486032-8","Cuidados na Administração de Medicamentos","","stub_markers"
"supabase","amauc-enfermagem-processo-de-enfermagem-1780006486032-9","Processo de Enfermagem","","stub_markers"
"supabase","amauc-geral-calculo-de-administracao-de-medicamentos-e-infusoes-1776056274291-6","Cálculo de Administração de Medicamentos e Infusões","","molde_concept_map_sem_items;molde_golden_rule_sem_rows"
"supabase","ameosc-enfermagem-cuidados-na-administracao-de-medicamentos-1778969554207-3","Vias de Administração","","molde_golden_rule_sem_rows"
"supabase","ameosc-enfermagem-imunizacao-1779564079834-1","Imunização","","molde_golden_rule_sem_rows"
"supabase","ameosc-enfermagem-imunizacao-1779572207173-8","Imunização","","molde_golden_rule_sem_rows"
"supabase","ameosc-enfermagem-nocoes-de-fisiologia-1775448586547-7","Verificação de Sinais Vitais","","molde_golden_rule_sem_rows"
"supabase","ameosc-enfermagem-oxigenoterapia-e-cuidados-respiratorios-1779344688622-7","Oxigenoterapia e Cuidados Respiratórios","","molde_golden_rule_sem_rows"
"supabase","ameosc-enfermagem-oxigenoterapia-e-cuidados-respiratorios-1779344701804-0","Oxigenoterapia e Cuidados Respiratórios","","molde_golden_rule_sem_rows"
"supabase","ameosc-enfermagem-processo-de-enfermagem-1776056129848-6","Cuidados na Administração de Medicamentos","","stub_markers"
"supabase","ameosc-enfermagem-processo-de-enfermagem-1776056129848-7","Processo de Enfermagem","","stub_markers;molde_golden_rule_sem_rows"
"supabase","ameosc-enfermagem-processo-de-enfermagem-1776056158507-0","Processo de Enfermagem","","stub_markers;molde_golden_rule_sem_rows"
"supabase","ameosc-enfermagem-processo-de-enfermagem-1776056158507-4","Processo de Enfermagem","","stub_markers;molde_golden_rule_sem_rows"
"supabase","ameosc-enfermagem-processo-de-enfermagem-1776056158507-5","Processo de Enfermagem","","stub_markers;molde_golden_rule_sem_rows"
"supabase","ameosc-enfermagem-processo-de-enfermagem-1776056158507-6","Processo de Enfermagem","","stub_markers;molde_golden_rule_sem_rows"
"supabase","ameosc-enfermagem-processo-de-enfermagem-1776056158507-7","Atenção Básica / Saúde da Família","","stub_markers"
"supabase","ameosc-enfermagem-processo-de-enfermagem-1776056181857-0","Processo de Enfermagem","","stub_markers;molde_golden_rule_sem_rows"
"supabase","ameosc-enfermagem-processo-de-enfermagem-1776056181857-2","Processo de Enfermagem","","stub_markers;molde_golden_rule_sem_rows"
"supabase","ameosc-enfermagem-processo-de-enfermagem-1776056181857-3","Saúde Mental","","stub_markers"
"supabase","ameosc-enfermagem-processo-de-enfermagem-1776056181857-4","Cuidados na Administração de Medicamentos","","stub_markers"
"supabase","ameosc-enfermagem-processo-de-enfermagem-1776056181857-5","Processo de Enfermagem","","stub_markers;molde_golden_rule_sem_rows"
"supabase","ameosc-enfermagem-processo-de-enfermagem-1780001613305-1","Promoção à Saúde e Prevenção de Agravos","","stub_markers"
"supabase","ameosc-enfermagem-processo-de-enfermagem-1780001613305-2","Enfermagem em Central de Material e Esterilização (CME)","","stub_markers"
"supabase","ameosc-enfermagem-processo-de-enfermagem-1780001613305-3","Cálculo de Administração de Medicamentos e Infusões","","stub_markers"
"supabase","ameosc-enfermagem-processo-de-enfermagem-1780001613305-4","Medidas de Prevenção e Precaução de Contato","","stub_markers"
"supabase","ameosc-enfermagem-processo-de-enfermagem-1780001613305-5","Processo de Enfermagem","","stub_markers"
"supabase","ameosc-enfermagem-processo-de-enfermagem-1780001613305-6","Medidas de Prevenção e Precaução de Contato","","stub_markers"
"supabase","ameosc-enfermagem-processo-de-enfermagem-1780001613305-8","Cálculo de Administração de Medicamentos e Infusões","","stub_markers"
"supabase","ameosc-enfermagem-processo-de-enfermagem-1780001673873-0","Infecções no Contexto da Biossegurança","","stub_markers"
"supabase","ameosc-enfermagem-processo-de-enfermagem-1780001673873-1","Infecções no Contexto da Biossegurança","","stub_markers"
"supabase","ameosc-enfermagem-processo-de-enfermagem-1780002934000-2","Saúde da Mulher","","stub_markers"
"supabase","ameosc-enfermagem-processo-de-enfermagem-1780002934000-3","Medidas de Prevenção e Precaução de Contato","","stub_markers"
"supabase","ameosc-enfermagem-processo-de-enfermagem-1780002934000-4","Processo de Enfermagem","","stub_markers"
"supabase","ameosc-enfermagem-processo-de-enfermagem-1780002934000-5","Urgências e Emergências","","stub_markers"
"supabase","ameosc-enfermagem-processo-de-enfermagem-1780002934000-6","Mobilização e Posicionamento do Paciente","","stub_markers"
"supabase","ameosc-enfermagem-processo-de-enfermagem-1780002934000-9","Cuidados na Administração de Medicamentos","","stub_markers"
"supabase","ameosc-enfermagem-processo-de-enfermagem-1780003031246-0","Mobilização e Posicionamento do Paciente","","stub_markers"
"supabase","ameosc-enfermagem-processo-de-enfermagem-1780003031246-1","Verificação de Sinais Vitais","","stub_markers"
"supabase","ameosc-enfermagem-processo-de-enfermagem-1780003031246-2","Verificação de Sinais Vitais","","stub_markers"
"supabase","ameosc-enfermagem-processo-de-enfermagem-1780003031246-4","Vias de Administração","","stub_markers"
"supabase","ameosc-enfermagem-processo-de-enfermagem-1780003031246-5","Assistência Perioperatória (Inclui SRPA)","","stub_markers"
"supabase","ameosc-enfermagem-processo-de-enfermagem-1780005556782-5","Mobilização e Posicionamento do Paciente","","stub_markers"
"supabase","ameosc-enfermagem-processo-de-enfermagem-1780005556782-6","Urgências e Emergências","","stub_markers"
"supabase","ameosc-enfermagem-processo-de-enfermagem-1780005556782-8","Verificação de Sinais Vitais","","stub_markers"
"supabase","ameosc-enfermagem-processo-de-enfermagem-1780005556782-9","Processo de Enfermagem","","stub_markers"
"supabase","ameosc-enfermagem-processo-de-enfermagem-1780005791580-0","Enfermagem em Central de Material e Esterilização (CME)","","stub_markers"
"supabase","ameosc-enfermagem-processo-de-enfermagem-1780005791580-1","Epidemiologia e Vigilância Epidemiológica","","stub_markers"
"supabase","ameosc-enfermagem-processo-de-enfermagem-1780005791580-2","Segurança do Paciente","","stub_markers"
"supabase","ameosc-enfermagem-processo-de-enfermagem-1780005791580-4","Atenção Básica / Saúde da Família","","stub_markers"
"supabase","ameosc-enfermagem-processo-de-enfermagem-1780005791580-5","Coleta de Exames Laboratoriais","","stub_markers"
"supabase","ameosc-enfermagem-processo-de-enfermagem-1780005791580-6","Assistência Perioperatória (Inclui SRPA)","","stub_markers"
"supabase","ameosc-enfermagem-processo-de-enfermagem-1780008225255-3","Verificação de Sinais Vitais","","stub_markers"
"supabase","ameosc-enfermagem-processo-de-enfermagem-1780008225255-5","Verificação de Sinais Vitais","","stub_markers"
"supabase","ameosc-enfermagem-processo-de-enfermagem-1780008225255-6","Cuidados na Administração de Medicamentos","","stub_markers"
"supabase","ameosc-enfermagem-processo-de-enfermagem-1780008225255-7","Saúde da Mulher","","stub_markers"
"supabase","ameosc-enfermagem-processo-de-enfermagem-1780008225255-8","Processo de Enfermagem","","stub_markers"
"supabase","ameosc-enfermagem-processo-de-enfermagem-1780008225255-9","Cuidados na Administração de Medicamentos","","stub_markers"
"supabase","ameosc-enfermagem-processo-de-enfermagem-1780008232871-0","Atenção Básica / Saúde da Família","","stub_markers"
"supabase","ameosc-enfermagem-processo-de-enfermagem-1780008232871-1","Cuidados na Administração de Medicamentos","","stub_markers"
"supabase","ameosc-enfermagem-processo-de-enfermagem-1780008232871-2","Mobilização e Posicionamento do Paciente","","stub_markers"
"supabase","ameosc-enfermagem-processo-de-enfermagem-1780008232871-3","Epidemiologia e Vigilância Epidemiológica","","stub_markers"
"supabase","ameosc-enfermagem-processo-de-enfermagem-1780008232871-4","Verificação de Sinais Vitais","","stub_markers"
"supabase","ameosc-enfermagem-processo-de-enfermagem-1780008232871-5","Verificação de Sinais Vitais","","stub_markers"
"supabase","ameosc-enfermagem-processo-de-enfermagem-1780011961798-2","Urgências e Emergências","","stub_markers"
"supabase","ameosc-enfermagem-processo-de-enfermagem-1780011961798-3","Urgências e Emergências","","stub_markers"
"supabase","ameosc-enfermagem-processo-de-enfermagem-1780011961798-4","Medidas de Prevenção e Precaução de Contato","","stub_markers"
"supabase","ameosc-enfermagem-processo-de-enfermagem-1780011961798-5","Urgências e Emergências","","stub_markers"
"supabase","ameosc-enfermagem-processo-de-enfermagem-1780011961798-6","Urgências e Emergências","","stub_markers"
"supabase","ameosc-enfermagem-processo-de-enfermagem-1780011961798-7","Urgências e Emergências","","stub_markers"
"supabase","ameosc-enfermagem-processo-de-enfermagem-1780011961798-8","Urgências e Emergências","","stub_markers"
"supabase","ameosc-enfermagem-processo-de-enfermagem-1780011961798-9","Processamento de Artigos e Produtos de Saúde","","stub_markers"
"supabase","ameosc-enfermagem-processo-de-enfermagem-1780011967989-1","Urgências e Emergências","","stub_markers"
"supabase","ameosc-enfermagem-verificacao-de-sinais-vitais-1779343811344-5","Verificação de Sinais Vitais","","molde_concept_map_sem_items;molde_logic_flow_sem_steps"
"supabase","ameosc-enfermagem-verificacao-de-sinais-vitais-1779343883917-1","Verificação de Sinais Vitais","","molde_concept_map_sem_items;molde_logic_flow_sem_steps"
"supabase","apice-enfermagem-imunizacao-1779564079834-2","Imunização","","molde_golden_rule_sem_rows"
"supabase","avancasp-enfermagem-calculo-de-administracao-de-medicamentos-e-infusoes-1776056284398-8","Cálculo de Administração de Medicamentos e Infusões","","molde_concept_map_sem_items;molde_golden_rule_sem_rows"
"supabase","avancasp-enfermagem-calculo-de-administracao-de-medicamentos-e-infusoes-1776056292978-0","Cálculo de Administração de Medicamentos e Infusões","","molde_concept_map_sem_items;molde_golden_rule_sem_rows"
"supabase","avancasp-enfermagem-calculo-de-administracao-de-medicamentos-e-infusoes-1776056292978-1","Cálculo de Administração de Medicamentos e Infusões","","molde_concept_map_sem_items;molde_golden_rule_sem_rows"
"supabase","avancasp-enfermagem-calculo-de-administracao-de-medicamentos-e-infusoes-1776056292978-2","Cálculo de Administração de Medicamentos e Infusões","","molde_concept_map_sem_items;molde_golden_rule_sem_rows"
"supabase","avancasp-enfermagem-calculo-de-administracao-de-medicamentos-e-infusoes-1776056292978-7","Cálculo de Administração de Medicamentos e Infusões","","molde_concept_map_sem_items;molde_golden_rule_sem_rows"
"supabase","avancasp-enfermagem-exames-laboratoriais-1779563559434-2","Coleta de Exames Laboratoriais","","molde_concept_map_sem_items"
"supabase","avancasp-enfermagem-imunizacao-1777103222102-5","Imunização","","molde_golden_rule_sem_rows"
"supabase","avancasp-enfermagem-nutricao-aplicada-a-enfermagem-1777102879099-0","Processo de Enfermagem","","molde_golden_rule_sem_rows"
"supabase","avancasp-enfermagem-oxigenoterapia-e-cuidados-respiratorios-1776056624615-5","Oxigenoterapia e Cuidados Respiratórios","","molde_golden_rule_sem_rows"
"supabase","avancasp-enfermagem-oxigenoterapia-e-cuidados-respiratorios-1776056709494-2","Oxigenoterapia e Cuidados Respiratórios","","molde_golden_rule_sem_rows"
"supabase","avancasp-enfermagem-oxigenoterapia-e-cuidados-respiratorios-1779344637595-0","Oxigenoterapia e Cuidados Respiratórios","","molde_golden_rule_sem_rows"
"supabase","avancasp-enfermagem-oxigenoterapia-e-cuidados-respiratorios-1779344637595-1","Oxigenoterapia e Cuidados Respiratórios","","molde_golden_rule_sem_rows"
"supabase","avancasp-enfermagem-oxigenoterapia-e-cuidados-respiratorios-1779344637595-5","Oxigenoterapia e Cuidados Respiratórios","","molde_golden_rule_sem_rows"
"supabase","avancasp-enfermagem-oxigenoterapia-e-cuidados-respiratorios-1779344645032-0","Oxigenoterapia e Cuidados Respiratórios","","molde_golden_rule_sem_rows"
"supabase","avancasp-enfermagem-oxigenoterapia-e-cuidados-respiratorios-1779344667377-1","Oxigenoterapia e Cuidados Respiratórios","","molde_golden_rule_sem_rows"
"supabase","avancasp-enfermagem-oxigenoterapia-e-cuidados-respiratorios-1779344712561-5","Oxigenoterapia e Cuidados Respiratórios","","molde_golden_rule_sem_rows"
"supabase","avancasp-enfermagem-oxigenoterapia-e-cuidados-respiratorios-1779344742779-5","Oxigenoterapia e Cuidados Respiratórios","","molde_golden_rule_sem_rows"
"supabase","avancasp-enfermagem-oxigenoterapia-e-cuidados-respiratorios-1779344751294-2","Oxigenoterapia e Cuidados Respiratórios","","molde_golden_rule_sem_rows"
"supabase","avancasp-enfermagem-processo-de-enfermagem-1776056009428-6","Processo de Enfermagem","","stub_markers;molde_golden_rule_sem_rows"
"supabase","avancasp-enfermagem-processo-de-enfermagem-1776056009428-8","Assistência Perioperatória (Inclui SRPA)","","stub_markers"
"supabase","avancasp-enfermagem-processo-de-enfermagem-1780002714111-0","Cuidados na Administração de Medicamentos","","stub_markers"
"supabase","avancasp-enfermagem-processo-de-enfermagem-1780002714111-1","Verificação de Sinais Vitais","","stub_markers"
"supabase","avancasp-enfermagem-processo-de-enfermagem-1780002714111-2","Verificação de Sinais Vitais","","stub_markers"
"supabase","avancasp-enfermagem-processo-de-enfermagem-1780002714111-3","Verificação de Sinais Vitais","","stub_markers"
"supabase","avancasp-enfermagem-processo-de-enfermagem-1780002714111-4","Processo de Enfermagem","","stub_markers"
"supabase","avancasp-enfermagem-processo-de-enfermagem-1780002714111-5","Mobilização e Posicionamento do Paciente","","stub_markers"
"supabase","avancasp-enfermagem-processo-de-enfermagem-1780002714111-6","Segurança do Paciente","","stub_markers"
"supabase","avancasp-enfermagem-processo-de-enfermagem-1780002714111-7","Enfermagem em Central de Material e Esterilização (CME)","","stub_markers"
"supabase","avancasp-enfermagem-processo-de-enfermagem-1780002714111-8","Cuidados na Administração de Medicamentos","","stub_markers"
"supabase","avancasp-enfermagem-processo-de-enfermagem-1780002714111-9","Cuidados na Administração de Medicamentos","","stub_markers"
"supabase","avancasp-enfermagem-processo-de-enfermagem-1780002834059-2","Medidas de Prevenção e Precaução de Contato","","stub_markers"
"supabase","avancasp-enfermagem-processo-de-enfermagem-1780002834059-3","Promoção à Saúde e Prevenção de Agravos","","stub_markers"
"supabase","avancasp-enfermagem-processo-de-enfermagem-1780002834059-4","Assistência Perioperatória (Inclui SRPA)","","stub_markers"
"supabase","avancasp-enfermagem-processo-de-enfermagem-1780002834059-5","Urgências e Emergências","","stub_markers"
"supabase","avancasp-enfermagem-processo-de-enfermagem-1780002834059-6","Segurança do Paciente","","stub_markers"
"supabase","avancasp-enfermagem-processo-de-enfermagem-1780002834059-7","Infecções no Contexto da Biossegurança","","stub_markers"
"supabase","avancasp-enfermagem-processo-de-enfermagem-1780002834059-8","Processo de Enfermagem","","stub_markers"
"supabase","avancasp-enfermagem-processo-de-enfermagem-1780002834059-9","Noções de Anatomia","","stub_markers"
"supabase","avancasp-enfermagem-processo-de-enfermagem-1780002845055-0","Noções de Anatomia","","stub_markers"
"supabase","avancasp-enfermagem-processo-de-enfermagem-1780002845055-1","Mobilização e Posicionamento do Paciente","","stub_markers"
"supabase","avancasp-enfermagem-processo-de-enfermagem-1780002845055-2","Mobilização e Posicionamento do Paciente","","stub_markers"
"supabase","avancasp-enfermagem-processo-de-enfermagem-1780002845055-4","Urgências e Emergências","","stub_markers"
"supabase","avancasp-enfermagem-processo-de-enfermagem-1780002845055-5","Urgências e Emergências","","stub_markers"
"supabase","avancasp-enfermagem-processo-de-enfermagem-1780002845055-6","Noções de Anatomia","","stub_markers"
"supabase","avancasp-enfermagem-processo-de-enfermagem-1780002845055-7","Noções de Anatomia","","stub_markers"
"supabase","avancasp-enfermagem-processo-de-enfermagem-1780002845055-8","Verificação de Sinais Vitais","","stub_markers"
"supabase","avancasp-enfermagem-processo-de-enfermagem-1780002845055-9","Medidas de Prevenção e Precaução de Contato","","stub_markers"
"supabase","avancasp-enfermagem-processo-de-enfermagem-1780002934000-0","Mobilização e Posicionamento do Paciente","","stub_markers"
"supabase","avancasp-enfermagem-processo-de-enfermagem-1780002934000-1","Mobilização e Posicionamento do Paciente","","stub_markers"
"supabase","avancasp-enfermagem-processo-de-enfermagem-1780003031246-6","Verificação de Sinais Vitais","","stub_markers"
"supabase","avancasp-enfermagem-processo-de-enfermagem-1780003031246-7","Processamento de Artigos e Produtos de Saúde","","stub_markers"
"supabase","avancasp-enfermagem-processo-de-enfermagem-1780003031246-8","Processo de Enfermagem","","stub_markers"
"supabase","avancasp-enfermagem-processo-de-enfermagem-1780003137298-0","Mobilização e Posicionamento do Paciente","","stub_markers"
"supabase","avancasp-enfermagem-processo-de-enfermagem-1780003137298-1","Cuidados na Administração de Medicamentos","","stub_markers"
"supabase","avancasp-enfermagem-processo-de-enfermagem-1780003137298-2","Medidas de Prevenção e Precaução de Contato","","stub_markers"
"supabase","avancasp-enfermagem-processo-de-enfermagem-1780003137298-3","Noções de Fisiologia","","stub_markers"
"supabase","avancasp-enfermagem-processo-de-enfermagem-1780003137298-4","Segurança do Paciente","","stub_markers"
"supabase","avancasp-enfermagem-processo-de-enfermagem-1780003137298-5","Coleta de Exames Laboratoriais","","stub_markers"
"supabase","avancasp-enfermagem-processo-de-enfermagem-1780003137298-6","Urgências e Emergências","","stub_markers"
"supabase","avancasp-enfermagem-processo-de-enfermagem-1780003137298-8","Mobilização e Posicionamento do Paciente","","stub_markers"
"supabase","avancasp-enfermagem-processo-de-enfermagem-1780003137298-9","Assistência Perioperatória (Inclui SRPA)","","stub_markers"
"supabase","avancasp-enfermagem-processo-de-enfermagem-1780003261833-0","Verificação de Sinais Vitais","","stub_markers"
"supabase","avancasp-enfermagem-processo-de-enfermagem-1780003261833-1","Medidas de Prevenção e Precaução de Contato","","stub_markers"
"supabase","avancasp-enfermagem-processo-de-enfermagem-1780003261833-2","Outras Questões e Questões Mescladas sobre Doenças Crônicas Não Transmissíveis","","stub_markers"
"supabase","avancasp-enfermagem-processo-de-enfermagem-1780003709908-1","Cuidados na Administração de Medicamentos","","stub_markers"
"supabase","avancasp-enfermagem-processo-de-enfermagem-1780003709908-3","Urgências e Emergências","","stub_markers"
"supabase","avancasp-enfermagem-processo-de-enfermagem-1780003709908-5","Oxigenoterapia e Cuidados Respiratórios","","stub_markers"
"supabase","avancasp-enfermagem-processo-de-enfermagem-1780003709908-6","Processo de Enfermagem","","stub_markers"
"supabase","avancasp-enfermagem-processo-de-enfermagem-1780003709908-7","Verificação de Sinais Vitais","","stub_markers"
"supabase","avancasp-enfermagem-processo-de-enfermagem-1780003709908-8","Processo de Enfermagem","","stub_markers"
"supabase","avancasp-enfermagem-processo-de-enfermagem-1780003709908-9","Mobilização e Posicionamento do Paciente","","stub_markers"
"supabase","avancasp-enfermagem-processo-de-enfermagem-1780003793968-1","Cálculo de Administração de Medicamentos e Infusões","","stub_markers"
"supabase","avancasp-enfermagem-processo-de-enfermagem-1780003793968-2","Cuidados na Administração de Medicamentos","","stub_markers"
"supabase","avancasp-enfermagem-processo-de-enfermagem-1780003793968-3","Cuidados na Administração de Medicamentos","","stub_markers"
"supabase","avancasp-enfermagem-processo-de-enfermagem-1780003793968-4","Medidas de Prevenção e Precaução de Contato","","stub_markers"
"supabase","avancasp-enfermagem-processo-de-enfermagem-1780003793968-5","Promoção à Saúde e Prevenção de Agravos","","stub_markers"
"supabase","avancasp-enfermagem-processo-de-enfermagem-1780003793968-7","Cálculo de Administração de Medicamentos e Infusões","","stub_markers"
"supabase","avancasp-enfermagem-processo-de-enfermagem-1780003793968-8","Mobilização e Posicionamento do Paciente","","stub_markers"
"supabase","avancasp-enfermagem-processo-de-enfermagem-1780003793968-9","Mobilização e Posicionamento do Paciente","","stub_markers"
"supabase","avancasp-enfermagem-processo-de-enfermagem-1780003868364-0","Assistência Perioperatória (Inclui SRPA)","","stub_markers"
"supabase","avancasp-enfermagem-processo-de-enfermagem-1780006444165-1","Segurança do Paciente","","stub_markers"
"supabase","avancasp-enfermagem-processo-de-enfermagem-1780006444165-2","Cálculo de Administração de Medicamentos e Infusões","","stub_markers"
"supabase","avancasp-enfermagem-processo-de-enfermagem-1780006444165-3","Urgências e Emergências","","stub_markers"
"supabase","avancasp-enfermagem-processo-de-enfermagem-1780006444165-4","Mobilização e Posicionamento do Paciente","","stub_markers"
"supabase","avancasp-enfermagem-processo-de-enfermagem-1780006444165-5","Cálculo de Administração de Medicamentos e Infusões","","stub_markers"
"supabase","avancasp-enfermagem-processo-de-enfermagem-1780006444165-7","Outras Questões e Questões Mescladas sobre Doenças Crônicas Não Transmissíveis","","stub_markers"
"supabase","avancasp-enfermagem-processo-de-enfermagem-1780006444165-8","Infecções no Contexto da Biossegurança","","stub_markers"
"supabase","avancasp-enfermagem-processo-de-enfermagem-1780006456417-0","Verificação de Sinais Vitais","","stub_markers"
"supabase","avancasp-enfermagem-processo-de-enfermagem-1780006456417-2","Medidas de Prevenção e Precaução de Contato","","stub_markers"
"supabase","avancasp-enfermagem-processo-de-enfermagem-1780006456417-6","Processo de Enfermagem","","stub_markers"
"supabase","avancasp-enfermagem-processo-de-enfermagem-1780006456417-7","Mobilização e Posicionamento do Paciente","","stub_markers"
"supabase","avancasp-enfermagem-processo-de-enfermagem-1780011859940-4","Medidas de Prevenção e Precaução de Contato","","stub_markers"
"supabase","avancasp-enfermagem-processo-de-enfermagem-1780011859940-5","Segurança do Paciente","","stub_markers"
"supabase","avancasp-enfermagem-processo-de-enfermagem-1780011859940-6","Verificação de Sinais Vitais","","stub_markers"
"supabase","avancasp-enfermagem-processo-de-enfermagem-1780011859940-7","Cálculo de Administração de Medicamentos e Infusões","","stub_markers"
"supabase","avancasp-enfermagem-processo-de-enfermagem-1780011859940-8","Urgências e Emergências","","stub_markers"
"supabase","avancasp-enfermagem-processo-de-enfermagem-1780011859940-9","Mobilização e Posicionamento do Paciente","","stub_markers"
"supabase","avancasp-enfermagem-processo-de-enfermagem-1780011872350-0","Feridas e Queimaduras","","stub_markers"
"supabase","avancasp-enfermagem-processo-de-enfermagem-1780011872350-1","Segurança do Paciente","","stub_markers"
"supabase","avancasp-enfermagem-processo-de-enfermagem-1780011872350-3","Saúde da Criança","","stub_markers"
"supabase","avancasp-enfermagem-processo-de-enfermagem-1780011872350-4","Processamento de Artigos e Produtos de Saúde","","stub_markers"
"supabase","avancasp-enfermagem-processo-de-enfermagem-1780011872350-5","Medidas de Prevenção e Precaução de Contato","","stub_markers"
"supabase","avancasp-enfermagem-seguranca-do-paciente-1777102861438-4","Vias de Administração","","molde_golden_rule_sem_rows"
"supabase","avancasp-enfermagem-urgencias-e-emergencias-1777103970505-1","Urgências e Emergências","","stub_markers"
"supabase","avancasp-enfermagem-urgencias-e-emergencias-1777104024064-5","Urgências e Emergências","","stub_markers"
"supabase","avancasp-enfermagem-urgencias-e-emergencias-1777104083571-4","Urgências e Emergências","","stub_markers"
"supabase","avancasp-enfermagem-verificacao-de-sinais-vitais-1779343789998-5","Verificação de Sinais Vitais","","molde_concept_map_sem_items"
"supabase","avancasp-enfermagem-verificacao-de-sinais-vitais-1779343822075-4","Verificação de Sinais Vitais","","molde_concept_map_sem_items"
"supabase","avancasp-enfermagem-verificacao-de-sinais-vitais-1779343833455-0","Verificação de Sinais Vitais","","molde_concept_map_sem_items;molde_logic_flow_sem_steps"
"supabase","avancasp-enfermagem-verificacao-de-sinais-vitais-1779343833455-2","Verificação de Sinais Vitais","","molde_concept_map_sem_items;molde_logic_flow_sem_steps"
"supabase","avancasp-enfermagem-verificacao-de-sinais-vitais-1779343833455-3","Verificação de Sinais Vitais","","molde_concept_map_sem_items;molde_logic_flow_sem_steps"
"supabase","avancasp-enfermagem-verificacao-de-sinais-vitais-1779343897104-2","Oxigenoterapia e Cuidados Respiratórios","","molde_golden_rule_sem_rows"
"supabase","avancasp-enfermagem-verificacao-de-sinais-vitais-1779344097180-6","Verificação de Sinais Vitais","","molde_concept_map_sem_items"
"supabase","avancasp-enfermagem-verificacao-de-sinais-vitais-1779344097180-7","Verificação de Sinais Vitais","","molde_concept_map_sem_items"
"supabase","avancasp-geral-urgencias-e-emergencias-1777104083571-3","Urgências e Emergências","","stub_markers"
"supabase","cebraspe-cespe-enfermagem-calculo-de-administracao-de-medicamentos-e-infusoes-1776056256294-8","Cálculo de Administração de Medicamentos e Infusões","","molde_concept_map_sem_items;molde_golden_rule_sem_rows"
"supabase","cebraspe-cespe-enfermagem-calculo-de-administracao-de-medicamentos-e-infusoes-1776056318806-4","Cálculo de Administração de Medicamentos e Infusões","","molde_golden_rule_sem_rows"
"supabase","cebraspe-cespe-enfermagem-curativos-e-manejo-de-feridas-1779340178514-1","Curativos e Manejo de Feridas","","molde_golden_rule_sem_rows"
"supabase","cebraspe-cespe-enfermagem-curativos-e-manejo-de-feridas-1779340178514-2","Curativos e Manejo de Feridas","","molde_golden_rule_sem_rows"
"supabase","cebraspe-cespe-enfermagem-curativos-e-manejo-de-feridas-1779340178514-3","Curativos e Manejo de Feridas","","molde_golden_rule_sem_rows"
"supabase","cebraspe-cespe-enfermagem-curativos-e-manejo-de-feridas-1779340178514-4","Curativos e Manejo de Feridas","","molde_golden_rule_sem_rows"
"supabase","cebraspe-cespe-enfermagem-curativos-e-manejo-de-feridas-1779340178514-5","Curativos e Manejo de Feridas","","molde_golden_rule_sem_rows"
"supabase","cebraspe-cespe-enfermagem-imunizacao-1777103230085-8","Imunização","","molde_golden_rule_sem_rows"
"supabase","cebraspe-cespe-enfermagem-imunizacao-1777103238173-0","Imunização","","molde_golden_rule_sem_rows"
"supabase","cebraspe-cespe-enfermagem-imunizacao-1777103238173-1","Imunização","","molde_golden_rule_sem_rows"
"supabase","cebraspe-cespe-enfermagem-imunizacao-1777103238173-2","Imunização","","molde_golden_rule_sem_rows"
"supabase","cebraspe-cespe-enfermagem-imunizacao-1779572166628-0","Imunização","","molde_golden_rule_sem_rows"
"supabase","cebraspe-cespe-enfermagem-imunizacao-1779572166628-1","Imunização","","molde_golden_rule_sem_rows"
"supabase","cebraspe-cespe-enfermagem-imunizacao-1779572171486-8","Imunização","","molde_golden_rule_sem_rows"
"supabase","cebraspe-cespe-enfermagem-oxigenoterapia-e-cuidados-respiratorios-1779344718151-4","Oxigenoterapia e Cuidados Respiratórios","","molde_golden_rule_sem_rows"
"supabase","cebraspe-cespe-enfermagem-oxigenoterapia-e-cuidados-respiratorios-1779344751294-0","Oxigenoterapia e Cuidados Respiratórios","","molde_golden_rule_sem_rows"
"supabase","cebraspe-cespe-enfermagem-oxigenoterapia-e-cuidados-respiratorios-1779344751294-1","Oxigenoterapia e Cuidados Respiratórios","","molde_golden_rule_sem_rows"
"supabase","cebraspe-cespe-enfermagem-processo-de-enfermagem-1780001790945-1","Curativos e Manejo de Feridas","","molde_golden_rule_sem_rows"
"supabase","cebraspe-cespe-enfermagem-processo-de-enfermagem-1780001790945-3","Imunização","","molde_golden_rule_sem_rows"
"supabase","cetrede-enfermagem-calculo-de-administracao-de-medicamentos-e-infusoes-1776056301382-4","Cálculo de Administração de Medicamentos e Infusões","","molde_concept_map_sem_items;molde_golden_rule_sem_rows"
"supabase","cetrede-enfermagem-calculo-de-administracao-de-medicamentos-e-infusoes-1776056309743-7","Cálculo de Administração de Medicamentos e Infusões","","molde_concept_map_sem_items;molde_golden_rule_sem_rows"
"supabase","cetrede-enfermagem-calculo-de-administracao-de-medicamentos-e-infusoes-1776056318806-1","Cálculo de Administração de Medicamentos e Infusões","","molde_concept_map_sem_items;molde_golden_rule_sem_rows"
"supabase","cetrede-enfermagem-infeccoes-no-contexto-da-biosseguranca-1777102785845-1","Coleta de Exames Laboratoriais","","molde_golden_rule_sem_rows"
"supabase","cev-urca-enfermagem-processo-de-enfermagem-1780006494066-0","Segurança do Paciente","","stub_markers"
"supabase","cev-urca-enfermagem-processo-de-enfermagem-1780006494066-1","Cuidados na Administração de Medicamentos","","stub_markers"
"supabase","cev-urca-enfermagem-processo-de-enfermagem-1780006494066-2","Procedimentos Diversos","","stub_markers"
"supabase","cev-urca-enfermagem-processo-de-enfermagem-1780006494066-5","Saúde da Mulher","","stub_markers"
"supabase","cev-urca-enfermagem-processo-de-enfermagem-1780006494066-6","Saúde da Criança","","stub_markers"
"supabase","cev-urca-enfermagem-processo-de-enfermagem-1780006494066-7","Promoção à Saúde e Prevenção de Agravos","","stub_markers"
"supabase","cev-urca-enfermagem-processo-de-enfermagem-1780006494066-8","Saúde Mental","","stub_markers"
"supabase","cev-urca-enfermagem-processo-de-enfermagem-1780006947080-0","Atenção Básica / Saúde da Família","","stub_markers"
"supabase","cev-urca-enfermagem-verificacao-de-sinais-vitais-1778969752567-6","Verificação de Sinais Vitais","","molde_concept_map_sem_items;molde_logic_flow_sem_steps"
"supabase","cogeps-unioeste-enfermagem-calculo-de-administracao-de-medicamentos-e-infusoes-1776056301382-2","Cálculo de Administração de Medicamentos e Infusões","","molde_concept_map_sem_items;molde_golden_rule_sem_rows"
"supabase","cogeps-unioeste-enfermagem-calculo-de-administracao-de-medicamentos-e-infusoes-1776056301382-3","Cálculo de Administração de Medicamentos e Infusões","","molde_concept_map_sem_items;molde_golden_rule_sem_rows"
"supabase","cogeps-unioeste-enfermagem-imunizacao-1779564119665-3","Imunização","","molde_golden_rule_sem_rows"
"supabase","com-exam-pref-bauru-enfermagem-oxigenoterapia-e-cuidados-respiratorios-1779344667377-0","Oxigenoterapia e Cuidados Respiratórios","","molde_golden_rule_sem_rows"
"supabase","com-exam-pref-bauru-enfermagem-urgencias-e-emergencias-1777104056718-4","Urgências e Emergências","","stub_markers"
"supabase","consulplan-enfermagem-oxigenoterapia-e-cuidados-respiratorios-1779344688622-0","Oxigenoterapia e Cuidados Respiratórios","","molde_golden_rule_sem_rows"
"supabase","copese-ufpi-enfermagem-imunizacao-1779564079834-5","Imunização","","molde_golden_rule_sem_rows"
"supabase","copese-ufpi-enfermagem-oxigenoterapia-e-cuidados-respiratorios-1779344701804-1","Oxigenoterapia e Cuidados Respiratórios","","molde_golden_rule_sem_rows"
"supabase","copese-ufpi-enfermagem-oxigenoterapia-e-cuidados-respiratorios-1779344701804-2","Oxigenoterapia e Cuidados Respiratórios","","molde_golden_rule_sem_rows"
"supabase","copese-ufpi-enfermagem-oxigenoterapia-e-cuidados-respiratorios-1779344701804-3","Oxigenoterapia e Cuidados Respiratórios","","molde_golden_rule_sem_rows"
"supabase","copese-uft-enfermagem-processo-de-enfermagem-1776056021381-8","Processo de Enfermagem","","stub_markers;molde_golden_rule_sem_rows"
"supabase","coseac-uff-enfermagem-calculo-de-administracao-de-medicamentos-e-infusoes-1776056330579-3","Cálculo de Administração de Medicamentos e Infusões","","molde_concept_map_sem_items;molde_golden_rule_sem_rows"
"supabase","coseac-uff-enfermagem-calculo-de-administracao-de-medicamentos-e-infusoes-1776056330579-4","Cálculo de Administração de Medicamentos e Infusões","","molde_concept_map_sem_items;molde_golden_rule_sem_rows"
"supabase","coseac-uff-enfermagem-calculo-de-administracao-de-medicamentos-e-infusoes-1776056330579-5","Cálculo de Administração de Medicamentos e Infusões","","molde_concept_map_sem_items;molde_golden_rule_sem_rows"
"supabase","coseac-uff-enfermagem-cuidados-na-administracao-de-medicamentos-1779343967847-2","Vias de Administração","","molde_golden_rule_sem_rows"
"supabase","coseac-uff-enfermagem-oxigenoterapia-e-cuidados-respiratorios-1779344688622-2","Oxigenoterapia e Cuidados Respiratórios","","molde_golden_rule_sem_rows"
"supabase","coseac-uff-enfermagem-oxigenoterapia-e-cuidados-respiratorios-1779344751294-5","Verificação de Sinais Vitais","","molde_golden_rule_sem_rows"
"supabase","coseac-uff-enfermagem-oxigenoterapia-e-cuidados-respiratorios-1779344751294-6","Oxigenoterapia e Cuidados Respiratórios","","molde_golden_rule_sem_rows"
"supabase","cotec-fadenor-enfermagem-calculo-de-administracao-de-medicamentos-e-infusoes-1776056265348-1","Cálculo de Administração de Medicamentos e Infusões","","molde_concept_map_sem_items;molde_golden_rule_sem_rows"
"supabase","cotec-fadenor-enfermagem-calculo-de-administracao-de-medicamentos-e-infusoes-1776056301382-1","Cálculo de Administração de Medicamentos e Infusões","","molde_concept_map_sem_items;molde_golden_rule_sem_rows"
"supabase","cotec-fadenor-enfermagem-processo-de-enfermagem-1780002389285-0","Outras Questões e Questões Mescladas sobre Doenças Crônicas Não Transmissíveis","","stub_markers"
"supabase","cotec-fadenor-enfermagem-processo-de-enfermagem-1780002389285-1","Cuidados na Administração de Medicamentos","","stub_markers"
"supabase","cotec-fadenor-enfermagem-processo-de-enfermagem-1780002389285-2","Cuidados na Administração de Medicamentos","","stub_markers"
"supabase","cotec-fadenor-enfermagem-processo-de-enfermagem-1780002389285-3","Farmacodinâmica e Farmacocinética","","stub_markers"
"supabase","cotec-fadenor-enfermagem-processo-de-enfermagem-1780002389285-4","Vias de Administração","","stub_markers"
"supabase","cotec-fadenor-enfermagem-processo-de-enfermagem-1780002389285-5","Cuidados na Administração de Medicamentos","","stub_markers"
"supabase","cotec-fadenor-enfermagem-processo-de-enfermagem-1780002389285-6","Cuidados na Administração de Medicamentos","","stub_markers"
"supabase","cotec-fadenor-enfermagem-processo-de-enfermagem-1780002389285-7","Processamento de Artigos e Produtos de Saúde","","stub_markers"
"supabase","cotec-fadenor-enfermagem-processo-de-enfermagem-1780002389285-8","Processamento de Artigos e Produtos de Saúde","","stub_markers"
"supabase","cotec-fadenor-enfermagem-processo-de-enfermagem-1780010573104-5","Doenças Virais de Interesse Epidemiológico (Covid, Influenza, Sarampo, Polio etc.)","","stub_markers"
"supabase","cotec-fadenor-enfermagem-processo-de-enfermagem-1780010573104-7","Doenças Parasitárias e Zoonoses","","stub_markers"
"supabase","cotec-fadenor-enfermagem-processo-de-enfermagem-1780010573104-8","Doenças Parasitárias e Zoonoses","","stub_markers"
"supabase","cotec-fadenor-enfermagem-processo-de-enfermagem-1780010573104-9","Mobilização e Posicionamento do Paciente","","stub_markers"
"supabase","cotec-fadenor-enfermagem-processo-de-enfermagem-1780010579953-0","Processo de Enfermagem","","stub_markers"
"supabase","cotec-fadenor-enfermagem-processo-de-enfermagem-1780010579953-1","Urgências e Emergências","","stub_markers"
"supabase","cotec-fadenor-enfermagem-processo-de-enfermagem-1780010579953-4","Punção Venosa e Cuidados com Cateteres","","stub_markers"
"supabase","cotec-fadenor-enfermagem-saude-da-mulher-1777104235003-1","Infecções Sexualmente Transmissíveis (ISTs)","","molde_golden_rule_sem_rows"
"supabase","cotec-fadenor-enfermagem-urgencias-e-emergencias-1777104018306-8","Urgências e Emergências","","stub_markers"
"supabase","cpcon-uepb-enfermagem-oxigenoterapia-e-cuidados-respiratorios-1779344651728-2","Oxigenoterapia e Cuidados Respiratórios","","molde_golden_rule_sem_rows"
"supabase","cpcon-uepb-enfermagem-processo-de-enfermagem-1780003261833-4","Urgências e Emergências","","stub_markers"
"supabase","cpcon-uepb-enfermagem-processo-de-enfermagem-1780003261833-5","Atenção Básica / Saúde da Família","","stub_markers"
"supabase","cpcon-uepb-enfermagem-processo-de-enfermagem-1780003261833-6","Saúde da Mulher","","stub_markers"
"supabase","cpcon-uepb-enfermagem-processo-de-enfermagem-1780003261833-8","Saúde da Criança","","stub_markers"
"supabase","cpcon-uepb-enfermagem-processo-de-enfermagem-1780003261833-9","Atenção Básica / Saúde da Família","","stub_markers"
"supabase","cpcon-uepb-enfermagem-processo-de-enfermagem-1780003349182-0","Atenção Básica / Saúde da Família","","stub_markers"
"supabase","cpcon-uepb-enfermagem-processo-de-enfermagem-1780003654722-4","Doenças Parasitárias e Zoonoses","","stub_markers"
"supabase","cpcon-uepb-enfermagem-processo-de-enfermagem-1780003654722-5","Atenção Básica / Saúde da Família","","stub_markers"
"supabase","cpcon-uepb-enfermagem-processo-de-enfermagem-1780003654722-6","Saúde da Mulher","","stub_markers"
"supabase","cpcon-uepb-enfermagem-processo-de-enfermagem-1780003654722-7","Atenção Básica / Saúde da Família","","stub_markers"
"supabase","cpcon-uepb-enfermagem-processo-de-enfermagem-1780003654722-8","Procedimentos Diversos","","stub_markers"
"supabase","cpcon-uepb-enfermagem-processo-de-enfermagem-1780003654722-9","Cálculo de Administração de Medicamentos e Infusões","","stub_markers"
"supabase","cpcon-uepb-enfermagem-processo-de-enfermagem-1780003709908-0","Infecções Sexualmente Transmissíveis (ISTs)","","stub_markers"
"supabase","cpcon-uepb-enfermagem-processo-de-enfermagem-1780003868364-1","Saúde da Criança","","stub_markers"
"supabase","cpcon-uepb-enfermagem-processo-de-enfermagem-1780003868364-3","Enfermagem em Central de Material e Esterilização (CME)","","stub_markers"
"supabase","cpcon-uepb-enfermagem-processo-de-enfermagem-1780003868364-4","Doenças Virais de Interesse Epidemiológico (Covid, Influenza, Sarampo, Polio etc.)","","stub_markers"
"supabase","cpcon-uepb-enfermagem-processo-de-enfermagem-1780003868364-6","Urgências e Emergências","","stub_markers"
"supabase","cpcon-uepb-enfermagem-processo-de-enfermagem-1780007238824-1","Doenças Virais de Interesse Epidemiológico (Covid, Influenza, Sarampo, Polio etc.)","","stub_markers"
"supabase","cpcon-uepb-enfermagem-processo-de-enfermagem-1780007238824-2","Outras Questões e Questões Mescladas sobre Doenças Crônicas Não Transmissíveis","","stub_markers"
"supabase","cpcon-uepb-enfermagem-processo-de-enfermagem-1780007238824-3","Saúde da Criança","","stub_markers"
"supabase","cpcon-uepb-enfermagem-processo-de-enfermagem-1780007238824-5","Instalação e Manejo de Sondas","","stub_markers"
"supabase","cpcon-uepb-enfermagem-processo-de-enfermagem-1780007238824-6","Cálculo de Administração de Medicamentos e Infusões","","stub_markers"
"supabase","cpcon-uepb-enfermagem-processo-de-enfermagem-1780007238824-7","Saúde da Mulher","","stub_markers"
"supabase","cpcon-uepb-enfermagem-processo-de-enfermagem-1780007238824-8","Saúde da Mulher","","stub_markers"
"supabase","cpcon-uepb-enfermagem-processo-de-enfermagem-1780007246385-0","Promoção à Saúde e Prevenção de Agravos","","stub_markers"
"supabase","cpcon-uepb-enfermagem-processo-de-enfermagem-1780007246385-1","Saúde do Adolescente","","stub_markers"
"supabase","cpcon-uepb-enfermagem-processo-de-enfermagem-1780007246385-3","Urgências e Emergências","","stub_markers"
"supabase","cpcon-uepb-enfermagem-urgencias-e-emergencias-1777103976379-0","Urgências e Emergências","","stub_markers"
"supabase","cpcon-uepb-geral-urgencias-e-emergencias-1777103970505-0","Urgências e Emergências","","stub_markers"
"supabase","decorp-enfermagem-cuidados-na-administracao-de-medicamentos-1778969752567-5","Verificação de Sinais Vitais","","molde_golden_rule_sem_rows"
"supabase","decorp-enfermagem-exames-laboratoriais-1779563553840-3","Coleta de Exames Laboratoriais","","molde_concept_map_sem_items"
"supabase","decorp-enfermagem-processo-de-enfermagem-1776056158507-1","Processo de Enfermagem","","stub_markers;molde_golden_rule_sem_rows"
"supabase","decorp-enfermagem-processo-de-enfermagem-1776056158507-2","Processo de Enfermagem","","stub_markers;molde_golden_rule_sem_rows"
"supabase","educa-pb-enfermagem-nocoes-de-fisiologia-1775448599930-0","Verificação de Sinais Vitais","","molde_golden_rule_sem_rows"
"supabase","educa-pb-enfermagem-oxigenoterapia-e-cuidados-respiratorios-1779344718151-2","Oxigenoterapia e Cuidados Respiratórios","","molde_golden_rule_sem_rows"
"supabase","educa-pb-enfermagem-processo-de-enfermagem-1776056149404-0","Processo de Enfermagem","","stub_markers;molde_golden_rule_sem_rows"
"supabase","educa-pb-enfermagem-processo-de-enfermagem-1776056181857-1","Processo de Enfermagem","","stub_markers;molde_golden_rule_sem_rows"
"supabase","educa-pb-enfermagem-processo-de-enfermagem-1780007246385-4","Procedimentos Diversos","","stub_markers"
"supabase","educa-pb-enfermagem-processo-de-enfermagem-1780007246385-5","Outras Doenças e Questões Mescladas sobre Doenças Transmissíveis","","stub_markers"
"supabase","educa-pb-enfermagem-processo-de-enfermagem-1780007246385-6","Segurança do Paciente","","stub_markers"
"supabase","educa-pb-enfermagem-processo-de-enfermagem-1780007246385-7","Cuidados na Administração de Medicamentos","","stub_markers"
"supabase","educa-pb-enfermagem-processo-de-enfermagem-1780007246385-8","Urgências e Emergências","","stub_markers"
"supabase","educa-pb-enfermagem-processo-de-enfermagem-1780007246385-9","Cuidados na Administração de Medicamentos","","stub_markers"
"supabase","educa-pb-enfermagem-processo-de-enfermagem-1780008197597-0","Outras Questões e Questões Mescladas sobre Doenças Crônicas Não Transmissíveis","","stub_markers"
"supabase","educa-pb-enfermagem-processo-de-enfermagem-1780008197597-1","Epidemiologia e Vigilância Epidemiológica","","stub_markers"
"supabase","educa-pb-enfermagem-urgencias-e-emergencias-1777104070286-6","Urgências e Emergências","","stub_markers"
"supabase","facape-enfermagem-oxigenoterapia-e-cuidados-respiratorios-1776056624615-9","Oxigenoterapia e Cuidados Respiratórios","","molde_golden_rule_sem_rows"
"supabase","facet-enfermagem-processo-de-enfermagem-1776056129848-8","Procedimentos Diversos","","stub_markers"
"supabase","facet-enfermagem-urgencias-e-emergencias-1777103976379-2","Urgências e Emergências","","stub_markers"
"supabase","facet-enfermagem-urgencias-e-emergencias-1777103976379-3","Urgências e Emergências","","stub_markers"
"supabase","facet-geral-urgencias-e-emergencias-1777103976379-4","Urgências e Emergências","","stub_markers"
"supabase","fafipa-enfermagem-processo-de-enfermagem-1780009379028-6","Outras Questões e Questões Mescladas sobre Doenças Crônicas Não Transmissíveis","","stub_markers"
"supabase","fafipa-enfermagem-processo-de-enfermagem-1780009379028-7","Outras Doenças e Questões Mescladas sobre Doenças Transmissíveis","","stub_markers"
"supabase","fafipa-enfermagem-processo-de-enfermagem-1780009379028-9","Saúde da Mulher","","stub_markers"
"supabase","fafipa-enfermagem-processo-de-enfermagem-1780009386446-0","Mobilização e Posicionamento do Paciente","","stub_markers"
"supabase","fafipa-enfermagem-processo-de-enfermagem-1780009386446-1","Segurança do Paciente","","stub_markers"
"supabase","fafipa-enfermagem-processo-de-enfermagem-1780009386446-3","Cuidados na Administração de Medicamentos","","stub_markers"
"supabase","fafipa-enfermagem-processo-de-enfermagem-1780009386446-4","Saúde Mental","","stub_markers"
"supabase","fafipa-enfermagem-processo-de-enfermagem-1780009386446-5","Saúde da Criança","","stub_markers"
"supabase","fafipa-enfermagem-processo-de-enfermagem-1780009386446-6","Saúde da Mulher","","stub_markers"
"supabase","fafipa-enfermagem-processo-de-enfermagem-1780009386446-7","Promoção à Saúde e Prevenção de Agravos","","stub_markers"
"supabase","fafipa-enfermagem-processo-de-enfermagem-1780009386446-9","Medidas de Prevenção e Precaução de Contato","","stub_markers"
"supabase","fafipa-enfermagem-processo-de-enfermagem-1780009392850-0","Atenção Básica / Saúde da Família","","stub_markers"
"supabase","fafipa-enfermagem-processo-de-enfermagem-1780009392850-1","Saúde da Mulher","","stub_markers"
"supabase","fafipa-enfermagem-processo-de-enfermagem-1780009392850-3","Saúde da Mulher","","stub_markers"
"supabase","fafipa-enfermagem-processo-de-enfermagem-1780009392850-4","Saúde da Criança","","stub_markers"
"supabase","fau-unicentro-enfermagem-calculo-de-administracao-de-medicamentos-e-infusoes-1776056309743-0","Cálculo de Administração de Medicamentos e Infusões","","molde_concept_map_sem_items;molde_golden_rule_sem_rows"
"supabase","fau-unicentro-enfermagem-calculo-de-administracao-de-medicamentos-e-infusoes-1776056309743-1","Cálculo de Administração de Medicamentos e Infusões","","molde_concept_map_sem_items;molde_golden_rule_sem_rows"
"supabase","fau-unicentro-enfermagem-calculo-de-administracao-de-medicamentos-e-infusoes-1776056309743-2","Cálculo de Administração de Medicamentos e Infusões","","molde_concept_map_sem_items;molde_golden_rule_sem_rows"
"supabase","fau-unicentro-enfermagem-calculo-de-administracao-de-medicamentos-e-infusoes-1776056309743-5","Cálculo de Administração de Medicamentos e Infusões","","molde_concept_map_sem_items;molde_golden_rule_sem_rows"
"supabase","fau-unicentro-enfermagem-calculo-de-administracao-de-medicamentos-e-infusoes-1776056309743-6","Cálculo de Administração de Medicamentos e Infusões","","molde_concept_map_sem_items;molde_golden_rule_sem_rows"
"supabase","fau-unicentro-enfermagem-epidemiologia-e-vigilancia-epidemiologica-1779563608452-3","Imunização","","molde_golden_rule_sem_rows"
"supabase","fau-unicentro-enfermagem-imunizacao-1779563970889-5","Imunização","","molde_golden_rule_sem_rows"
"supabase","fau-unicentro-enfermagem-imunizacao-1779564040128-3","Imunização","","molde_golden_rule_sem_rows"
"supabase","fau-unicentro-enfermagem-imunizacao-1779564044052-5","Imunização","","molde_golden_rule_sem_rows"
"supabase","fau-unicentro-enfermagem-imunizacao-1779572180830-7","Imunização","","molde_golden_rule_sem_rows"
"supabase","fau-unicentro-enfermagem-nocoes-de-fisiologia-1775448586547-5","Verificação de Sinais Vitais","","molde_golden_rule_sem_rows"
"supabase","fau-unicentro-enfermagem-oxigenoterapia-e-cuidados-respiratorios-1779344718151-0","Oxigenoterapia e Cuidados Respiratórios","","molde_golden_rule_sem_rows"
"supabase","fau-unicentro-enfermagem-oxigenoterapia-e-cuidados-respiratorios-1779344742779-6","Oxigenoterapia e Cuidados Respiratórios","","molde_golden_rule_sem_rows"
"supabase","fau-unicentro-enfermagem-processo-de-enfermagem-1776056129848-3","Processo de Enfermagem","","stub_markers;molde_golden_rule_sem_rows"
"supabase","fau-unicentro-enfermagem-processo-de-enfermagem-1780002217274-5","Outras Questões e Questões Mescladas sobre Doenças Crônicas Não Transmissíveis","","stub_markers"
"supabase","fau-unicentro-enfermagem-processo-de-enfermagem-1780002217274-6","Cuidados na Administração de Medicamentos","","stub_markers"
"supabase","fau-unicentro-enfermagem-processo-de-enfermagem-1780002217274-8","Saúde da Mulher","","stub_markers"
"supabase","fau-unicentro-enfermagem-processo-de-enfermagem-1780002217274-9","Enfermagem em Central de Material e Esterilização (CME)","","stub_markers"
"supabase","fau-unicentro-enfermagem-processo-de-enfermagem-1780002375665-1","Noções de Fisiologia","","stub_markers"
"supabase","fau-unicentro-enfermagem-processo-de-enfermagem-1780002375665-2","Urgências e Emergências","","stub_markers"
"supabase","fau-unicentro-enfermagem-processo-de-enfermagem-1780002375665-3","Segurança do Paciente","","stub_markers"
"supabase","fau-unicentro-enfermagem-processo-de-enfermagem-1780002375665-4","Verificação de Sinais Vitais","","stub_markers"
"supabase","fau-unicentro-enfermagem-processo-de-enfermagem-1780002375665-5","Verificação de Sinais Vitais","","stub_markers"
"supabase","fau-unicentro-enfermagem-processo-de-enfermagem-1780002375665-6","Urgências e Emergências","","stub_markers"
"supabase","fau-unicentro-enfermagem-processo-de-enfermagem-1780002375665-7","Urgências e Emergências","","stub_markers"
"supabase","fau-unicentro-enfermagem-processo-de-enfermagem-1780002375665-8","Procedimentos Diversos","","stub_markers"
"supabase","fau-unicentro-enfermagem-processo-de-enfermagem-1780002375665-9","Saúde da Mulher","","stub_markers"
"supabase","fau-unicentro-enfermagem-processo-de-enfermagem-1780002549800-5","Noções de Fisiologia","","stub_markers"
"supabase","fau-unicentro-enfermagem-processo-de-enfermagem-1780002549800-6","Saúde da Mulher","","stub_markers"
"supabase","fau-unicentro-enfermagem-processo-de-enfermagem-1780002549800-7","Outras Questões e Questões Mescladas sobre Doenças Crônicas Não Transmissíveis","","stub_markers"
"supabase","fau-unicentro-enfermagem-processo-de-enfermagem-1780002549800-8","Cuidados na Administração de Medicamentos","","stub_markers"
"supabase","fau-unicentro-enfermagem-processo-de-enfermagem-1780002549800-9","Atenção Básica / Saúde da Família","","stub_markers"
"supabase","fau-unicentro-enfermagem-processo-de-enfermagem-1780002704012-0","Noções de Fisiologia","","stub_markers"
"supabase","fau-unicentro-enfermagem-processo-de-enfermagem-1780002704012-1","Saúde da Mulher","","stub_markers"
"supabase","fau-unicentro-enfermagem-processo-de-enfermagem-1780002704012-2","Doenças Virais de Interesse Epidemiológico (Covid, Influenza, Sarampo, Polio etc.)","","stub_markers"
"supabase","fau-unicentro-enfermagem-processo-de-enfermagem-1780002704012-3","Cuidados na Administração de Medicamentos","","stub_markers"
"supabase","fau-unicentro-enfermagem-processo-de-enfermagem-1780002704012-4","Cuidados na Administração de Medicamentos","","stub_markers"
"supabase","fau-unicentro-enfermagem-processo-de-enfermagem-1780002704012-5","Cuidados na Administração de Medicamentos","","stub_markers"
"supabase","fau-unicentro-enfermagem-processo-de-enfermagem-1780002704012-6","Doenças Virais de Interesse Epidemiológico (Covid, Influenza, Sarampo, Polio etc.)","","stub_markers"
"supabase","fau-unicentro-enfermagem-processo-de-enfermagem-1780002704012-7","Segurança do Paciente","","stub_markers"
"supabase","fau-unicentro-enfermagem-processo-de-enfermagem-1780002704012-8","Saúde Mental","","stub_markers"
"supabase","fau-unicentro-enfermagem-processo-de-enfermagem-1780002704012-9","Urgências e Emergências","","stub_markers"
"supabase","fau-unicentro-enfermagem-processo-de-enfermagem-1780009366805-0","Verificação de Sinais Vitais","","stub_markers"
"supabase","fau-unicentro-enfermagem-processo-de-enfermagem-1780009366805-1","Doenças Virais de Interesse Epidemiológico (Covid, Influenza, Sarampo, Polio etc.)","","stub_markers"
"supabase","fau-unicentro-enfermagem-processo-de-enfermagem-1780009366805-2","Processo de Enfermagem","","stub_markers"
"supabase","fau-unicentro-enfermagem-processo-de-enfermagem-1780009366805-4","Urgências e Emergências","","stub_markers"
"supabase","fau-unicentro-enfermagem-processo-de-enfermagem-1780009366805-5","Medidas de Prevenção e Precaução de Contato","","stub_markers"
"supabase","fau-unicentro-enfermagem-processo-de-enfermagem-1780009366805-6","Saúde da Mulher","","stub_markers"
"supabase","fau-unicentro-enfermagem-processo-de-enfermagem-1780009366805-7","Urgências e Emergências","","stub_markers"
"supabase","fau-unicentro-enfermagem-processo-de-enfermagem-1780009366805-8","Saúde da Mulher","","stub_markers"
"supabase","fau-unicentro-enfermagem-processo-de-enfermagem-1780009366805-9","Processo de Enfermagem","","stub_markers"
"supabase","fau-unicentro-enfermagem-processo-de-enfermagem-1780009379028-0","Saúde da Mulher","","stub_markers"
"supabase","fau-unicentro-enfermagem-processo-de-enfermagem-1780009379028-3","Cuidados na Administração de Medicamentos","","stub_markers"
"supabase","fau-unicentro-enfermagem-processo-de-enfermagem-1780009379028-4","Saúde da Criança","","stub_markers"
"supabase","fau-unicentro-enfermagem-processo-de-enfermagem-1780009379028-5","Enfermagem em Central de Material e Esterilização (CME)","","stub_markers"
"supabase","fau-unicentro-enfermagem-urgencias-e-emergencias-1777104031822-3","Urgências e Emergências","","stub_markers"
"supabase","fau-unicentro-enfermagem-urgencias-e-emergencias-1777104031822-4","Urgências e Emergências","","stub_markers"
"supabase","fau-unicentro-enfermagem-verificacao-de-sinais-vitais-1779344117207-8","Verificação de Sinais Vitais","","molde_concept_map_sem_items;molde_logic_flow_sem_steps"
"supabase","fauel-enfermagem-calculo-de-administracao-de-medicamentos-e-infusoes-1776056318806-2","Cálculo de Administração de Medicamentos e Infusões","","molde_concept_map_sem_items;molde_golden_rule_sem_rows"
"supabase","fauel-enfermagem-nocoes-de-fisiologia-1775448615466-4","Verificação de Sinais Vitais","","molde_golden_rule_sem_rows"
"supabase","fauel-enfermagem-nutricao-aplicada-a-enfermagem-1777102879099-5","Instalação e Manejo de Sondas","","molde_golden_rule_sem_rows"
"supabase","fauel-enfermagem-urgencias-e-emergencias-1777104018306-9","Urgências e Emergências","","stub_markers"
"supabase","fauel-enfermagem-urgencias-e-emergencias-1777104024064-0","Urgências e Emergências","","stub_markers"
"supabase","fauel-enfermagem-verificacao-de-sinais-vitais-1779343822075-5","Verificação de Sinais Vitais","","molde_concept_map_sem_items;molde_logic_flow_sem_steps"
"supabase","fauel-enfermagem-verificacao-de-sinais-vitais-1779343945057-0","Verificação de Sinais Vitais","","molde_concept_map_sem_items;molde_logic_flow_sem_steps"
"supabase","fcc-enfermagem-imunizacao-1777103264001-4","Imunização","","molde_golden_rule_sem_rows"
"supabase","fcc-enfermagem-processo-de-enfermagem-1776056140199-5","Processo de Enfermagem","","stub_markers;molde_golden_rule_sem_rows"
"supabase","fcm-enfermagem-imunizacao-1779564096589-1","Imunização","","molde_golden_rule_sem_rows"
"supabase","fcpc-enfermagem-processo-de-enfermagem-1780004602717-2","Verificação de Sinais Vitais","","stub_markers"
"supabase","fcpc-enfermagem-processo-de-enfermagem-1780004602717-3","Oxigenoterapia e Cuidados Respiratórios","","stub_markers"
"supabase","fcpc-enfermagem-processo-de-enfermagem-1780004602717-4","Doenças Respiratórias Crônicas (Asma, DPOC)","","stub_markers"
"supabase","fcpc-enfermagem-processo-de-enfermagem-1780004602717-6","Cuidados na Administração de Medicamentos","","stub_markers"
"supabase","fcpc-enfermagem-processo-de-enfermagem-1780004602717-7","Cuidados na Administração de Medicamentos","","stub_markers"
"supabase","fcpc-enfermagem-processo-de-enfermagem-1780004602717-8","Enfermagem do Trabalho","","stub_markers"
"supabase","fcpc-enfermagem-processo-de-enfermagem-1780004602717-9","Saúde da Mulher","","stub_markers"
"supabase","fcpc-enfermagem-processo-de-enfermagem-1780004628956-0","Saúde da Criança","","stub_markers"
"supabase","fcpc-enfermagem-processo-de-enfermagem-1780004628956-1","Cuidados na Administração de Medicamentos","","stub_markers"
"supabase","fcpc-enfermagem-processo-de-enfermagem-1780004628956-2","Oxigenoterapia e Cuidados Respiratórios","","stub_markers"
"supabase","fcpc-enfermagem-processo-de-enfermagem-1780004628956-3","Outras Questões e Questões Mescladas sobre Doenças Crônicas Não Transmissíveis","","stub_markers"
"supabase","fcpc-enfermagem-processo-de-enfermagem-1780004628956-4","Instalação e Manejo de Sondas","","stub_markers"
"supabase","fcpc-enfermagem-processo-de-enfermagem-1780004628956-5","Urgências e Emergências","","stub_markers"
"supabase","fcpc-enfermagem-processo-de-enfermagem-1780004628956-6","Cuidados na Administração de Medicamentos","","stub_markers"
"supabase","fcpc-enfermagem-processo-de-enfermagem-1780004628956-9","Cuidados na Administração de Medicamentos","","stub_markers"
"supabase","fcpc-enfermagem-processo-de-enfermagem-1780004906875-1","Segurança do Paciente","","stub_markers"
"supabase","fcpc-enfermagem-processo-de-enfermagem-1780004906875-2","Enfermagem em Centro Cirúrgico","","stub_markers"
"supabase","fcpc-enfermagem-processo-de-enfermagem-1780004906875-3","Enfermagem em Centro Cirúrgico","","stub_markers"
"supabase","fcpc-enfermagem-processo-de-enfermagem-1780004906875-4","Procedimentos Diversos","","stub_markers"
"supabase","fcpc-enfermagem-processo-de-enfermagem-1780004906875-5","Enfermagem em Central de Material e Esterilização (CME)","","stub_markers"
"supabase","fcpc-enfermagem-processo-de-enfermagem-1780004906875-6","Enfermagem em Central de Material e Esterilização (CME)","","stub_markers"
"supabase","fcpc-enfermagem-processo-de-enfermagem-1780004906875-7","Enfermagem em Central de Material e Esterilização (CME)","","stub_markers"
"supabase","fcpc-enfermagem-processo-de-enfermagem-1780004906875-8","Enfermagem em Central de Material e Esterilização (CME)","","stub_markers"
"supabase","fenix-instituto-enfermagem-nocoes-de-anatomia-1775447762008-6","Urgências e Emergências","","molde_danger_zone_sem_correct"
"supabase","fenix-instituto-enfermagem-oxigenoterapia-e-cuidados-respiratorios-1776056600234-6","Oxigenoterapia e Cuidados Respiratórios","","molde_golden_rule_sem_rows"
"supabase","fenix-instituto-enfermagem-oxigenoterapia-e-cuidados-respiratorios-1776056641612-4","Oxigenoterapia e Cuidados Respiratórios","","molde_golden_rule_sem_rows"
"supabase","fenix-instituto-enfermagem-processo-de-enfermagem-1780001790945-9","Verificação de Sinais Vitais","","stub_markers"
"supabase","fenix-instituto-enfermagem-processo-de-enfermagem-1780001846202-0","Mobilização e Posicionamento do Paciente","","stub_markers"
"supabase","fenix-instituto-enfermagem-processo-de-enfermagem-1780001846202-1","Outras Doenças e Questões Mescladas sobre Doenças Transmissíveis","","stub_markers"
"supabase","fenix-instituto-enfermagem-processo-de-enfermagem-1780001846202-2","Medidas de Prevenção e Precaução de Contato","","stub_markers"
"supabase","fenix-instituto-enfermagem-processo-de-enfermagem-1780001846202-3","Enfermagem em Central de Material e Esterilização (CME)","","stub_markers"
"supabase","fenix-instituto-enfermagem-processo-de-enfermagem-1780001846202-4","Verificação de Sinais Vitais","","stub_markers"
"supabase","fenix-instituto-enfermagem-processo-de-enfermagem-1780001846202-5","Medidas de Prevenção e Precaução de Contato","","stub_markers"
"supabase","fenix-instituto-enfermagem-processo-de-enfermagem-1780001846202-6","Urgências e Emergências","","stub_markers"
"supabase","fenix-instituto-enfermagem-processo-de-enfermagem-1780001846202-7","Oxigenoterapia e Cuidados Respiratórios","","stub_markers"
"supabase","fenix-instituto-enfermagem-processo-de-enfermagem-1780001846202-8","Outras Questões e Questões Mescladas sobre Doenças Crônicas Não Transmissíveis","","stub_markers"
"supabase","fenix-instituto-enfermagem-processo-de-enfermagem-1780001903454-0","Outras Questões e Questões Mescladas sobre Doenças Crônicas Não Transmissíveis","","stub_markers"
"supabase","fenix-instituto-enfermagem-processo-de-enfermagem-1780006456417-9","Verificação de Sinais Vitais","","stub_markers"
"supabase","fenix-instituto-enfermagem-processo-de-enfermagem-1780006471061-0","Oxigenoterapia e Cuidados Respiratórios","","stub_markers"
"supabase","fenix-instituto-enfermagem-processo-de-enfermagem-1780006471061-1","Enfermagem em Central de Material e Esterilização (CME)","","stub_markers"
"supabase","fenix-instituto-enfermagem-processo-de-enfermagem-1780006471061-2","Medidas de Prevenção e Precaução de Contato","","stub_markers"
"supabase","fenix-instituto-enfermagem-processo-de-enfermagem-1780006471061-3","Epidemiologia e Vigilância Epidemiológica","","stub_markers"
"supabase","fenix-instituto-enfermagem-processo-de-enfermagem-1780006471061-4","Procedimentos Diversos","","stub_markers"
"supabase","fenix-instituto-enfermagem-processo-de-enfermagem-1780006471061-5","Verificação de Sinais Vitais","","stub_markers"
"supabase","fenix-instituto-enfermagem-processo-de-enfermagem-1780006471061-6","Medidas de Prevenção e Precaução de Contato","","stub_markers"
"supabase","fenix-instituto-enfermagem-processo-de-enfermagem-1780006471061-8","Mobilização e Posicionamento do Paciente","","stub_markers"
"supabase","fenix-instituto-enfermagem-processo-de-enfermagem-1780006471061-9","Cálculo de Administração de Medicamentos e Infusões","","stub_markers"
"supabase","fenix-instituto-enfermagem-processo-de-enfermagem-1780006480333-0","Cuidados na Administração de Medicamentos","","stub_markers"
"supabase","fenix-instituto-enfermagem-processo-de-enfermagem-1780006480333-1","Urgências e Emergências","","stub_markers"
"supabase","fenix-instituto-enfermagem-processo-de-enfermagem-1780006480333-2","Doenças Parasitárias e Zoonoses","","stub_markers"
"supabase","fenix-instituto-enfermagem-processo-de-enfermagem-1780006480333-3","Processo de Enfermagem","","stub_markers"
"supabase","fenix-instituto-enfermagem-processo-de-enfermagem-1780006480333-4","Processamento de Artigos e Produtos de Saúde","","stub_markers"
"supabase","fenix-instituto-enfermagem-processo-de-enfermagem-1780006480333-5","Processo de Enfermagem","","stub_markers"
"supabase","fenix-instituto-enfermagem-processo-de-enfermagem-1780006480333-6","Doenças Bacterianas e Fúngicas (Tuberculose, Tétano, Candidíase etc.)","","stub_markers"
"supabase","fenix-instituto-enfermagem-processo-de-enfermagem-1780006480333-7","Doenças Bacterianas e Fúngicas (Tuberculose, Tétano, Candidíase etc.)","","stub_markers"
"supabase","fenix-instituto-enfermagem-processo-de-enfermagem-1780006480333-8","Doenças Virais de Interesse Epidemiológico (Covid, Influenza, Sarampo, Polio etc.)","","stub_markers"
"supabase","fenix-instituto-enfermagem-promocao-a-saude-e-prevencao-de-agravos-1779563858390-3","Imunização","","molde_golden_rule_sem_rows"
"supabase","fepese-enfermagem-calculo-de-administracao-de-medicamentos-e-infusoes-1776056284398-3","Cálculo de Administração de Medicamentos e Infusões","","molde_concept_map_sem_items;molde_golden_rule_sem_rows"
"supabase","fepese-enfermagem-calculo-de-administracao-de-medicamentos-e-infusoes-1776056284398-4","Cálculo de Administração de Medicamentos e Infusões","","molde_concept_map_sem_items;molde_golden_rule_sem_rows"
"supabase","fepese-enfermagem-calculo-de-administracao-de-medicamentos-e-infusoes-1776056309743-3","Cálculo de Administração de Medicamentos e Infusões","","molde_concept_map_sem_items;molde_golden_rule_sem_rows"
"supabase","fepese-enfermagem-calculo-de-administracao-de-medicamentos-e-infusoes-1776056309743-4","Cálculo de Administração de Medicamentos e Infusões","","molde_concept_map_sem_items;molde_golden_rule_sem_rows"
"supabase","fepese-enfermagem-calculo-de-administracao-de-medicamentos-e-infusoes-1776056318806-3","Cálculo de Administração de Medicamentos e Infusões","","molde_concept_map_sem_items;molde_golden_rule_sem_rows"
"supabase","fepese-enfermagem-calculo-de-administracao-de-medicamentos-e-infusoes-1776056318806-5","Cálculo de Administração de Medicamentos e Infusões","","molde_concept_map_sem_items;molde_golden_rule_sem_rows"
"supabase","fepese-enfermagem-calculo-de-administracao-de-medicamentos-e-infusoes-1776056318806-6","Cálculo de Administração de Medicamentos e Infusões","","molde_concept_map_sem_items;molde_golden_rule_sem_rows"
"supabase","fepese-enfermagem-oxigenoterapia-e-cuidados-respiratorios-1779344707320-0","Oxigenoterapia e Cuidados Respiratórios","","molde_golden_rule_sem_rows"
"supabase","fepese-enfermagem-processo-de-enfermagem-1780002110600-7","Cálculo de Administração de Medicamentos e Infusões","","stub_markers"
"supabase","fepese-enfermagem-processo-de-enfermagem-1780002110600-8","Medidas de Prevenção e Precaução de Contato","","stub_markers"
"supabase","fepese-enfermagem-processo-de-enfermagem-1780002110600-9","Outras Questões e Questões Mescladas sobre Doenças Crônicas Não Transmissíveis","","stub_markers"
"supabase","fepese-enfermagem-processo-de-enfermagem-1780002217274-1","Outras Questões e Questões Mescladas sobre Doenças Crônicas Não Transmissíveis","","stub_markers"
"supabase","fepese-enfermagem-processo-de-enfermagem-1780002217274-2","Saúde da Mulher","","stub_markers"
"supabase","fepese-enfermagem-processo-de-enfermagem-1780002217274-3","Urgências e Emergências","","stub_markers"
"supabase","fepese-enfermagem-processo-de-enfermagem-1780002217274-4","Urgências e Emergências","","stub_markers"
"supabase","fepese-enfermagem-processo-de-enfermagem-1780004602717-0","Medidas de Prevenção e Precaução de Contato","","stub_markers"
"supabase","fepese-enfermagem-processo-de-enfermagem-1780004602717-1","Verificação de Sinais Vitais","","stub_markers"
"supabase","fepese-enfermagem-processo-de-enfermagem-1780008232871-6","Medidas de Prevenção e Precaução de Contato","","stub_markers"
"supabase","fepese-enfermagem-processo-de-enfermagem-1780008232871-7","Cuidados na Administração de Medicamentos","","stub_markers"
"supabase","fepese-enfermagem-processo-de-enfermagem-1780008232871-8","Saúde da Mulher","","stub_markers"
"supabase","fepese-enfermagem-processo-de-enfermagem-1780008241722-0","Outras Questões e Questões Mescladas sobre Doenças Crônicas Não Transmissíveis","","stub_markers"
"supabase","fepese-enfermagem-processo-de-enfermagem-1780008241722-1","Coleta de Exames Laboratoriais","","stub_markers"
"supabase","fepese-enfermagem-urgencias-e-emergencias-1777103988389-9","Urgências e Emergências","","stub_markers"
"supabase","fepese-enfermagem-urgencias-e-emergencias-1777103994618-0","Urgências e Emergências","","stub_markers"
"supabase","fepese-enfermagem-urgencias-e-emergencias-1777103994618-1","Urgências e Emergências","","stub_markers"
"supabase","fepese-enfermagem-verificacao-de-sinais-vitais-1779344237445-7","Verificação de Sinais Vitais","","molde_concept_map_sem_items;molde_logic_flow_sem_steps"
"supabase","fgv-enfermagem-calculo-de-administracao-de-medicamentos-e-infusoes-1776056284398-5","Cálculo de Administração de Medicamentos e Infusões","","molde_concept_map_sem_items;molde_golden_rule_sem_rows"
"supabase","fgv-enfermagem-calculo-de-administracao-de-medicamentos-e-infusoes-1776056284398-6","Cálculo de Administração de Medicamentos e Infusões","","molde_concept_map_sem_items;molde_golden_rule_sem_rows"
"supabase","fgv-enfermagem-calculo-de-administracao-de-medicamentos-e-infusoes-1776056301382-0","Cálculo de Administração de Medicamentos e Infusões","","molde_concept_map_sem_items;molde_golden_rule_sem_rows"
"supabase","fgv-enfermagem-cuidados-na-administracao-de-medicamentos-1778969258148-3","Vias de Administração","","molde_golden_rule_sem_rows"
"supabase","fgv-enfermagem-imunizacao-1779563992006-8","Imunização","","molde_golden_rule_sem_rows"
"supabase","fgv-enfermagem-imunizacao-1779564053668-6","Imunização","","molde_golden_rule_sem_rows"
"supabase","fgv-enfermagem-infeccoes-sexualmente-transmissiveis-ists-1779572159431-6","Infecções Sexualmente Transmissíveis (ISTs)","","molde_concept_map_sem_items"
"supabase","fgv-enfermagem-nocoes-de-fisiologia-1775448599930-5","Verificação de Sinais Vitais","","molde_golden_rule_sem_rows"
"supabase","fgv-enfermagem-oxigenoterapia-e-cuidados-respiratorios-1776056624615-1","Oxigenoterapia e Cuidados Respiratórios","","molde_golden_rule_sem_rows"
"supabase","fgv-enfermagem-oxigenoterapia-e-cuidados-respiratorios-1776056641612-1","Oxigenoterapia e Cuidados Respiratórios","","molde_golden_rule_sem_rows"
"supabase","fgv-enfermagem-oxigenoterapia-e-cuidados-respiratorios-1776056694842-2","Oxigenoterapia e Cuidados Respiratórios","","molde_golden_rule_sem_rows"
"supabase","fgv-enfermagem-oxigenoterapia-e-cuidados-respiratorios-1776056694842-4","Oxigenoterapia e Cuidados Respiratórios","","molde_golden_rule_sem_rows"
"supabase","fgv-enfermagem-oxigenoterapia-e-cuidados-respiratorios-1776056709494-9","Oxigenoterapia e Cuidados Respiratórios","","molde_golden_rule_sem_rows"
"supabase","fgv-enfermagem-oxigenoterapia-e-cuidados-respiratorios-1779344667377-2","Oxigenoterapia e Cuidados Respiratórios","","molde_golden_rule_sem_rows"
"supabase","fgv-enfermagem-oxigenoterapia-e-cuidados-respiratorios-1779344667377-5","Oxigenoterapia e Cuidados Respiratórios","","molde_golden_rule_sem_rows"
"supabase","fgv-enfermagem-oxigenoterapia-e-cuidados-respiratorios-1779344688622-8","Oxigenoterapia e Cuidados Respiratórios","","molde_golden_rule_sem_rows"
"supabase","fgv-enfermagem-oxigenoterapia-e-cuidados-respiratorios-1779344742779-0","Oxigenoterapia e Cuidados Respiratórios","","molde_golden_rule_sem_rows"
"supabase","fgv-enfermagem-oxigenoterapia-e-cuidados-respiratorios-1779344742779-2","Oxigenoterapia e Cuidados Respiratórios","","molde_golden_rule_sem_rows"
"supabase","fgv-enfermagem-processo-de-enfermagem-1780001988576-4","Enfermagem do Trabalho","","stub_markers"
"supabase","fgv-enfermagem-processo-de-enfermagem-1780001988576-5","Infecções no Contexto da Biossegurança","","stub_markers"
"supabase","fgv-enfermagem-processo-de-enfermagem-1780001988576-6","Enfermagem do Trabalho","","stub_markers"
"supabase","fgv-enfermagem-processo-de-enfermagem-1780001988576-7","Enfermagem do Trabalho","","stub_markers"
"supabase","fgv-enfermagem-processo-de-enfermagem-1780001988576-8","Enfermagem do Trabalho","","stub_markers"
"supabase","fgv-enfermagem-processo-de-enfermagem-1780001988576-9","Enfermagem do Trabalho","","stub_markers"
"supabase","fgv-enfermagem-processo-de-enfermagem-1780002110600-0","Urgências e Emergências","","stub_markers"
"supabase","fgv-enfermagem-processo-de-enfermagem-1780002110600-1","Enfermagem do Trabalho","","stub_markers"
"supabase","fgv-enfermagem-processo-de-enfermagem-1780002110600-2","Enfermagem do Trabalho","","stub_markers"
"supabase","fgv-enfermagem-processo-de-enfermagem-1780002110600-3","Enfermagem do Trabalho","","stub_markers"
"supabase","fgv-enfermagem-processo-de-enfermagem-1780002110600-4","Urgências e Emergências","","stub_markers"
"supabase","fgv-enfermagem-processo-de-enfermagem-1780002110600-5","Enfermagem do Trabalho","","stub_markers"
"supabase","fgv-enfermagem-processo-de-enfermagem-1780002110600-6","Enfermagem do Trabalho","","stub_markers"
"supabase","fgv-enfermagem-urgencias-e-emergencias-1777104056718-6","Urgências e Emergências","","stub_markers"
"supabase","fgv-enfermagem-urgencias-e-emergencias-1777104063550-1","Urgências e Emergências","","stub_markers"
"supabase","fgv-enfermagem-urgencias-e-emergencias-1777104063550-2","Urgências e Emergências","","stub_markers"
"supabase","fgv-enfermagem-verificacao-de-sinais-vitais-1778969760552-6","Verificação de Sinais Vitais","","molde_concept_map_sem_items;molde_logic_flow_sem_steps"
"supabase","fgv-enfermagem-verificacao-de-sinais-vitais-1779344205200-0","Verificação de Sinais Vitais","","molde_concept_map_sem_items;molde_logic_flow_sem_steps"
"supabase","funatec-enfermagem-atencao-basica-saude-da-familia-1778968239687-0","Processo de Enfermagem","","molde_golden_rule_sem_rows"
"supabase","funatec-enfermagem-processo-de-enfermagem-1776055865890-3","Processo de Enfermagem","","stub_markers;molde_golden_rule_sem_rows"
"supabase","funatec-enfermagem-processo-de-enfermagem-1776055865890-4","Processo de Enfermagem","","stub_markers;molde_golden_rule_sem_rows"
"supabase","funatec-enfermagem-processo-de-enfermagem-1776055865890-5","Processo de Enfermagem","","stub_markers;molde_golden_rule_sem_rows"
"supabase","funatec-enfermagem-processo-de-enfermagem-1776055865890-6","Processo de Enfermagem","","stub_markers;molde_golden_rule_sem_rows"
"supabase","funatec-enfermagem-processo-de-enfermagem-1776055865890-7","Processo de Enfermagem","","stub_markers;molde_golden_rule_sem_rows"
"supabase","funatec-enfermagem-processo-de-enfermagem-1776056173194-0","Processo de Enfermagem","","stub_markers;molde_golden_rule_sem_rows"
"supabase","funatec-enfermagem-urgencias-e-emergencias-1777104077075-3","Urgências e Emergências","","stub_markers"
"supabase","funatec-enfermagem-urgencias-e-emergencias-1777104077075-4","Urgências e Emergências","","stub_markers"
"supabase","funatec-enfermagem-urgencias-e-emergencias-1777104077075-5","Urgências e Emergências","","stub_markers"
"supabase","funcern-enfermagem-urgencias-e-emergencias-1777104000896-4","Urgências e Emergências","","stub_markers"
"supabase","funcern-enfermagem-urgencias-e-emergencias-1777104007115-4","Urgências e Emergências","","stub_markers"
"supabase","funcern-enfermagem-urgencias-e-emergencias-1777104007115-5","Urgências e Emergências","","stub_markers"
"supabase","fundatec-enfermagem-calculo-de-administracao-de-medicamentos-e-infusoes-1776056265348-6","Cálculo de Administração de Medicamentos e Infusões","","molde_concept_map_sem_items;molde_golden_rule_sem_rows"
"supabase","fundatec-enfermagem-calculo-de-administracao-de-medicamentos-e-infusoes-1776056265348-7","Cálculo de Administração de Medicamentos e Infusões","","molde_concept_map_sem_items;molde_golden_rule_sem_rows"
"supabase","fundatec-enfermagem-calculo-de-administracao-de-medicamentos-e-infusoes-1776056274291-8","Cálculo de Administração de Medicamentos e Infusões","","molde_golden_rule_sem_rows"
"supabase","fundatec-enfermagem-calculo-de-administracao-de-medicamentos-e-infusoes-1776056284398-0","Cálculo de Administração de Medicamentos e Infusões","","molde_concept_map_sem_items;molde_golden_rule_sem_rows"
"supabase","fundatec-enfermagem-calculo-de-administracao-de-medicamentos-e-infusoes-1776056292978-6","Cálculo de Administração de Medicamentos e Infusões","","molde_concept_map_sem_items;molde_golden_rule_sem_rows"
"supabase","fundatec-enfermagem-enfermagem-em-centro-cirurgico-1777103825926-2","Instalação e Manejo de Sondas","","molde_golden_rule_sem_rows"
"supabase","fundatec-enfermagem-exames-complementares-1779563679414-5","Procedimentos Diversos","","stub_markers"
"supabase","fundatec-enfermagem-imunizacao-1779563975447-1","Imunização","","molde_golden_rule_sem_rows"
"supabase","fundatec-enfermagem-imunizacao-1779572528473-2","Imunização","","molde_golden_rule_sem_rows"
"supabase","fundatec-enfermagem-oxigenoterapia-e-cuidados-respiratorios-1776056694842-0","Oxigenoterapia e Cuidados Respiratórios","","molde_golden_rule_sem_rows"
"supabase","fundatec-enfermagem-oxigenoterapia-e-cuidados-respiratorios-1776056694842-1","Oxigenoterapia e Cuidados Respiratórios","","molde_golden_rule_sem_rows"
"supabase","fundatec-enfermagem-oxigenoterapia-e-cuidados-respiratorios-1779344657661-0","Oxigenoterapia e Cuidados Respiratórios","","molde_golden_rule_sem_rows"
"supabase","fundatec-enfermagem-oxigenoterapia-e-cuidados-respiratorios-1779344667377-3","Oxigenoterapia e Cuidados Respiratórios","","molde_golden_rule_sem_rows"
"supabase","fundatec-enfermagem-oxigenoterapia-e-cuidados-respiratorios-1779344667377-4","Oxigenoterapia e Cuidados Respiratórios","","molde_golden_rule_sem_rows"
"supabase","fundatec-enfermagem-oxigenoterapia-e-cuidados-respiratorios-1779344701804-7","Oxigenoterapia e Cuidados Respiratórios","","molde_golden_rule_sem_rows"
"supabase","fundatec-enfermagem-oxigenoterapia-e-cuidados-respiratorios-1779344712561-8","Oxigenoterapia e Cuidados Respiratórios","","molde_golden_rule_sem_rows"
"supabase","fundatec-enfermagem-processo-de-enfermagem-1776056009428-7","Processo de Enfermagem","","stub_markers;molde_golden_rule_sem_rows"
"supabase","fundatec-enfermagem-processo-de-enfermagem-1776056129848-2","Processo de Enfermagem","","stub_markers;molde_golden_rule_sem_rows"
"supabase","fundatec-enfermagem-processo-de-enfermagem-1776056158507-3","Atenção Básica / Saúde da Família","","stub_markers"
"supabase","fundatec-enfermagem-processo-de-enfermagem-1776056181857-8","Processo de Enfermagem","","stub_markers;molde_golden_rule_sem_rows"
"supabase","fundatec-enfermagem-processo-de-enfermagem-1780001903454-2","Cálculo de Administração de Medicamentos e Infusões","","stub_markers"
"supabase","fundatec-enfermagem-processo-de-enfermagem-1780001903454-3","Procedimentos Diversos","","stub_markers"
"supabase","fundatec-enfermagem-processo-de-enfermagem-1780006947080-1","Procedimentos Diversos","","stub_markers"
"supabase","fundatec-enfermagem-processo-de-enfermagem-1780006947080-3","Medidas de Prevenção e Precaução de Contato","","stub_markers"
"supabase","fundatec-enfermagem-processo-de-enfermagem-1780006947080-4","Atenção Básica / Saúde da Família","","stub_markers"
"supabase","fundatec-enfermagem-processo-de-enfermagem-1780006947080-5","Saúde da Mulher","","stub_markers"
"supabase","fundatec-enfermagem-processo-de-enfermagem-1780006947080-6","Epidemiologia e Vigilância Epidemiológica","","stub_markers"
"supabase","fundatec-enfermagem-processo-de-enfermagem-1780006947080-7","Urgências e Emergências","","stub_markers"
"supabase","fundatec-enfermagem-processo-de-enfermagem-1780006947080-8","Urgências e Emergências","","stub_markers"
"supabase","fundatec-enfermagem-processo-de-enfermagem-1780006947080-9","Outras Questões e Questões Mescladas sobre Doenças Crônicas Não Transmissíveis","","stub_markers"
"supabase","fundatec-enfermagem-processo-de-enfermagem-1780006954613-0","Outras Questões e Questões Mescladas sobre Doenças Crônicas Não Transmissíveis","","stub_markers"
"supabase","fundatec-enfermagem-processo-de-enfermagem-1780006954613-1","Processo de Enfermagem","","stub_markers"
"supabase","fundatec-enfermagem-processo-de-enfermagem-1780006954613-2","Processo de Enfermagem","","stub_markers"
"supabase","fundatec-enfermagem-processo-de-enfermagem-1780006954613-3","Medidas de Prevenção e Precaução de Contato","","stub_markers"
"supabase","fundatec-enfermagem-processo-de-enfermagem-1780006954613-4","Verificação de Sinais Vitais","","stub_markers"
"supabase","fundatec-enfermagem-processo-de-enfermagem-1780006954613-6","Outras Questões e Questões Mescladas sobre Doenças Crônicas Não Transmissíveis","","stub_markers"
"supabase","fundatec-enfermagem-processo-de-enfermagem-1780006954613-7","Atenção Básica / Saúde da Família","","stub_markers"
"supabase","fundatec-enfermagem-processo-de-enfermagem-1780006954613-9","Promoção à Saúde e Prevenção de Agravos","","stub_markers"
"supabase","fundatec-enfermagem-processo-de-enfermagem-1780006962671-0","Cuidados na Administração de Medicamentos","","stub_markers"
"supabase","fundatec-enfermagem-processo-de-enfermagem-1780006962671-1","Saúde da Mulher","","stub_markers"
"supabase","fundatec-enfermagem-processo-de-enfermagem-1780006962671-2","Cuidados na Administração de Medicamentos","","stub_markers"
"supabase","fundatec-enfermagem-processo-de-enfermagem-1780006962671-3","Urgências e Emergências","","stub_markers"
"supabase","fundatec-enfermagem-processo-de-enfermagem-1780006962671-4","Urgências e Emergências","","stub_markers"
"supabase","fundatec-enfermagem-processo-de-enfermagem-1780006962671-5","Saúde da Criança","","stub_markers"
"supabase","fundatec-enfermagem-processo-de-enfermagem-1780006962671-6","Urgências e Emergências","","stub_markers"
"supabase","fundatec-enfermagem-processo-de-enfermagem-1780006969552-3","Oxigenoterapia e Cuidados Respiratórios","","stub_markers"
"supabase","fundatec-enfermagem-processo-de-enfermagem-1780006969552-4","Urgências e Emergências","","stub_markers"
"supabase","fundatec-enfermagem-processo-de-enfermagem-1780006969552-5","Urgências e Emergências","","stub_markers"
"supabase","fundatec-enfermagem-processo-de-enfermagem-1780006969552-6","Oxigenoterapia e Cuidados Respiratórios","","stub_markers"
"supabase","fundatec-enfermagem-processo-de-enfermagem-1780006969552-7","Verificação de Sinais Vitais","","stub_markers"
"supabase","fundatec-enfermagem-processo-de-enfermagem-1780006969552-8","Urgências e Emergências","","stub_markers"
"supabase","fundatec-enfermagem-processo-de-enfermagem-1780006969552-9","Urgências e Emergências","","stub_markers"
"supabase","fundatec-enfermagem-processo-de-enfermagem-1780006976703-0","Farmacodinâmica e Farmacocinética","","stub_markers"
"supabase","fundatec-enfermagem-processo-de-enfermagem-1780006976703-2","Farmacodinâmica e Farmacocinética","","stub_markers"
"supabase","fundatec-enfermagem-processo-de-enfermagem-1780006976703-4","Farmacodinâmica e Farmacocinética","","stub_markers"
"supabase","fundatec-enfermagem-processo-de-enfermagem-1780006976703-5","Urgências e Emergências","","stub_markers"
"supabase","fundatec-enfermagem-processo-de-enfermagem-1780006976703-7","Urgências e Emergências","","stub_markers"
"supabase","fundatec-enfermagem-processo-de-enfermagem-1780006976703-8","Urgências e Emergências","","stub_markers"
"supabase","fundatec-enfermagem-processo-de-enfermagem-1780006976703-9","Procedimentos Diversos","","stub_markers"
"supabase","fundatec-enfermagem-processo-de-enfermagem-1780007230169-0","Urgências e Emergências","","stub_markers"
"supabase","fundatec-enfermagem-processo-de-enfermagem-1780007230169-1","Urgências e Emergências","","stub_markers"
"supabase","fundatec-enfermagem-processo-de-enfermagem-1780007230169-2","Outras Questões e Questões Mescladas sobre Doenças Crônicas Não Transmissíveis","","stub_markers"
"supabase","fundatec-enfermagem-processo-de-enfermagem-1780007230169-4","Urgências e Emergências","","stub_markers"
"supabase","fundatec-enfermagem-processo-de-enfermagem-1780007230169-5","Urgências e Emergências","","stub_markers"
"supabase","fundatec-enfermagem-processo-de-enfermagem-1780007230169-6","Outras Questões e Questões Mescladas sobre Doenças Crônicas Não Transmissíveis","","stub_markers"
"supabase","fundatec-enfermagem-processo-de-enfermagem-1780007230169-7","Outras Questões e Questões Mescladas sobre Doenças Crônicas Não Transmissíveis","","stub_markers"
"supabase","fundatec-enfermagem-processo-de-enfermagem-1780011956256-4","Mobilização e Posicionamento do Paciente","","stub_markers"
"supabase","fundatec-enfermagem-processo-de-enfermagem-1780011956256-5","Atenção Básica / Saúde da Família","","stub_markers"
"supabase","fundatec-enfermagem-processo-de-enfermagem-1780011956256-6","Urgências e Emergências","","stub_markers"
"supabase","fundatec-enfermagem-processo-de-enfermagem-1780011956256-7","Saúde da Criança","","stub_markers"
"supabase","fundatec-enfermagem-processo-de-enfermagem-1780011956256-8","Farmacodinâmica e Farmacocinética","","stub_markers"
"supabase","fundatec-enfermagem-processo-de-enfermagem-1780011956256-9","Cálculo de Administração de Medicamentos e Infusões","","stub_markers"
"supabase","fundatec-enfermagem-processo-de-enfermagem-1780011961798-0","Processo de Enfermagem","","stub_markers"
"supabase","fundatec-enfermagem-processo-de-enfermagem-1780011961798-1","Procedimentos Diversos","","stub_markers"
"supabase","fundatec-enfermagem-urgencias-e-emergencias-1777103976379-5","Urgências e Emergências","","stub_markers"
"supabase","fundatec-enfermagem-urgencias-e-emergencias-1777103994618-3","Urgências e Emergências","","stub_markers"
"supabase","fundatec-enfermagem-urgencias-e-emergencias-1777104007115-6","Urgências e Emergências","","stub_markers"
"supabase","fundatec-enfermagem-urgencias-e-emergencias-1777104056718-7","Urgências e Emergências","","stub_markers"
"supabase","fundatec-enfermagem-urgencias-e-emergencias-1777104056718-8","Doenças Bacterianas e Fúngicas (Tuberculose, Tétano, Candidíase etc.)","","stub_markers"
"supabase","fundep-enfermagem-calculo-de-administracao-de-medicamentos-e-infusoes-1776056292978-3","Cálculo de Administração de Medicamentos e Infusões","","molde_concept_map_sem_items;molde_golden_rule_sem_rows"
"supabase","fundep-enfermagem-calculo-de-administracao-de-medicamentos-e-infusoes-1776056318806-7","Cálculo de Administração de Medicamentos e Infusões","","molde_concept_map_sem_items;molde_golden_rule_sem_rows"
"supabase","fundep-enfermagem-oxigenoterapia-e-cuidados-respiratorios-1779344751294-3","Oxigenoterapia e Cuidados Respiratórios","","molde_golden_rule_sem_rows"
"supabase","fundepes-copeve-ufal-enfermagem-oxigenoterapia-e-cuidados-respiratorios-1779344645032-3","Oxigenoterapia e Cuidados Respiratórios","","molde_golden_rule_sem_rows"
"supabase","fundepes-copeve-ufal-enfermagem-processo-de-enfermagem-1776056149404-3","Processo de Enfermagem","","stub_markers;molde_golden_rule_sem_rows"
"supabase","fundepes-copeve-ufal-enfermagem-processo-de-enfermagem-1776056173194-1","Processo de Enfermagem","","stub_markers;molde_golden_rule_sem_rows"
"supabase","fundepes-copeve-ufal-enfermagem-processo-de-enfermagem-1776056173194-2","Outras Questões e Questões Mescladas sobre Doenças Crônicas Não Transmissíveis","","stub_markers"
"supabase","fundepes-copeve-ufal-enfermagem-processo-de-enfermagem-1776056173194-3","Processo de Enfermagem","","stub_markers;molde_golden_rule_sem_rows"
"supabase","fundepes-copeve-ufal-enfermagem-processo-de-enfermagem-1776056173194-4","Processo de Enfermagem","","stub_markers;molde_golden_rule_sem_rows"
"supabase","fundepes-copeve-ufal-enfermagem-urgencias-e-emergencias-1777104000896-2","Urgências e Emergências","","stub_markers"
"supabase","fundepes-copeve-ufal-enfermagem-urgencias-e-emergencias-1777104000896-3","Urgências e Emergências","","stub_markers"
"supabase","fundepes-copeve-ufal-enfermagem-urgencias-e-emergencias-1777104007115-7","Urgências e Emergências","","stub_markers"
"supabase","funtef-enfermagem-urgencias-e-emergencias-1777103970505-2","Urgências e Emergências","","stub_markers"
"supabase","funtef-enfermagem-urgencias-e-emergencias-1777103970505-3","Urgências e Emergências","","stub_markers"
"supabase","furb-enfermagem-imunizacao-1779564071106-7","Imunização","","molde_golden_rule_sem_rows"
"supabase","furb-enfermagem-nocoes-de-fisiologia-1776055811481-2","Verificação de Sinais Vitais","","molde_golden_rule_sem_rows"
"supabase","furb-enfermagem-nocoes-de-fisiologia-1776055986110-3","Verificação de Sinais Vitais","","molde_golden_rule_sem_rows"
"supabase","furb-enfermagem-oxigenoterapia-e-cuidados-respiratorios-1779344657661-4","Oxigenoterapia e Cuidados Respiratórios","","molde_golden_rule_sem_rows"
"supabase","furb-enfermagem-oxigenoterapia-e-cuidados-respiratorios-1779344657661-5","Oxigenoterapia e Cuidados Respiratórios","","molde_golden_rule_sem_rows"
"supabase","furb-enfermagem-oxigenoterapia-e-cuidados-respiratorios-1779344688622-4","Oxigenoterapia e Cuidados Respiratórios","","molde_golden_rule_sem_rows"
"supabase","furb-enfermagem-processo-de-enfermagem-1776056129848-1","Processo de Enfermagem","","stub_markers;molde_golden_rule_sem_rows"
"supabase","furb-enfermagem-processo-de-enfermagem-1780011887822-5","Cálculo de Administração de Medicamentos e Infusões","","stub_markers"
"supabase","furb-enfermagem-processo-de-enfermagem-1780011887822-6","Mobilização e Posicionamento do Paciente","","stub_markers"
"supabase","furb-enfermagem-processo-de-enfermagem-1780011887822-7","Segurança do Paciente","","stub_markers"
"supabase","furb-enfermagem-processo-de-enfermagem-1780011887822-8","Instalação e Manejo de Sondas","","stub_markers"
"supabase","furb-enfermagem-processo-de-enfermagem-1780011887822-9","Cálculo de Administração de Medicamentos e Infusões","","stub_markers"
"supabase","furb-enfermagem-processo-de-enfermagem-1780011908736-0","Vias de Administração","","stub_markers"
"supabase","furb-enfermagem-processo-de-enfermagem-1780011908736-1","Cálculo de Administração de Medicamentos e Infusões","","stub_markers"
"supabase","furb-enfermagem-processo-de-enfermagem-1780011908736-2","Promoção à Saúde e Prevenção de Agravos","","stub_markers"
"supabase","furb-enfermagem-processo-de-enfermagem-1780011908736-3","Urgências e Emergências","","stub_markers"
"supabase","furb-enfermagem-processo-de-enfermagem-1780011908736-4","Epidemiologia e Vigilância Epidemiológica","","stub_markers"
"supabase","furb-enfermagem-processo-de-enfermagem-1780011908736-5","Cálculo de Administração de Medicamentos e Infusões","","stub_markers"
"supabase","furb-enfermagem-processo-de-enfermagem-1780011908736-6","Vias de Administração","","stub_markers"
"supabase","furb-enfermagem-processo-de-enfermagem-1780011908736-8","Cálculo de Administração de Medicamentos e Infusões","","stub_markers"
"supabase","furb-enfermagem-processo-de-enfermagem-1780011908736-9","Urgências e Emergências","","stub_markers"
"supabase","furb-enfermagem-processo-de-enfermagem-1780011915153-0","Urgências e Emergências","","stub_markers"
"supabase","furb-enfermagem-processo-de-enfermagem-1780011915153-1","Vias de Administração","","stub_markers"
"supabase","furb-enfermagem-processo-de-enfermagem-1780011915153-2","Processo de Enfermagem","","stub_markers"
"supabase","furb-enfermagem-processo-de-enfermagem-1780011915153-3","Urgências e Emergências","","stub_markers"
"supabase","furb-enfermagem-processo-de-enfermagem-1780011915153-4","Epidemiologia e Vigilância Epidemiológica","","stub_markers"
"supabase","furb-enfermagem-processo-de-enfermagem-1780011915153-5","Cálculo de Administração de Medicamentos e Infusões","","stub_markers"
"supabase","furb-enfermagem-processo-de-enfermagem-1780011915153-6","Doenças Virais de Interesse Epidemiológico (Covid, Influenza, Sarampo, Polio etc.)","","stub_markers"
"supabase","furb-enfermagem-processo-de-enfermagem-1780011915153-7","Segurança do Paciente","","stub_markers"
"supabase","furb-enfermagem-processo-de-enfermagem-1780011915153-8","Cálculo de Administração de Medicamentos e Infusões","","stub_markers"
"supabase","furb-enfermagem-urgencias-e-emergencias-1777104012755-4","Oxigenoterapia e Cuidados Respiratórios","","stub_markers;molde_golden_rule_sem_rows"
"supabase","furb-enfermagem-urgencias-e-emergencias-1777104012755-5","Curativos e Manejo de Feridas","","stub_markers;molde_golden_rule_sem_rows"
"supabase","furb-enfermagem-urgencias-e-emergencias-1777104012755-6","Urgências e Emergências","","stub_markers"
"supabase","furb-enfermagem-verificacao-de-sinais-vitais-1778969745165-7","Verificação de Sinais Vitais","","molde_concept_map_sem_items;molde_logic_flow_sem_steps"
"supabase","fuvest-enfermagem-assistencia-perioperatoria-inclui-srpa-1777103789613-6","Processo de Enfermagem","","molde_golden_rule_sem_rows"
"supabase","fuvest-enfermagem-cuidados-na-administracao-de-medicamentos-1778969601364-4","Vias de Administração","","molde_golden_rule_sem_rows"
"supabase","fuvest-enfermagem-imunizacao-1779564109452-8","Imunização","","molde_golden_rule_sem_rows"
"supabase","fuvest-enfermagem-oxigenoterapia-e-cuidados-respiratorios-1779344707320-3","Oxigenoterapia e Cuidados Respiratórios","","molde_golden_rule_sem_rows"
"supabase","gama-enfermagem-oxigenoterapia-e-cuidados-respiratorios-1779344645032-5","Oxigenoterapia e Cuidados Respiratórios","","molde_golden_rule_sem_rows"
"supabase","gama-enfermagem-oxigenoterapia-e-cuidados-respiratorios-1779344651728-0","Oxigenoterapia e Cuidados Respiratórios","","molde_golden_rule_sem_rows"
"supabase","gama-enfermagem-oxigenoterapia-e-cuidados-respiratorios-1779344651728-1","Oxigenoterapia e Cuidados Respiratórios","","molde_golden_rule_sem_rows"
"supabase","gama-enfermagem-urgencias-e-emergencias-1777104031822-5","Urgências e Emergências","","stub_markers"
"supabase","gama-enfermagem-urgencias-e-emergencias-1777104031822-6","Urgências e Emergências","","stub_markers"
"supabase","grupo-talent-enfermagem-processo-de-enfermagem-1780009359555-1","Doenças Respiratórias Crônicas (Asma, DPOC)","","stub_markers"
"supabase","grupo-talent-enfermagem-processo-de-enfermagem-1780009359555-2","Doenças Bacterianas e Fúngicas (Tuberculose, Tétano, Candidíase etc.)","","stub_markers"
"supabase","grupo-talent-enfermagem-processo-de-enfermagem-1780009359555-3","Medidas de Prevenção e Precaução de Contato","","stub_markers"
"supabase","grupo-talent-enfermagem-processo-de-enfermagem-1780009359555-4","Cuidados na Administração de Medicamentos","","stub_markers"
"supabase","grupo-talent-enfermagem-processo-de-enfermagem-1780009359555-5","Cálculo de Administração de Medicamentos e Infusões","","stub_markers"
"supabase","grupo-talent-enfermagem-processo-de-enfermagem-1780009359555-6","Cuidados na Administração de Medicamentos","","stub_markers"
"supabase","grupo-talent-enfermagem-processo-de-enfermagem-1780009359555-7","Saúde da Mulher","","stub_markers"
"supabase","grupo-talent-enfermagem-processo-de-enfermagem-1780009359555-8","Cuidados na Administração de Medicamentos","","stub_markers"
"supabase","gualimp-enfermagem-oxigenoterapia-e-cuidados-respiratorios-1779344742779-3","Oxigenoterapia e Cuidados Respiratórios","","molde_golden_rule_sem_rows"
"supabase","iaupe-enfermagem-calculo-de-administracao-de-medicamentos-e-infusoes-1776056265348-2","Cálculo de Administração de Medicamentos e Infusões","","molde_concept_map_sem_items;molde_golden_rule_sem_rows"
"supabase","iaupe-enfermagem-oxigenoterapia-e-cuidados-respiratorios-1776056709494-0","Oxigenoterapia e Cuidados Respiratórios","","molde_golden_rule_sem_rows"
"supabase","iaupe-enfermagem-oxigenoterapia-e-cuidados-respiratorios-1779344645032-1","Oxigenoterapia e Cuidados Respiratórios","","molde_golden_rule_sem_rows"
"supabase","iaupe-enfermagem-oxigenoterapia-e-cuidados-respiratorios-1779344657661-2","Oxigenoterapia e Cuidados Respiratórios","","molde_golden_rule_sem_rows"
"supabase","iaupe-enfermagem-oxigenoterapia-e-cuidados-respiratorios-1779344657661-3","Oxigenoterapia e Cuidados Respiratórios","","molde_golden_rule_sem_rows"
"supabase","iaupe-enfermagem-processo-de-enfermagem-1776056149404-2","Urgências e Emergências","","stub_markers"
"supabase","iaupe-enfermagem-urgencias-e-emergencias-1777104012755-1","Urgências e Emergências","","stub_markers"
"supabase","iaupe-enfermagem-verificacao-de-sinais-vitais-1779343956155-3","Verificação de Sinais Vitais","","molde_concept_map_sem_items;molde_logic_flow_sem_steps"
"supabase","ibade-enfermagem-calculo-de-administracao-de-medicamentos-e-infusoes-1776056301382-8","Cálculo de Administração de Medicamentos e Infusões","","molde_concept_map_sem_items;molde_golden_rule_sem_rows"
"supabase","ibade-enfermagem-imunizacao-1777103230085-4","Imunização","","molde_golden_rule_sem_rows"
"supabase","ibade-enfermagem-imunizacao-1777103230085-6","Imunização","","molde_golden_rule_sem_rows"
"supabase","ibade-enfermagem-oxigenoterapia-e-cuidados-respiratorios-1779344712561-2","Oxigenoterapia e Cuidados Respiratórios","","molde_golden_rule_sem_rows"
"supabase","ibade-enfermagem-oxigenoterapia-e-cuidados-respiratorios-1779344712561-3","Oxigenoterapia e Cuidados Respiratórios","","molde_golden_rule_sem_rows"
"supabase","ibade-enfermagem-oxigenoterapia-e-cuidados-respiratorios-1779344712561-4","Oxigenoterapia e Cuidados Respiratórios","","molde_golden_rule_sem_rows"
"supabase","ibade-enfermagem-oxigenoterapia-e-cuidados-respiratorios-1779344712561-6","Oxigenoterapia e Cuidados Respiratórios","","molde_golden_rule_sem_rows"
"supabase","ibade-enfermagem-oxigenoterapia-e-cuidados-respiratorios-1779344712561-7","Oxigenoterapia e Cuidados Respiratórios","","molde_golden_rule_sem_rows"
"supabase","ibade-enfermagem-processo-de-enfermagem-1780005128081-7","Processo de Enfermagem","","stub_markers"
"supabase","ibade-enfermagem-processo-de-enfermagem-1780005128081-8","Saúde Mental","","stub_markers"
"supabase","ibade-enfermagem-processo-de-enfermagem-1780005128081-9","Assistência Perioperatória (Inclui SRPA)","","stub_markers"
"supabase","ibade-enfermagem-processo-de-enfermagem-1780005137458-0","Mobilização e Posicionamento do Paciente","","stub_markers"
"supabase","ibade-enfermagem-processo-de-enfermagem-1780005137458-1","Promoção à Saúde e Prevenção de Agravos","","stub_markers"
"supabase","ibade-enfermagem-processo-de-enfermagem-1780005137458-2","Urgências e Emergências","","stub_markers"
"supabase","ibade-enfermagem-processo-de-enfermagem-1780005137458-3","Infecções no Contexto da Biossegurança","","stub_markers"
"supabase","ibade-enfermagem-processo-de-enfermagem-1780005137458-5","Cuidados na Administração de Medicamentos","","stub_markers"
"supabase","ibade-enfermagem-processo-de-enfermagem-1780005137458-6","Medidas de Prevenção e Precaução de Contato","","stub_markers"
"supabase","ibade-enfermagem-processo-de-enfermagem-1780005137458-8","Infecções no Contexto da Biossegurança","","stub_markers"
"supabase","ibade-enfermagem-processo-de-enfermagem-1780005311822-0","Infecções no Contexto da Biossegurança","","stub_markers"
"supabase","ibade-enfermagem-processo-de-enfermagem-1780005311822-1","Mobilização e Posicionamento do Paciente","","stub_markers"
"supabase","ibade-enfermagem-processo-de-enfermagem-1780005311822-2","Mobilização e Posicionamento do Paciente","","stub_markers"
"supabase","ibade-enfermagem-urgencias-e-emergencias-1777103988389-6","Urgências e Emergências","","stub_markers"
"supabase","ibade-geral-urgencias-e-emergencias-1777103590498-1","Doenças Parasitárias e Zoonoses","","stub_markers"
"supabase","ibade-geral-urgencias-e-emergencias-1777103590498-2","Doenças Parasitárias e Zoonoses","","stub_markers"
"supabase","ibade-geral-urgencias-e-emergencias-1777103590498-4","Doenças Parasitárias e Zoonoses","","stub_markers"
"supabase","ibam-enfermagem-oxigenoterapia-e-cuidados-respiratorios-1776056641612-3","Oxigenoterapia e Cuidados Respiratórios","","molde_golden_rule_sem_rows"
"supabase","ibest-enfermagem-oxigenoterapia-e-cuidados-respiratorios-1779344637595-6","Oxigenoterapia e Cuidados Respiratórios","","molde_golden_rule_sem_rows"
"supabase","ibfc-enfermagem-nocoes-de-anatomia-1775448458316-0","Urgências e Emergências","","molde_danger_zone_sem_correct"
"supabase","ibfc-enfermagem-nocoes-de-fisiologia-1775501938701-4","Verificação de Sinais Vitais","","molde_golden_rule_sem_rows"
"supabase","ibfc-enfermagem-nocoes-de-fisiologia-1776055798601-5","Verificação de Sinais Vitais","","molde_golden_rule_sem_rows"
"supabase","ibfc-enfermagem-oxigenoterapia-e-cuidados-respiratorios-1776056624615-4","Oxigenoterapia e Cuidados Respiratórios","","molde_golden_rule_sem_rows"
"supabase","ibfc-enfermagem-oxigenoterapia-e-cuidados-respiratorios-1779344645032-6","Oxigenoterapia e Cuidados Respiratórios","","molde_golden_rule_sem_rows"
"supabase","ibfc-enfermagem-oxigenoterapia-e-cuidados-respiratorios-1779344651728-6","Oxigenoterapia e Cuidados Respiratórios","","molde_golden_rule_sem_rows"
"supabase","ibfc-enfermagem-processo-de-enfermagem-1776056149404-4","Processo de Enfermagem","","stub_markers;molde_golden_rule_sem_rows"
"supabase","ibfc-enfermagem-urgencias-e-emergencias-1777103988389-1","Urgências e Emergências","","stub_markers"
"supabase","ibfc-enfermagem-urgencias-e-emergencias-1777103988389-2","Urgências e Emergências","","stub_markers"
"supabase","ibfc-enfermagem-urgencias-e-emergencias-1777103988389-3","Urgências e Emergências","","stub_markers"
"supabase","ibgp-enfermagem-calculo-de-administracao-de-medicamentos-e-infusoes-1776056330579-2","Cálculo de Administração de Medicamentos e Infusões","","molde_concept_map_sem_items;molde_golden_rule_sem_rows"
"supabase","icece-enfermagem-processo-de-enfermagem-1776056009428-4","Processo de Enfermagem","","stub_markers;molde_golden_rule_sem_rows"
"supabase","icece-enfermagem-urgencias-e-emergencias-1780001297464-0","Urgências e Emergências","","stub_markers"
"supabase","icece-enfermagem-verificacao-de-sinais-vitais-1778969729218-3","Verificação de Sinais Vitais","","molde_concept_map_sem_items;molde_logic_flow_sem_steps"
"supabase","icece-enfermagem-verificacao-de-sinais-vitais-1780000468214-6","Verificação de Sinais Vitais","","molde_concept_map_sem_items;molde_logic_flow_sem_steps"
"supabase","idcap-enfermagem-processo-de-enfermagem-1776056021381-6","Processo de Enfermagem","","stub_markers;molde_golden_rule_sem_rows"
"supabase","idcap-enfermagem-processo-de-enfermagem-1776056021381-7","Processo de Enfermagem","","stub_markers;molde_golden_rule_sem_rows"
"supabase","idecan-enfermagem-calculo-de-administracao-de-medicamentos-e-infusoes-1778712108887-0","Cálculo de Administração de Medicamentos e Infusões","","molde_concept_map_sem_items;molde_golden_rule_sem_rows"
"supabase","idecan-enfermagem-calculo-de-administracao-de-medicamentos-e-infusoes-1778712108887-1","Cálculo de Administração de Medicamentos e Infusões","","molde_concept_map_sem_items;molde_golden_rule_sem_rows"
"supabase","idecan-enfermagem-calculo-de-administracao-de-medicamentos-e-infusoes-1780066909125-6","Cálculo de Administração de Medicamentos e Infusões","","molde_concept_map_sem_items"
"supabase","idecan-enfermagem-calculo-de-administracao-de-medicamentos-e-infusoes-1780066909125-7","Cálculo de Administração de Medicamentos e Infusões","","molde_concept_map_sem_items"
"supabase","idecan-enfermagem-calculo-de-administracao-de-medicamentos-e-infusoes-1780066909125-8","Cálculo de Administração de Medicamentos e Infusões","","molde_concept_map_sem_items"
"supabase","idecan-enfermagem-coleta-de-exames-laboratoriais-1778712165781-5","Coleta de Exames Laboratoriais","","molde_golden_rule_sem_rows"
"supabase","idecan-enfermagem-coleta-de-exames-laboratoriais-1778712165781-6","Coleta de Exames Laboratoriais","","molde_golden_rule_sem_rows"
"supabase","idecan-enfermagem-coleta-de-exames-laboratoriais-1778712165781-7","Coleta de Exames Laboratoriais","","molde_golden_rule_sem_rows"
"supabase","idecan-enfermagem-coleta-de-exames-laboratoriais-1778712165781-8","Coleta de Exames Laboratoriais","","molde_golden_rule_sem_rows"
"supabase","idecan-enfermagem-enfermagem-em-uti-1778712392541-1","Verificação de Sinais Vitais","","molde_golden_rule_sem_rows"
"supabase","idecan-enfermagem-feridas-e-queimaduras-1778712409051-1","Curativos e Manejo de Feridas","","molde_golden_rule_sem_rows"
"supabase","idecan-enfermagem-feridas-e-queimaduras-1778712409051-2","Curativos e Manejo de Feridas","","molde_golden_rule_sem_rows"
"supabase","idecan-enfermagem-feridas-e-queimaduras-1778712409051-3","Curativos e Manejo de Feridas","","molde_golden_rule_sem_rows"
"supabase","idecan-enfermagem-imunizacao-1778712270872-7","Imunização","","molde_golden_rule_sem_rows"
"supabase","idecan-enfermagem-imunizacao-1778712281975-6","Imunização","","molde_golden_rule_sem_rows"
"supabase","idecan-enfermagem-imunizacao-1778712281975-7","Imunização","","molde_golden_rule_sem_rows"
"supabase","idecan-enfermagem-imunizacao-1778712281975-8","Imunização","","molde_golden_rule_sem_rows"
"supabase","idecan-enfermagem-infeccoes-sexualmente-transmissiveis-ists-1778712294130-0","Infecções Sexualmente Transmissíveis (ISTs)","","molde_golden_rule_sem_rows"
"supabase","idecan-enfermagem-infeccoes-sexualmente-transmissiveis-ists-1778712304760-1","Imunização","","molde_golden_rule_sem_rows"
"supabase","idecan-enfermagem-nocoes-de-anatomia-1778712122855-1","Verificação de Sinais Vitais","","molde_golden_rule_sem_rows"
"supabase","idecan-enfermagem-outras-doencas-e-questoes-mescladas-sobre-doencas-transmissiveis-1778712315153-2","Imunização","","molde_golden_rule_sem_rows"
"supabase","idecan-enfermagem-oxigenoterapia-e-cuidados-respiratorios-1778712147345-2","Oxigenoterapia e Cuidados Respiratórios","","molde_golden_rule_sem_rows"
"supabase","idecan-enfermagem-oxigenoterapia-e-cuidados-respiratorios-1778712147345-3","Oxigenoterapia e Cuidados Respiratórios","","molde_golden_rule_sem_rows"
"supabase","idecan-enfermagem-oxigenoterapia-e-cuidados-respiratorios-1778712147345-4","Oxigenoterapia e Cuidados Respiratórios","","molde_golden_rule_sem_rows"
"supabase","idecan-enfermagem-oxigenoterapia-e-cuidados-respiratorios-1778712147345-5","Oxigenoterapia e Cuidados Respiratórios","","molde_golden_rule_sem_rows"
"supabase","idecan-enfermagem-oxigenoterapia-e-cuidados-respiratorios-1778712147345-6","Oxigenoterapia e Cuidados Respiratórios","","molde_golden_rule_sem_rows"
"supabase","idecan-enfermagem-oxigenoterapia-e-cuidados-respiratorios-1778712147345-7","Oxigenoterapia e Cuidados Respiratórios","","molde_golden_rule_sem_rows"
"supabase","idecan-enfermagem-oxigenoterapia-e-cuidados-respiratorios-1778712147345-8","Oxigenoterapia e Cuidados Respiratórios","","molde_golden_rule_sem_rows"
"supabase","idecan-enfermagem-oxigenoterapia-e-cuidados-respiratorios-1778712147345-9","Oxigenoterapia e Cuidados Respiratórios","","molde_golden_rule_sem_rows"
"supabase","idecan-enfermagem-procedimentos-diversos-1778712203076-4","Processo de Enfermagem","","molde_golden_rule_sem_rows"
"supabase","idecan-enfermagem-processo-de-enfermagem-1780066909125-1","Processo de Enfermagem","","stub_markers"
"supabase","idecan-enfermagem-processo-de-enfermagem-1780066909125-2","Mobilização e Posicionamento do Paciente","","stub_markers"
"supabase","idecan-enfermagem-saude-do-idoso-1778712437306-5","Processo de Enfermagem","","molde_golden_rule_sem_rows"
"supabase","idecan-enfermagem-saude-do-idoso-1778712437306-6","Vias de Administração","","molde_concept_map_sem_items;molde_golden_rule_sem_rows"
"supabase","idecan-enfermagem-saude-do-idoso-1778712437306-7","Imunização","","molde_golden_rule_sem_rows"
"supabase","idecan-enfermagem-teorias-em-enfermagem-1778712122855-3","Processo de Enfermagem","","molde_golden_rule_sem_rows"
"supabase","idecan-enfermagem-urgencias-e-emergencias-1778712392541-3","Urgências e Emergências","","stub_markers"
"supabase","idecan-enfermagem-urgencias-e-emergencias-1778712392541-4","Urgências e Emergências","","stub_markers"
"supabase","idecan-enfermagem-urgencias-e-emergencias-1778712392541-5","Urgências e Emergências","","stub_markers"
"supabase","idecan-enfermagem-urgencias-e-emergencias-1778712392541-6","Urgências e Emergências","","stub_markers"
"supabase","idecan-enfermagem-urgencias-e-emergencias-1778712392541-7","Enfermagem do Trabalho","","stub_markers"
"supabase","idecan-enfermagem-urgencias-e-emergencias-1778712392541-8","Segurança do Paciente","","stub_markers"
"supabase","idecan-enfermagem-urgencias-e-emergencias-1778712400677-0","Urgências e Emergências","","stub_markers"
"supabase","idecan-enfermagem-urgencias-e-emergencias-1778712400677-1","Urgências e Emergências","","stub_markers"
"supabase","idecan-enfermagem-urgencias-e-emergencias-1778712400677-2","Urgências e Emergências","","stub_markers"
"supabase","idecan-enfermagem-urgencias-e-emergencias-1778712400677-3","Urgências e Emergências","","stub_markers"
"supabase","idecan-enfermagem-urgencias-e-emergencias-1778712400677-4","Urgências e Emergências","","stub_markers"
"supabase","idecan-enfermagem-urgencias-e-emergencias-1780067013432-3","Urgências e Emergências","","stub_markers"
"supabase","idecan-enfermagem-urgencias-e-emergencias-1780067013432-4","Urgências e Emergências","","stub_markers"
"supabase","idecan-enfermagem-urgencias-e-emergencias-1780067013432-5","Urgências e Emergências","","stub_markers"
"supabase","idecan-enfermagem-urgencias-e-emergencias-1780067013432-6","Urgências e Emergências","","stub_markers"
"supabase","idecan-enfermagem-verificacao-de-sinais-vitais-1780066924385-5","Verificação de Sinais Vitais","","molde_concept_map_sem_items;molde_logic_flow_sem_steps"
"supabase","idecan-geral-calculo-de-administracao-de-medicamentos-e-infusoes-1776056309743-8","Cálculo de Administração de Medicamentos e Infusões","","molde_concept_map_sem_items;molde_golden_rule_sem_rows"
"supabase","idesg-enfermagem-oxigenoterapia-e-cuidados-respiratorios-1776056624615-2","Oxigenoterapia e Cuidados Respiratórios","","molde_golden_rule_sem_rows"
"supabase","idesg-enfermagem-oxigenoterapia-e-cuidados-respiratorios-1776056624615-3","Oxigenoterapia e Cuidados Respiratórios","","molde_golden_rule_sem_rows"
"supabase","idib-enfermagem-calculo-de-administracao-de-medicamentos-e-infusoes-1778934863952-5","Cálculo de Administração de Medicamentos e Infusões","","molde_concept_map_sem_items;molde_golden_rule_sem_rows"
"supabase","idib-enfermagem-cuidados-na-administracao-de-medicamentos-1778934863952-7","Vias de Administração","","molde_concept_map_sem_items;molde_golden_rule_sem_rows"
"supabase","idib-enfermagem-infeccoes-sexualmente-transmissiveis-ists-1778934909266-2","Infecções Sexualmente Transmissíveis (ISTs)","","molde_golden_rule_sem_rows"
"supabase","idib-enfermagem-infeccoes-sexualmente-transmissiveis-ists-1778934909266-3","Infecções Sexualmente Transmissíveis (ISTs)","","molde_golden_rule_sem_rows"
"supabase","idib-enfermagem-nocoes-de-fisiologia-1778934944659-8","Processo de Enfermagem","","molde_golden_rule_sem_rows"
"supabase","idib-enfermagem-nocoes-de-fisiologia-1778934957741-7","Infecções Sexualmente Transmissíveis (ISTs)","","molde_golden_rule_sem_rows"
"supabase","idib-enfermagem-nocoes-de-fisiologia-1778934957741-8","Instalação e Manejo de Sondas","","molde_golden_rule_sem_rows"
"supabase","idib-enfermagem-nocoes-de-fisiologia-1778934965770-0","Instalação e Manejo de Sondas","","molde_golden_rule_sem_rows"
"supabase","idib-enfermagem-oxigenoterapia-e-cuidados-respiratorios-1778934890864-2","Oxigenoterapia e Cuidados Respiratórios","","molde_golden_rule_sem_rows"
"supabase","idib-enfermagem-processo-de-enfermagem-1778934863952-2","Infecções Sexualmente Transmissíveis (ISTs)","","stub_markers;molde_golden_rule_sem_rows"
"supabase","idib-enfermagem-processo-de-enfermagem-1778934863952-3","Processo de Enfermagem","","stub_markers;molde_golden_rule_sem_rows"
"supabase","idib-enfermagem-processo-de-enfermagem-1778934863952-4","Procedimentos Diversos","","stub_markers"
"supabase","idib-enfermagem-saude-do-idoso-1778934944659-7","Processo de Enfermagem","","molde_golden_rule_sem_rows"
"supabase","idib-enfermagem-urgencias-e-emergencias-1778934926888-0","Urgências e Emergências","","stub_markers"
"supabase","idib-enfermagem-urgencias-e-emergencias-1778934926888-1","Urgências e Emergências","","stub_markers"
"supabase","idib-enfermagem-urgencias-e-emergencias-1778934926888-2","Urgências e Emergências","","stub_markers"
"supabase","idib-enfermagem-urgencias-e-emergencias-1778934926888-3","Urgências e Emergências","","stub_markers"
"supabase","idib-enfermagem-urgencias-e-emergencias-1778934926888-4","Urgências e Emergências","","stub_markers"
"supabase","idib-enfermagem-urgencias-e-emergencias-1778934926888-5","Urgências e Emergências","","stub_markers"
"supabase","idib-enfermagem-urgencias-e-emergencias-1778934926888-6","Urgências e Emergências","","stub_markers"
"supabase","idib-enfermagem-urgencias-e-emergencias-1778934926888-7","Urgências e Emergências","","stub_markers"
"supabase","idib-enfermagem-urgencias-e-emergencias-1778934926888-8","Urgências e Emergências","","stub_markers"
"supabase","idib-enfermagem-urgencias-e-emergencias-1778934936220-0","Urgências e Emergências","","stub_markers"
"supabase","idib-enfermagem-urgencias-e-emergencias-1778934936220-1","Urgências e Emergências","","stub_markers"
"supabase","ieses-enfermagem-atencao-basica-saude-da-familia-1778968357339-6","Imunização","","molde_golden_rule_sem_rows"
"supabase","ieses-enfermagem-promocao-a-saude-e-prevencao-de-agravos-1779563923516-4","Imunização","","molde_golden_rule_sem_rows"
"supabase","igecap-enfermagem-processo-de-enfermagem-1780004280851-9","Cálculo de Administração de Medicamentos e Infusões","","stub_markers"
"supabase","igecap-enfermagem-processo-de-enfermagem-1780004293191-0","Verificação de Sinais Vitais","","stub_markers"
"supabase","igecap-enfermagem-processo-de-enfermagem-1780004293191-1","Cálculo de Administração de Medicamentos e Infusões","","stub_markers"
"supabase","igecap-enfermagem-processo-de-enfermagem-1780004293191-2","Cálculo de Administração de Medicamentos e Infusões","","stub_markers"
"supabase","igecap-enfermagem-processo-de-enfermagem-1780004293191-3","Verificação de Sinais Vitais","","stub_markers"
"supabase","igecap-enfermagem-processo-de-enfermagem-1780004293191-4","Cuidados na Administração de Medicamentos","","stub_markers"
"supabase","igecap-enfermagem-processo-de-enfermagem-1780004293191-5","Enfermagem em Central de Material e Esterilização (CME)","","stub_markers"
"supabase","igecap-enfermagem-processo-de-enfermagem-1780004293191-6","Verificação de Sinais Vitais","","stub_markers"
"supabase","igecap-enfermagem-processo-de-enfermagem-1780004293191-7","Processo de Enfermagem","","stub_markers"
"supabase","igecap-enfermagem-processo-de-enfermagem-1780004293191-8","Medidas de Prevenção e Precaução de Contato","","stub_markers"
"supabase","igecap-enfermagem-processo-de-enfermagem-1780004452857-0","Doenças Parasitárias e Zoonoses","","stub_markers"
"supabase","igecap-enfermagem-processo-de-enfermagem-1780004452857-1","Verificação de Sinais Vitais","","stub_markers"
"supabase","igecap-enfermagem-processo-de-enfermagem-1780004452857-2","Epidemiologia e Vigilância Epidemiológica","","stub_markers"
"supabase","igecap-enfermagem-processo-de-enfermagem-1780004452857-3","Doenças Respiratórias Crônicas (Asma, DPOC)","","stub_markers"
"supabase","igecap-enfermagem-processo-de-enfermagem-1780007230169-8","Urgências e Emergências","","stub_markers"
"supabase","igecap-enfermagem-processo-de-enfermagem-1780007230169-9","Urgências e Emergências","","stub_markers"
"supabase","igeduc-enfermagem-imunizacao-1779563975447-8","Imunização","","molde_golden_rule_sem_rows"
"supabase","igeduc-enfermagem-imunizacao-1779563992006-0","Imunização","","molde_golden_rule_sem_rows"
"supabase","igeduc-enfermagem-imunizacao-1779564035545-0","Imunização","","molde_golden_rule_sem_rows"
"supabase","igeduc-enfermagem-imunizacao-1779564035545-1","Imunização","","molde_golden_rule_sem_rows"
"supabase","igeduc-enfermagem-imunizacao-1779564035545-2","Imunização","","molde_golden_rule_sem_rows"
"supabase","igeduc-enfermagem-imunizacao-1779564040128-4","Imunização","","molde_golden_rule_sem_rows"
"supabase","igeduc-enfermagem-imunizacao-1779564040128-5","Imunização","","molde_golden_rule_sem_rows"
"supabase","igeduc-enfermagem-imunizacao-1779564044052-6","Imunização","","molde_golden_rule_sem_rows"
"supabase","igeduc-enfermagem-imunizacao-1779564044052-7","Imunização","","molde_golden_rule_sem_rows"
"supabase","igeduc-enfermagem-imunizacao-1779564048247-0","Imunização","","molde_golden_rule_sem_rows"
"supabase","igeduc-enfermagem-imunizacao-1779564048247-1","Imunização","","molde_golden_rule_sem_rows"
"supabase","igeduc-enfermagem-imunizacao-1779564048247-2","Imunização","","molde_golden_rule_sem_rows"
"supabase","igeduc-enfermagem-imunizacao-1779564048247-3","Imunização","","molde_golden_rule_sem_rows"
"supabase","igeduc-enfermagem-imunizacao-1779564059030-7","Imunização","","molde_golden_rule_sem_rows"
"supabase","igeduc-enfermagem-imunizacao-1779564059030-8","Imunização","","molde_golden_rule_sem_rows"
"supabase","igeduc-enfermagem-imunizacao-1779564059030-9","Imunização","","molde_golden_rule_sem_rows"
"supabase","igeduc-enfermagem-processo-de-enfermagem-1780001148264-3","Doenças Virais de Interesse Epidemiológico (Covid, Influenza, Sarampo, Polio etc.)","","stub_markers"
"supabase","igeduc-enfermagem-processo-de-enfermagem-1780009392850-5","Urgências e Emergências","","stub_markers"
"supabase","igeduc-enfermagem-processo-de-enfermagem-1780009392850-6","Epidemiologia e Vigilância Epidemiológica","","stub_markers"
"supabase","igeduc-enfermagem-processo-de-enfermagem-1780009392850-7","Cuidados na Administração de Medicamentos","","stub_markers"
"supabase","igeduc-enfermagem-processo-de-enfermagem-1780010559720-0","Atenção Básica / Saúde da Família","","stub_markers"
"supabase","igeduc-enfermagem-processo-de-enfermagem-1780010559720-3","Atenção Básica / Saúde da Família","","stub_markers"
"supabase","igeduc-enfermagem-processo-de-enfermagem-1780010559720-4","Medidas de Prevenção e Precaução de Contato","","stub_markers"
"supabase","igeduc-enfermagem-processo-de-enfermagem-1780010559720-5","Medidas de Prevenção e Precaução de Contato","","stub_markers"
"supabase","igeduc-enfermagem-processo-de-enfermagem-1780010559720-6","Atenção Básica / Saúde da Família","","stub_markers"
"supabase","igeduc-enfermagem-processo-de-enfermagem-1780010559720-7","Segurança do Paciente","","stub_markers"
"supabase","igeduc-enfermagem-processo-de-enfermagem-1780010559720-8","Atenção Básica / Saúde da Família","","stub_markers"
"supabase","igeduc-enfermagem-processo-de-enfermagem-1780010566816-0","Cálculo de Administração de Medicamentos e Infusões","","stub_markers"
"supabase","igeduc-enfermagem-processo-de-enfermagem-1780010566816-2","Vias de Administração","","stub_markers"
"supabase","igeduc-enfermagem-processo-de-enfermagem-1780010566816-3","Mobilização e Posicionamento do Paciente","","stub_markers"
"supabase","igeduc-enfermagem-processo-de-enfermagem-1780010917301-2","Cuidados na Administração de Medicamentos","","stub_markers"
"supabase","igeduc-enfermagem-processo-de-enfermagem-1780010917301-3","Medidas de Prevenção e Precaução de Contato","","stub_markers"
"supabase","igeduc-enfermagem-processo-de-enfermagem-1780010917301-4","Processo de Enfermagem","","stub_markers"
"supabase","igeduc-enfermagem-processo-de-enfermagem-1780010917301-5","Instalação e Manejo de Sondas","","stub_markers"
"supabase","igeduc-enfermagem-processo-de-enfermagem-1780010917301-6","Cuidados na Administração de Medicamentos","","stub_markers"
"supabase","igeduc-enfermagem-processo-de-enfermagem-1780010917301-8","Oxigenoterapia e Cuidados Respiratórios","","stub_markers"
"supabase","igeduc-enfermagem-processo-de-enfermagem-1780011859940-0","Mobilização e Posicionamento do Paciente","","stub_markers"
"supabase","igeduc-enfermagem-processo-de-enfermagem-1780011859940-1","Instalação e Manejo de Sondas","","stub_markers"
"supabase","igeduc-enfermagem-processo-de-enfermagem-1780011859940-2","Oxigenoterapia e Cuidados Respiratórios","","stub_markers"
"supabase","igeduc-enfermagem-processo-de-enfermagem-1780011859940-3","Curativos e Manejo de Feridas","","stub_markers"
"supabase","igeduc-enfermagem-processo-de-enfermagem-1780011872350-9","Mobilização e Posicionamento do Paciente","","stub_markers"
"supabase","igeduc-enfermagem-processo-de-enfermagem-1780011879977-0","Infecções no Contexto da Biossegurança","","stub_markers"
"supabase","igeduc-enfermagem-processo-de-enfermagem-1780011879977-1","Urgências e Emergências","","stub_markers"
"supabase","igeduc-enfermagem-processo-de-enfermagem-1780011879977-2","Cuidados na Administração de Medicamentos","","stub_markers"
"supabase","igeduc-enfermagem-processo-de-enfermagem-1780011879977-3","Verificação de Sinais Vitais","","stub_markers"
"supabase","igeduc-enfermagem-urgencias-e-emergencias-1777104024064-3","Imunização","","molde_golden_rule_sem_rows"
"supabase","igeduc-enfermagem-urgencias-e-emergencias-1777104031822-1","Infecções Sexualmente Transmissíveis (ISTs)","","molde_golden_rule_sem_rows"
"supabase","igeduc-enfermagem-urgencias-e-emergencias-1780001220945-7","Urgências e Emergências","","stub_markers"
"supabase","igeduc-enfermagem-urgencias-e-emergencias-1780001220945-8","Urgências e Emergências","","stub_markers"
"supabase","igeduc-enfermagem-urgencias-e-emergencias-1780001220945-9","Urgências e Emergências","","stub_markers"
"supabase","igeduc-enfermagem-urgencias-e-emergencias-1780001297464-1","Urgências e Emergências","","stub_markers"
"supabase","igeduc-enfermagem-urgencias-e-emergencias-1780001297464-2","Urgências e Emergências","","stub_markers"
"supabase","igeduc-enfermagem-urgencias-e-emergencias-1780001297464-3","Urgências e Emergências","","stub_markers"
"supabase","imparh-enfermagem-calculo-de-administracao-de-medicamentos-e-infusoes-1776056274291-1","Cálculo de Administração de Medicamentos e Infusões","","molde_golden_rule_sem_rows"
"supabase","imparh-enfermagem-calculo-de-administracao-de-medicamentos-e-infusoes-1776056274291-2","Cálculo de Administração de Medicamentos e Infusões","","molde_golden_rule_sem_rows"
"supabase","imparh-enfermagem-nocoes-de-anatomia-1775448491347-5","Verificação de Sinais Vitais","","molde_golden_rule_sem_rows"
"supabase","imparh-enfermagem-oxigenoterapia-e-cuidados-respiratorios-1779344688622-1","Oxigenoterapia e Cuidados Respiratórios","","molde_golden_rule_sem_rows"
"supabase","imparh-enfermagem-oxigenoterapia-e-cuidados-respiratorios-1779344701804-6","Oxigenoterapia e Cuidados Respiratórios","","molde_golden_rule_sem_rows"
"supabase","imparh-enfermagem-verificacao-de-sinais-vitais-1779344122526-5","Verificação de Sinais Vitais","","molde_concept_map_sem_items"
"supabase","imparh-enfermagem-verificacao-de-sinais-vitais-1779344196733-4","Verificação de Sinais Vitais","","molde_concept_map_sem_items"
"supabase","inaz-do-para-enfermagem-nocoes-de-anatomia-1775448275334-4","Vias de Administração","","molde_golden_rule_sem_rows;molde_danger_zone_sem_correct"
"supabase","inaz-do-para-enfermagem-nocoes-de-fisiologia-1775501938701-3","Verificação de Sinais Vitais","","molde_golden_rule_sem_rows"
"supabase","inaz-do-para-enfermagem-processo-de-enfermagem-1776056140199-7","Processo de Enfermagem","","stub_markers;molde_golden_rule_sem_rows"
"supabase","inaz-do-para-enfermagem-processo-de-enfermagem-1780011915153-9","Segurança do Paciente","","stub_markers"
"supabase","inaz-do-para-enfermagem-processo-de-enfermagem-1780011947286-0","Verificação de Sinais Vitais","","stub_markers"
"supabase","inaz-do-para-enfermagem-processo-de-enfermagem-1780011947286-2","Segurança do Paciente","","stub_markers"
"supabase","inaz-do-para-enfermagem-processo-de-enfermagem-1780011947286-3","Processo de Enfermagem","","stub_markers"
"supabase","inaz-do-para-enfermagem-processo-de-enfermagem-1780011947286-4","Processo de Enfermagem","","stub_markers"
"supabase","inaz-do-para-enfermagem-processo-de-enfermagem-1780011947286-5","Processo de Enfermagem","","stub_markers"
"supabase","inaz-do-para-enfermagem-processo-de-enfermagem-1780011947286-7","Infecções no Contexto da Biossegurança","","stub_markers"
"supabase","inaz-do-para-enfermagem-processo-de-enfermagem-1780011947286-8","Urgências e Emergências","","stub_markers"
"supabase","inaz-do-para-enfermagem-processo-de-enfermagem-1780011947286-9","Segurança do Paciente","","stub_markers"
"supabase","inaz-do-para-enfermagem-processo-de-enfermagem-1780011956256-0","Processo de Enfermagem","","stub_markers"
"supabase","inaz-do-para-enfermagem-processo-de-enfermagem-1780011956256-1","Assistência Perioperatória (Inclui SRPA)","","stub_markers"
"supabase","inaz-do-para-enfermagem-processo-de-enfermagem-1780011956256-2","Urgências e Emergências","","stub_markers"
"supabase","inaz-do-para-enfermagem-processo-de-enfermagem-1780011956256-3","Atenção Básica / Saúde da Família","","stub_markers"
"supabase","inaz-do-para-enfermagem-teorias-em-enfermagem-1776055843703-1","Processo de Enfermagem","","molde_golden_rule_sem_rows"
"supabase","instituto-access-enfermagem-oxigenoterapia-e-cuidados-respiratorios-1776056641612-2","Oxigenoterapia e Cuidados Respiratórios","","molde_golden_rule_sem_rows"
"supabase","instituto-access-enfermagem-oxigenoterapia-e-cuidados-respiratorios-1776056641612-6","Oxigenoterapia e Cuidados Respiratórios","","molde_golden_rule_sem_rows"
"supabase","instituto-access-enfermagem-oxigenoterapia-e-cuidados-respiratorios-1776056641612-7","Oxigenoterapia e Cuidados Respiratórios","","molde_golden_rule_sem_rows"
"supabase","instituto-access-enfermagem-processo-de-enfermagem-1776056140199-2","Processo de Enfermagem","","stub_markers;molde_golden_rule_sem_rows"
"supabase","instituto-access-enfermagem-processo-de-enfermagem-1780005791580-9","Cuidados na Administração de Medicamentos","","stub_markers"
"supabase","instituto-access-enfermagem-processo-de-enfermagem-1780005797734-0","Urgências e Emergências","","stub_markers"
"supabase","instituto-access-enfermagem-processo-de-enfermagem-1780005797734-1","Assistência Perioperatória (Inclui SRPA)","","stub_markers"
"supabase","instituto-access-enfermagem-processo-de-enfermagem-1780005797734-3","Saúde da Criança","","stub_markers"
"supabase","instituto-access-enfermagem-processo-de-enfermagem-1780005797734-4","Verificação de Sinais Vitais","","stub_markers"
"supabase","instituto-access-enfermagem-processo-de-enfermagem-1780005797734-5","Saúde da Mulher","","stub_markers"
"supabase","instituto-access-enfermagem-processo-de-enfermagem-1780005797734-6","Segurança do Paciente","","stub_markers"
"supabase","instituto-access-enfermagem-processo-de-enfermagem-1780005797734-7","Atenção Básica / Saúde da Família","","stub_markers"
"supabase","instituto-access-enfermagem-processo-de-enfermagem-1780005797734-8","Doenças Respiratórias Crônicas (Asma, DPOC)","","stub_markers"
"supabase","instituto-access-enfermagem-urgencias-e-emergencias-1777104000896-5","Urgências e Emergências","","stub_markers"
"supabase","instituto-access-enfermagem-urgencias-e-emergencias-1777104000896-6","Urgências e Emergências","","stub_markers"
"supabase","instituto-access-enfermagem-urgencias-e-emergencias-1777104000896-7","Urgências e Emergências","","stub_markers"
"supabase","instituto-access-enfermagem-urgencias-e-emergencias-1777104000896-8","Urgências e Emergências","","stub_markers"
"supabase","instituto-access-enfermagem-urgencias-e-emergencias-1777104007115-0","Urgências e Emergências","","stub_markers"
"supabase","instituto-access-enfermagem-urgencias-e-emergencias-1777104007115-1","Urgências e Emergências","","stub_markers"
"supabase","instituto-access-enfermagem-urgencias-e-emergencias-1777104007115-2","Urgências e Emergências","","stub_markers"
"supabase","instituto-access-enfermagem-urgencias-e-emergencias-1777104007115-3","Urgências e Emergências","","stub_markers"
"supabase","instituto-aocp-enfermagem-calculo-de-administracao-de-medicamentos-e-infusoes-1776056265348-3","Cálculo de Administração de Medicamentos e Infusões","","molde_concept_map_sem_items;molde_golden_rule_sem_rows"
"supabase","instituto-aocp-enfermagem-calculo-de-administracao-de-medicamentos-e-infusoes-1776056265348-4","Cálculo de Administração de Medicamentos e Infusões","","molde_concept_map_sem_items;molde_golden_rule_sem_rows"
"supabase","instituto-aocp-enfermagem-calculo-de-administracao-de-medicamentos-e-infusoes-1776056265348-5","Cálculo de Administração de Medicamentos e Infusões","","molde_concept_map_sem_items;molde_golden_rule_sem_rows"
"supabase","instituto-aocp-enfermagem-calculo-de-administracao-de-medicamentos-e-infusoes-1776056284398-2","Cálculo de Administração de Medicamentos e Infusões","","molde_concept_map_sem_items;molde_golden_rule_sem_rows"
"supabase","instituto-aocp-enfermagem-oxigenoterapia-e-cuidados-respiratorios-1779344718151-6","Oxigenoterapia e Cuidados Respiratórios","","molde_golden_rule_sem_rows"
"supabase","instituto-aocp-enfermagem-processo-de-enfermagem-1776056140199-3","Processo de Enfermagem","","stub_markers;molde_golden_rule_sem_rows"
"supabase","instituto-aocp-enfermagem-processo-de-enfermagem-1776056140199-4","Processo de Enfermagem","","stub_markers;molde_golden_rule_sem_rows"
"supabase","instituto-aocp-enfermagem-processo-de-enfermagem-1780003868364-7","Cuidados na Administração de Medicamentos","","stub_markers"
"supabase","instituto-aocp-enfermagem-processo-de-enfermagem-1780003868364-8","Processo de Enfermagem","","stub_markers"
"supabase","instituto-aocp-enfermagem-processo-de-enfermagem-1780003868364-9","História da Enfermagem","","stub_markers"
"supabase","instituto-aocp-enfermagem-processo-de-enfermagem-1780003950945-0","Cálculo de Administração de Medicamentos e Infusões","","stub_markers"
"supabase","instituto-aocp-enfermagem-processo-de-enfermagem-1780003950945-1","Cuidados na Administração de Medicamentos","","stub_markers"
"supabase","instituto-aocp-enfermagem-processo-de-enfermagem-1780003950945-2","Farmacodinâmica e Farmacocinética","","stub_markers"
"supabase","instituto-aocp-enfermagem-processo-de-enfermagem-1780003950945-3","Cuidados na Administração de Medicamentos","","stub_markers"
"supabase","instituto-aocp-enfermagem-processo-de-enfermagem-1780003950945-6","Epidemiologia e Vigilância Epidemiológica","","stub_markers"
"supabase","instituto-aocp-enfermagem-processo-de-enfermagem-1780003950945-7","Epidemiologia e Vigilância Epidemiológica","","stub_markers"
"supabase","instituto-aocp-enfermagem-processo-de-enfermagem-1780003950945-9","Urgências e Emergências","","stub_markers"
"supabase","instituto-aocp-enfermagem-processo-de-enfermagem-1780004272097-0","Feridas e Queimaduras","","stub_markers"
"supabase","instituto-aocp-enfermagem-processo-de-enfermagem-1780004272097-1","Outras Questões e Questões Mescladas sobre Doenças Crônicas Não Transmissíveis","","stub_markers"
"supabase","instituto-aocp-enfermagem-processo-de-enfermagem-1780004272097-2","Saúde Mental","","stub_markers"
"supabase","instituto-aocp-enfermagem-processo-de-enfermagem-1780004272097-3","Urgências e Emergências","","stub_markers"
"supabase","instituto-aocp-enfermagem-processo-de-enfermagem-1780004272097-4","Enfermagem em Central de Material e Esterilização (CME)","","stub_markers"
"supabase","instituto-aocp-enfermagem-processo-de-enfermagem-1780004272097-5","Mobilização e Posicionamento do Paciente","","stub_markers"
"supabase","instituto-aocp-enfermagem-processo-de-enfermagem-1780004272097-6","Verificação de Sinais Vitais","","stub_markers"
"supabase","instituto-aocp-enfermagem-processo-de-enfermagem-1780004272097-7","Atenção Básica / Saúde da Família","","stub_markers"
"supabase","instituto-aocp-enfermagem-processo-de-enfermagem-1780004272097-8","Saúde da Mulher","","stub_markers"
"supabase","instituto-aocp-enfermagem-processo-de-enfermagem-1780005320352-9","Processo de Enfermagem","","stub_markers"
"supabase","instituto-aocp-enfermagem-processo-de-enfermagem-1780005540776-2","Procedimentos Diversos","","stub_markers"
"supabase","instituto-aocp-enfermagem-processo-de-enfermagem-1780005540776-3","Noções de Anatomia","","stub_markers"
"supabase","instituto-aocp-enfermagem-processo-de-enfermagem-1780005540776-4","Cálculo de Administração de Medicamentos e Infusões","","stub_markers"
"supabase","instituto-aocp-enfermagem-processo-de-enfermagem-1780005540776-5","Doenças Parasitárias e Zoonoses","","stub_markers"
"supabase","instituto-aocp-enfermagem-processo-de-enfermagem-1780005540776-6","Doenças Bacterianas e Fúngicas (Tuberculose, Tétano, Candidíase etc.)","","stub_markers"
"supabase","instituto-aocp-enfermagem-processo-de-enfermagem-1780005540776-7","Oxigenoterapia e Cuidados Respiratórios","","stub_markers"
"supabase","instituto-aocp-enfermagem-processo-de-enfermagem-1780005540776-8","Saúde da Criança","","stub_markers"
"supabase","instituto-aocp-enfermagem-processo-de-enfermagem-1780005540776-9","Saúde da Mulher","","stub_markers"
"supabase","instituto-aocp-enfermagem-processo-de-enfermagem-1780005550040-0","Cuidados na Administração de Medicamentos","","stub_markers"
"supabase","instituto-aocp-enfermagem-processo-de-enfermagem-1780005550040-1","Saúde Mental","","stub_markers"
"supabase","instituto-aocp-enfermagem-processo-de-enfermagem-1780005550040-3","Urgências e Emergências","","stub_markers"
"supabase","instituto-aocp-enfermagem-processo-de-enfermagem-1780005550040-4","Verificação de Sinais Vitais","","stub_markers"
"supabase","instituto-aocp-enfermagem-processo-de-enfermagem-1780005550040-5","Cuidados na Administração de Medicamentos","","stub_markers"
"supabase","instituto-aocp-enfermagem-processo-de-enfermagem-1780005550040-6","Assistência Perioperatória (Inclui SRPA)","","stub_markers"
"supabase","instituto-aocp-enfermagem-processo-de-enfermagem-1780005550040-7","Assistência Perioperatória (Inclui SRPA)","","stub_markers"
"supabase","instituto-aocp-enfermagem-processo-de-enfermagem-1780005550040-8","Urgências e Emergências","","stub_markers"
"supabase","instituto-aocp-enfermagem-processo-de-enfermagem-1780005550040-9","Farmacodinâmica e Farmacocinética","","stub_markers"
"supabase","instituto-aocp-enfermagem-processo-de-enfermagem-1780005556782-0","Enfermagem em Central de Material e Esterilização (CME)","","stub_markers"
"supabase","instituto-aocp-enfermagem-processo-de-enfermagem-1780005556782-1","Processo de Enfermagem","","stub_markers"
"supabase","instituto-aocp-enfermagem-processo-de-enfermagem-1780005556782-2","Medidas de Prevenção e Precaução de Contato","","stub_markers"
"supabase","instituto-aocp-enfermagem-processo-de-enfermagem-1780005556782-3","Mobilização e Posicionamento do Paciente","","stub_markers"
"supabase","instituto-aocp-enfermagem-saude-da-mulher-1777104323066-1","Infecções Sexualmente Transmissíveis (ISTs)","","molde_golden_rule_sem_rows"
"supabase","instituto-consulpam-enfermagem-imunizacao-1779564109452-5","Imunização","","molde_golden_rule_sem_rows"
"supabase","instituto-consulpam-enfermagem-oxigenoterapia-e-cuidados-respiratorios-1779344707320-1","Oxigenoterapia e Cuidados Respiratórios","","molde_golden_rule_sem_rows"
"supabase","instituto-consulpam-enfermagem-processo-de-enfermagem-1776056149404-6","Processo de Enfermagem","","stub_markers;molde_golden_rule_sem_rows"
"supabase","instituto-consulpam-enfermagem-processo-de-enfermagem-1780005311822-3","Urgências e Emergências","","stub_markers"
"supabase","instituto-consulpam-enfermagem-processo-de-enfermagem-1780005311822-4","Urgências e Emergências","","stub_markers"
"supabase","instituto-consulpam-enfermagem-processo-de-enfermagem-1780005311822-5","Saúde da Mulher","","stub_markers"
"supabase","instituto-consulpam-enfermagem-processo-de-enfermagem-1780005311822-6","Saúde da Mulher","","stub_markers"
"supabase","instituto-consulpam-enfermagem-processo-de-enfermagem-1780005311822-7","Oxigenoterapia e Cuidados Respiratórios","","stub_markers"
"supabase","instituto-consulpam-enfermagem-processo-de-enfermagem-1780005311822-9","Cuidados na Administração de Medicamentos","","stub_markers"
"supabase","instituto-consulpam-enfermagem-processo-de-enfermagem-1780005320352-0","Processo de Enfermagem","","stub_markers"
"supabase","instituto-consulpam-enfermagem-processo-de-enfermagem-1780005320352-1","Mobilização e Posicionamento do Paciente","","stub_markers"
"supabase","instituto-consulpam-enfermagem-processo-de-enfermagem-1780005320352-2","Mobilização e Posicionamento do Paciente","","stub_markers"
"supabase","instituto-consulpam-enfermagem-processo-de-enfermagem-1780005320352-3","Mobilização e Posicionamento do Paciente","","stub_markers"
"supabase","instituto-consulpam-enfermagem-processo-de-enfermagem-1780005320352-4","Verificação de Sinais Vitais","","stub_markers"
"supabase","instituto-consulpam-enfermagem-processo-de-enfermagem-1780005320352-5","Processo de Enfermagem","","stub_markers"
"supabase","instituto-consulpam-enfermagem-processo-de-enfermagem-1780006480333-9","Cuidados na Administração de Medicamentos","","stub_markers"
"supabase","instituto-consulpam-enfermagem-processo-de-enfermagem-1780006486032-0","Verificação de Sinais Vitais","","stub_markers"
"supabase","instituto-consulpam-enfermagem-processo-de-enfermagem-1780006486032-1","Verificação de Sinais Vitais","","stub_markers"
"supabase","instituto-consulpam-enfermagem-processo-de-enfermagem-1780006486032-2","Mobilização e Posicionamento do Paciente","","stub_markers"
"supabase","instituto-consulpam-enfermagem-processo-de-enfermagem-1780006486032-3","Cálculo de Administração de Medicamentos e Infusões","","stub_markers"
"supabase","instituto-consulpam-enfermagem-processo-de-enfermagem-1780006486032-4","Vias de Administração","","stub_markers"
"supabase","instituto-consulpam-enfermagem-processo-de-enfermagem-1780006962671-7","Verificação de Sinais Vitais","","stub_markers"
"supabase","instituto-consulpam-enfermagem-processo-de-enfermagem-1780006962671-8","Verificação de Sinais Vitais","","stub_markers"
"supabase","instituto-consulpam-enfermagem-processo-de-enfermagem-1780006962671-9","Urgências e Emergências","","stub_markers"
"supabase","instituto-consulpam-enfermagem-processo-de-enfermagem-1780006969552-0","Urgências e Emergências","","stub_markers"
"supabase","instituto-consulpam-enfermagem-urgencias-e-emergencias-1777103981770-0","Urgências e Emergências","","stub_markers"
"supabase","instituto-consulpam-enfermagem-urgencias-e-emergencias-1777103981770-1","Urgências e Emergências","","stub_markers"
"supabase","instituto-consulpam-enfermagem-verificacao-de-sinais-vitais-1779344127707-6","Verificação de Sinais Vitais","","molde_concept_map_sem_items;molde_logic_flow_sem_steps"
"supabase","instituto-consulplan-enfermagem-imunizacao-1777103222102-2","Imunização","","molde_golden_rule_sem_rows"
"supabase","instituto-consulplan-enfermagem-imunizacao-1779564053668-2","Imunização","","molde_golden_rule_sem_rows"
"supabase","instituto-consulplan-enfermagem-imunizacao-1779564090395-0","Imunização","","molde_golden_rule_sem_rows"
"supabase","instituto-consulplan-enfermagem-nocoes-de-anatomia-1775448440742-3","Vias de Administração","","molde_golden_rule_sem_rows;molde_danger_zone_sem_correct"
"supabase","instituto-consulplan-enfermagem-oxigenoterapia-e-cuidados-respiratorios-1779344701804-4","Oxigenoterapia e Cuidados Respiratórios","","molde_golden_rule_sem_rows"
"supabase","instituto-consulplan-enfermagem-oxigenoterapia-e-cuidados-respiratorios-1779344707320-6","Oxigenoterapia e Cuidados Respiratórios","","molde_golden_rule_sem_rows"
"supabase","instituto-consulplan-enfermagem-oxigenoterapia-e-cuidados-respiratorios-1779344707320-7","Oxigenoterapia e Cuidados Respiratórios","","molde_golden_rule_sem_rows"
"supabase","instituto-consulplan-enfermagem-processo-de-enfermagem-1776055865890-8","Processo de Enfermagem","","stub_markers;molde_golden_rule_sem_rows"
"supabase","instituto-consulplan-enfermagem-processo-de-enfermagem-1776056021381-1","Processo de Enfermagem","","stub_markers;molde_golden_rule_sem_rows"
"supabase","instituto-consulplan-enfermagem-saude-da-mulher-1777104235003-6","Infecções Sexualmente Transmissíveis (ISTs)","","molde_golden_rule_sem_rows"
"supabase","instituto-consulplan-enfermagem-urgencias-e-emergencias-1777104056718-5","Urgências e Emergências","","stub_markers"
"supabase","instituto-consulplan-enfermagem-urgencias-e-emergencias-1777104083571-5","Urgências e Emergências","","stub_markers"
"supabase","instituto-consulplan-enfermagem-urgencias-e-emergencias-1777104083571-6","Urgências e Emergências","","stub_markers"
"supabase","instituto-consulplan-enfermagem-urgencias-e-emergencias-1777104083571-7","Urgências e Emergências","","stub_markers"
"supabase","instituto-consulplan-enfermagem-urgencias-e-emergencias-1777104083571-8","Urgências e Emergências","","stub_markers"
"supabase","instituto-consulplan-enfermagem-urgencias-e-emergencias-1777104090044-3","Urgências e Emergências","","stub_markers"
"supabase","instituto-consulplan-enfermagem-urgencias-e-emergencias-1777104090044-4","Urgências e Emergências","","stub_markers"
"supabase","instituto-consulplan-enfermagem-urgencias-e-emergencias-1777104090044-5","Urgências e Emergências","","stub_markers"
"supabase","instituto-consulplan-enfermagem-urgencias-e-emergencias-1777104090044-6","Urgências e Emergências","","stub_markers"
"supabase","instituto-consulplan-enfermagem-urgencias-e-emergencias-1777104090044-7","Urgências e Emergências","","stub_markers"
"supabase","instituto-consulplan-enfermagem-urgencias-e-emergencias-1777104090044-8","Urgências e Emergências","","stub_markers"
"supabase","instituto-consulplan-enfermagem-urgencias-e-emergencias-1777104096594-0","Urgências e Emergências","","stub_markers"
"supabase","instituto-consulplan-enfermagem-urgencias-e-emergencias-1777104096594-1","Urgências e Emergências","","stub_markers"
"supabase","instituto-consulplan-enfermagem-urgencias-e-emergencias-1777104096594-2","Urgências e Emergências","","stub_markers"
"supabase","instituto-consulplan-enfermagem-urgencias-e-emergencias-1777104096594-3","Urgências e Emergências","","stub_markers"
"supabase","instituto-consulplan-enfermagem-urgencias-e-emergencias-1777104096594-4","Outras Questões e Questões Mescladas sobre Doenças Crônicas Não Transmissíveis","","stub_markers"
"supabase","instituto-consulplan-enfermagem-urgencias-e-emergencias-1777104096594-5","Urgências e Emergências","","stub_markers"
"supabase","instituto-consulplan-enfermagem-urgencias-e-emergencias-1777104096594-6","Urgências e Emergências","","stub_markers"
"supabase","instituto-consulplan-enfermagem-urgencias-e-emergencias-1777104096594-7","Urgências e Emergências","","stub_markers"
"supabase","instituto-darwin-enfermagem-cuidados-na-administracao-de-medicamentos-1778969633568-7","Vias de Administração","","molde_concept_map_sem_items;molde_golden_rule_sem_rows"
"supabase","instituto-darwin-enfermagem-processo-de-enfermagem-1776056140199-1","Processo de Enfermagem","","stub_markers;molde_golden_rule_sem_rows"
"supabase","instituto-iacp-enfermagem-oxigenoterapia-e-cuidados-respiratorios-1779344645032-4","Oxigenoterapia e Cuidados Respiratórios","","molde_golden_rule_sem_rows"
"supabase","instituto-iacp-enfermagem-processo-de-enfermagem-1780001903454-4","Noções de Fisiologia","","stub_markers"
"supabase","instituto-iacp-enfermagem-processo-de-enfermagem-1780001903454-5","Instalação e Manejo de Sondas","","stub_markers"
"supabase","instituto-iacp-enfermagem-processo-de-enfermagem-1780001903454-7","Enfermagem em Central de Material e Esterilização (CME)","","stub_markers"
"supabase","instituto-iacp-enfermagem-processo-de-enfermagem-1780001903454-8","Processo de Enfermagem","","stub_markers"
"supabase","instituto-iacp-enfermagem-processo-de-enfermagem-1780001903454-9","Cuidados na Administração de Medicamentos","","stub_markers"
"supabase","instituto-iacp-enfermagem-processo-de-enfermagem-1780001988576-0","Oxigenoterapia e Cuidados Respiratórios","","stub_markers"
"supabase","instituto-iacp-enfermagem-processo-de-enfermagem-1780001988576-2","Oxigenoterapia e Cuidados Respiratórios","","stub_markers"
"supabase","instituto-iacp-enfermagem-processo-de-enfermagem-1780001988576-3","Oxigenoterapia e Cuidados Respiratórios","","stub_markers"
"supabase","instituto-iacp-enfermagem-processo-de-enfermagem-1780003349182-2","Verificação de Sinais Vitais","","stub_markers"
"supabase","instituto-iacp-enfermagem-processo-de-enfermagem-1780003349182-4","Enfermagem em Central de Material e Esterilização (CME)","","stub_markers"
"supabase","instituto-iacp-enfermagem-processo-de-enfermagem-1780003349182-5","Vias de Administração","","stub_markers"
"supabase","instituto-iacp-enfermagem-processo-de-enfermagem-1780003349182-6","Oxigenoterapia e Cuidados Respiratórios","","stub_markers"
"supabase","instituto-iacp-enfermagem-processo-de-enfermagem-1780003349182-9","Medidas de Prevenção e Precaução de Contato","","stub_markers"
"supabase","instituto-iacp-enfermagem-processo-de-enfermagem-1780003637054-1","Cuidados na Administração de Medicamentos","","stub_markers"
"supabase","instituto-iacp-enfermagem-processo-de-enfermagem-1780004272097-9","Noções de Fisiologia","","stub_markers"
"supabase","instituto-iacp-enfermagem-processo-de-enfermagem-1780004280851-1","Enfermagem em Central de Material e Esterilização (CME)","","stub_markers"
"supabase","instituto-iacp-enfermagem-processo-de-enfermagem-1780004280851-2","Outras Questões e Questões Mescladas sobre Doenças Crônicas Não Transmissíveis","","stub_markers"
"supabase","instituto-iacp-enfermagem-processo-de-enfermagem-1780004280851-3","Verificação de Sinais Vitais","","stub_markers"
"supabase","instituto-iacp-enfermagem-processo-de-enfermagem-1780004280851-4","Vias de Administração","","stub_markers"
"supabase","instituto-iacp-enfermagem-processo-de-enfermagem-1780004280851-6","Doenças Respiratórias Crônicas (Asma, DPOC)","","stub_markers"
"supabase","instituto-iacp-enfermagem-processo-de-enfermagem-1780004280851-7","Oxigenoterapia e Cuidados Respiratórios","","stub_markers"
"supabase","instituto-iacp-enfermagem-processo-de-enfermagem-1780004280851-8","Instalação e Manejo de Sondas","","stub_markers"
"supabase","instituto-ibed-enfermagem-processo-de-enfermagem-1780004917460-3","Imunização","","molde_golden_rule_sem_rows"
"supabase","instituto-ibed-enfermagem-processo-de-enfermagem-1780004917460-4","Curativos e Manejo de Feridas","","molde_golden_rule_sem_rows"
"supabase","instituto-ibed-enfermagem-processo-de-enfermagem-1780004917460-8","Instalação e Manejo de Sondas","","stub_markers"
"supabase","instituto-jk-enfermagem-oxigenoterapia-e-cuidados-respiratorios-1779344637595-3","Verificação de Sinais Vitais","","molde_golden_rule_sem_rows"
"supabase","instituto-jk-enfermagem-oxigenoterapia-e-cuidados-respiratorios-1779344637595-4","Oxigenoterapia e Cuidados Respiratórios","","molde_golden_rule_sem_rows"
"supabase","instituto-seletiva-enfermagem-urgencias-e-emergencias-1777103976379-6","Urgências e Emergências","","stub_markers"
"supabase","instituto-verbena-enfermagem-oxigenoterapia-e-cuidados-respiratorios-1779344712561-1","Verificação de Sinais Vitais","","molde_golden_rule_sem_rows"
"supabase","instituto-verbena-enfermagem-processo-de-enfermagem-1776056140199-6","Processo de Enfermagem","","stub_markers;molde_golden_rule_sem_rows"
"supabase","instituto-verbena-enfermagem-processo-de-enfermagem-1776056149404-1","Processo de Enfermagem","","stub_markers;molde_golden_rule_sem_rows"
"supabase","instituto-verbena-enfermagem-processo-de-enfermagem-1780002441285-1","Oxigenoterapia e Cuidados Respiratórios","","stub_markers"
"supabase","instituto-verbena-enfermagem-processo-de-enfermagem-1780002441285-2","Epidemiologia e Vigilância Epidemiológica","","stub_markers"
"supabase","instituto-verbena-enfermagem-processo-de-enfermagem-1780002441285-3","Cuidados na Administração de Medicamentos","","stub_markers"
"supabase","instituto-verbena-enfermagem-processo-de-enfermagem-1780008197597-3","Segurança do Paciente","","stub_markers"
"supabase","instituto-verbena-enfermagem-processo-de-enfermagem-1780008197597-4","Processo de Enfermagem","","stub_markers"
"supabase","instituto-verbena-enfermagem-processo-de-enfermagem-1780008197597-5","Mobilização e Posicionamento do Paciente","","stub_markers"
"supabase","instituto-verbena-enfermagem-processo-de-enfermagem-1780008197597-6","Infecções no Contexto da Biossegurança","","stub_markers"
"supabase","instituto-verbena-enfermagem-processo-de-enfermagem-1780008197597-7","Enfermagem em Central de Material e Esterilização (CME)","","stub_markers"
"supabase","instituto-verbena-enfermagem-processo-de-enfermagem-1780008197597-8","Saúde da Criança","","stub_markers"
"supabase","instituto-verbena-enfermagem-processo-de-enfermagem-1780008197597-9","Urgências e Emergências","","stub_markers"
"supabase","instituto-verbena-enfermagem-processo-de-enfermagem-1780008210115-0","Urgências e Emergências","","stub_markers"
"supabase","instituto-verbena-enfermagem-processo-de-enfermagem-1780008210115-1","Saúde da Mulher","","stub_markers"
"supabase","instituto-verbena-enfermagem-processo-de-enfermagem-1780008210115-3","Cálculo de Administração de Medicamentos e Infusões","","stub_markers"
"supabase","instituto-verbena-enfermagem-processo-de-enfermagem-1780008210115-4","Doenças Bacterianas e Fúngicas (Tuberculose, Tétano, Candidíase etc.)","","stub_markers"
"supabase","instituto-verbena-enfermagem-processo-de-enfermagem-1780008210115-5","Noções de Fisiologia","","stub_markers"
"supabase","instituto-verbena-enfermagem-processo-de-enfermagem-1780009303038-0","Mobilização e Posicionamento do Paciente","","stub_markers"
"supabase","instituto-verbena-enfermagem-processo-de-enfermagem-1780009303038-1","Processamento de Artigos e Produtos de Saúde","","stub_markers"
"supabase","instituto-verbena-enfermagem-processo-de-enfermagem-1780009303038-5","Processamento de Artigos e Produtos de Saúde","","stub_markers"
"supabase","instituto-verbena-enfermagem-processo-de-enfermagem-1780009303038-6","Procedimentos Diversos","","stub_markers"
"supabase","instituto-verbena-enfermagem-processo-de-enfermagem-1780009303038-7","Promoção à Saúde e Prevenção de Agravos","","stub_markers"
"supabase","instituto-verbena-enfermagem-processo-de-enfermagem-1780009310940-0","Saúde da Mulher","","stub_markers"
"supabase","instituto-verbena-enfermagem-processo-de-enfermagem-1780009310940-1","Promoção à Saúde e Prevenção de Agravos","","stub_markers"
"supabase","instituto-verbena-enfermagem-puncao-venosa-e-cuidados-com-cateteres-1779340213288-0","Processo de Enfermagem","","molde_golden_rule_sem_rows"
"supabase","instituto-verbena-enfermagem-seguranca-do-paciente-1777102802022-6","Vias de Administração","","molde_golden_rule_sem_rows"
"supabase","instituto-verbena-enfermagem-urgencias-e-emergencias-1777103994618-2","Medidas de Prevenção e Precaução de Contato","","stub_markers"
"supabase","instituto-verbena-enfermagem-urgencias-e-emergencias-1777104031822-2","Urgências e Emergências","","stub_markers"
"supabase","isba-enfermagem-calculo-de-administracao-de-medicamentos-e-infusoes-1776056265348-0","Cálculo de Administração de Medicamentos e Infusões","","molde_concept_map_sem_items;molde_golden_rule_sem_rows"
"supabase","itame-enfermagem-calculo-de-administracao-de-medicamentos-e-infusoes-1776056256294-1","Cálculo de Administração de Medicamentos e Infusões","","molde_concept_map_sem_items;molde_golden_rule_sem_rows"
"supabase","itame-enfermagem-oxigenoterapia-e-cuidados-respiratorios-1776056709494-6","Oxigenoterapia e Cuidados Respiratórios","","molde_golden_rule_sem_rows"
"supabase","itame-enfermagem-oxigenoterapia-e-cuidados-respiratorios-1779344637595-2","Oxigenoterapia e Cuidados Respiratórios","","molde_golden_rule_sem_rows"
"supabase","ivin-enfermagem-calculo-de-administracao-de-medicamentos-e-infusoes-1776056256294-2","Cálculo de Administração de Medicamentos e Infusões","","molde_concept_map_sem_items;molde_golden_rule_sem_rows"
"supabase","ivin-enfermagem-calculo-de-administracao-de-medicamentos-e-infusoes-1776056256294-4","Cálculo de Administração de Medicamentos e Infusões","","molde_concept_map_sem_items;molde_golden_rule_sem_rows"
"supabase","ivin-enfermagem-calculo-de-administracao-de-medicamentos-e-infusoes-1776056256294-5","Cálculo de Administração de Medicamentos e Infusões","","molde_concept_map_sem_items;molde_golden_rule_sem_rows"
"supabase","ivin-enfermagem-enfermagem-em-centro-cirurgico-1777103887798-5","Enfermagem em Centro Cirúrgico","","stub_markers"
"supabase","ivin-enfermagem-oxigenoterapia-e-cuidados-respiratorios-1779344657661-7","Oxigenoterapia e Cuidados Respiratórios","","molde_golden_rule_sem_rows"
"supabase","ivin-enfermagem-urgencias-e-emergencias-1777104048047-8","Farmacodinâmica e Farmacocinética","","stub_markers"
"supabase","ivin-enfermagem-urgencias-e-emergencias-1777104048047-9","Urgências e Emergências","","stub_markers"
"supabase","ivin-enfermagem-urgencias-e-emergencias-1777104056718-0","Outras Questões e Questões Mescladas sobre Doenças Crônicas Não Transmissíveis","","stub_markers"
"supabase","ivin-enfermagem-urgencias-e-emergencias-1777104056718-1","Medidas de Prevenção e Precaução de Contato","","stub_markers"
"supabase","ivin-enfermagem-urgencias-e-emergencias-1777104056718-2","Urgências e Emergências","","stub_markers"
"supabase","ivin-enfermagem-urgencias-e-emergencias-1777104056718-3","Farmacodinâmica e Farmacocinética","","stub_markers"
"supabase","legalle-enfermagem-imunizacao-1779572166628-3","Imunização","","molde_golden_rule_sem_rows"
"supabase","legalle-enfermagem-oxigenoterapia-e-cuidados-respiratorios-1779344742779-4","Verificação de Sinais Vitais","","molde_golden_rule_sem_rows"
"supabase","legalle-enfermagem-processo-de-enfermagem-1780010579953-6","Saúde da Mulher","","stub_markers"
"supabase","legalle-enfermagem-processo-de-enfermagem-1780010579953-7","Saúde da Mulher","","stub_markers"
"supabase","legalle-enfermagem-processo-de-enfermagem-1780010579953-9","Doenças Virais de Interesse Epidemiológico (Covid, Influenza, Sarampo, Polio etc.)","","stub_markers"
"supabase","legalle-enfermagem-processo-de-enfermagem-1780010585356-0","Saúde Mental","","stub_markers"
"supabase","legalle-enfermagem-processo-de-enfermagem-1780010585356-1","Saúde da Mulher","","stub_markers"
"supabase","legalle-enfermagem-processo-de-enfermagem-1780010585356-2","Noções de Fisiologia","","stub_markers"
"supabase","legalle-enfermagem-processo-de-enfermagem-1780010585356-3","Doenças Virais de Interesse Epidemiológico (Covid, Influenza, Sarampo, Polio etc.)","","stub_markers"
"supabase","legalle-enfermagem-processo-de-enfermagem-1780010585356-4","Doenças Virais de Interesse Epidemiológico (Covid, Influenza, Sarampo, Polio etc.)","","stub_markers"
"supabase","legalle-enfermagem-processo-de-enfermagem-1780010585356-5","Noções de Fisiologia","","stub_markers"
"supabase","legalle-enfermagem-processo-de-enfermagem-1780010585356-8","Urgências e Emergências","","stub_markers"
"supabase","legalle-enfermagem-processo-de-enfermagem-1780010585356-9","Doenças Bacterianas e Fúngicas (Tuberculose, Tétano, Candidíase etc.)","","stub_markers"
"supabase","legalle-enfermagem-processo-de-enfermagem-1780010594524-0","Saúde da Mulher","","stub_markers"
"supabase","legalle-enfermagem-processo-de-enfermagem-1780010594524-1","Outras Questões e Questões Mescladas sobre Doenças Crônicas Não Transmissíveis","","stub_markers"
"supabase","legalle-enfermagem-processo-de-enfermagem-1780010594524-2","Doenças Parasitárias e Zoonoses","","stub_markers"
"supabase","legalle-enfermagem-processo-de-enfermagem-1780010594524-3","Doenças Virais de Interesse Epidemiológico (Covid, Influenza, Sarampo, Polio etc.)","","stub_markers"
"supabase","legalle-enfermagem-processo-de-enfermagem-1780010905023-7","Imunização","","molde_golden_rule_sem_rows"
"supabase","legalle-enfermagem-processo-de-enfermagem-1780010905023-8","Urgências e Emergências","","stub_markers"
"supabase","legalle-enfermagem-processo-de-enfermagem-1780010905023-9","Noções de Fisiologia","","stub_markers"
"supabase","legalle-enfermagem-processo-de-enfermagem-1780010911471-0","Urgências e Emergências","","stub_markers"
"supabase","legalle-enfermagem-processo-de-enfermagem-1780010911471-1","Infecções no Contexto da Biossegurança","","stub_markers"
"supabase","legalle-enfermagem-processo-de-enfermagem-1780010911471-2","Saúde da Criança","","stub_markers"
"supabase","legalle-enfermagem-processo-de-enfermagem-1780010911471-3","Outras Questões e Questões Mescladas sobre Doenças Crônicas Não Transmissíveis","","stub_markers"
"supabase","legalle-enfermagem-processo-de-enfermagem-1780010911471-4","Noções de Fisiologia","","stub_markers"
"supabase","legalle-enfermagem-processo-de-enfermagem-1780010911471-5","Feridas e Queimaduras","","stub_markers"
"supabase","legalle-enfermagem-processo-de-enfermagem-1780010911471-6","Outras Questões e Questões Mescladas sobre Doenças Crônicas Não Transmissíveis","","stub_markers"
"supabase","legalle-enfermagem-processo-de-enfermagem-1780010911471-7","Infecções Sexualmente Transmissíveis (ISTs)","","stub_markers"
"supabase","legalle-enfermagem-processo-de-enfermagem-1780010911471-8","Outras Questões e Questões Mescladas sobre Doenças Crônicas Não Transmissíveis","","stub_markers"
"supabase","legalle-enfermagem-processo-de-enfermagem-1780010917301-0","Saúde da Mulher","","stub_markers"
"supabase","legalle-enfermagem-processo-de-enfermagem-1780011879977-5","Doenças Bacterianas e Fúngicas (Tuberculose, Tétano, Candidíase etc.)","","stub_markers"
"supabase","legalle-enfermagem-processo-de-enfermagem-1780011879977-6","Doenças Virais de Interesse Epidemiológico (Covid, Influenza, Sarampo, Polio etc.)","","stub_markers"
"supabase","legalle-enfermagem-processo-de-enfermagem-1780011879977-7","Processamento de Artigos e Produtos de Saúde","","stub_markers"
"supabase","legalle-enfermagem-processo-de-enfermagem-1780011879977-8","Enfermagem do Trabalho","","stub_markers"
"supabase","legalle-enfermagem-processo-de-enfermagem-1780011887822-0","Outras Questões e Questões Mescladas sobre Doenças Crônicas Não Transmissíveis","","stub_markers"
"supabase","legalle-enfermagem-processo-de-enfermagem-1780011887822-1","Noções de Fisiologia","","stub_markers"
"supabase","legalle-enfermagem-processo-de-enfermagem-1780011887822-2","Saúde da Mulher","","stub_markers"
"supabase","legalle-enfermagem-processo-de-enfermagem-1780011887822-3","Saúde da Mulher","","stub_markers"
"supabase","legalle-enfermagem-processo-de-enfermagem-1780011887822-4","Doenças Virais de Interesse Epidemiológico (Covid, Influenza, Sarampo, Polio etc.)","","stub_markers"
"supabase","legalle-enfermagem-processo-de-enfermagem-1780011967989-0","Saúde Mental","","stub_markers"
"supabase","lj-assessoria-enfermagem-calculo-de-administracao-de-medicamentos-e-infusoes-1776056256294-6","Cálculo de Administração de Medicamentos e Infusões","","molde_concept_map_sem_items;molde_golden_rule_sem_rows"
"supabase","lj-assessoria-enfermagem-calculo-de-administracao-de-medicamentos-e-infusoes-1776056256294-7","Cálculo de Administração de Medicamentos e Infusões","","molde_concept_map_sem_items;molde_golden_rule_sem_rows"
"supabase","lj-assessoria-enfermagem-oxigenoterapia-e-cuidados-respiratorios-1779344718151-3","Oxigenoterapia e Cuidados Respiratórios","","molde_golden_rule_sem_rows"
"supabase","lj-assessoria-enfermagem-oxigenoterapia-e-cuidados-respiratorios-1779344718151-5","Oxigenoterapia e Cuidados Respiratórios","","molde_golden_rule_sem_rows"
"supabase","lj-assessoria-enfermagem-urgencias-e-emergencias-1777104077075-6","Urgências e Emergências","","stub_markers"
"supabase","lj-assessoria-enfermagem-urgencias-e-emergencias-1777104077075-7","Urgências e Emergências","","stub_markers"
"supabase","lj-assessoria-enfermagem-urgencias-e-emergencias-1777104077075-8","Urgências e Emergências","","stub_markers"
"supabase","maranatha-assessoria-enfermagem-oxigenoterapia-e-cuidados-respiratorios-1776056624615-8","Oxigenoterapia e Cuidados Respiratórios","","molde_golden_rule_sem_rows"
"supabase","metrocapital-enfermagem-seguranca-do-paciente-1777102936764-8","Coleta de Exames Laboratoriais","","molde_golden_rule_sem_rows"
"supabase","ms-sarmento-enfermagem-imunizacao-1777103215560-5","Imunização","","molde_golden_rule_sem_rows"
"supabase","ms-sarmento-enfermagem-oxigenoterapia-e-cuidados-respiratorios-1776056694842-3","Oxigenoterapia e Cuidados Respiratórios","","molde_golden_rule_sem_rows"
"supabase","ms-sarmento-enfermagem-oxigenoterapia-e-cuidados-respiratorios-1776056694842-6","Oxigenoterapia e Cuidados Respiratórios","","molde_golden_rule_sem_rows"
"supabase","ms-sarmento-enfermagem-oxigenoterapia-e-cuidados-respiratorios-1779344712561-0","Oxigenoterapia e Cuidados Respiratórios","","molde_golden_rule_sem_rows"
"supabase","ms-sarmento-enfermagem-processo-de-enfermagem-1776056021381-2","Processo de Enfermagem","","stub_markers;molde_golden_rule_sem_rows"
"supabase","ms-sarmento-enfermagem-processo-de-enfermagem-1776056140199-0","Processo de Enfermagem","","stub_markers;molde_golden_rule_sem_rows"
"supabase","ms-sarmento-enfermagem-processo-de-enfermagem-1780008210115-6","Medidas de Prevenção e Precaução de Contato","","stub_markers"
"supabase","ms-sarmento-enfermagem-processo-de-enfermagem-1780008210115-7","Urgências e Emergências","","stub_markers"
"supabase","ms-sarmento-enfermagem-processo-de-enfermagem-1780008210115-8","Doenças Bacterianas e Fúngicas (Tuberculose, Tétano, Candidíase etc.)","","stub_markers"
"supabase","ms-sarmento-enfermagem-processo-de-enfermagem-1780008219236-0","Urgências e Emergências","","stub_markers"
"supabase","ms-sarmento-enfermagem-processo-de-enfermagem-1780008219236-1","Saúde da Criança","","stub_markers"
"supabase","ms-sarmento-enfermagem-processo-de-enfermagem-1780008219236-2","Saúde Mental","","stub_markers"
"supabase","ms-sarmento-enfermagem-processo-de-enfermagem-1780008219236-3","Verificação de Sinais Vitais","","stub_markers"
"supabase","ms-sarmento-enfermagem-processo-de-enfermagem-1780008219236-4","Outras Questões e Questões Mescladas sobre Doenças Crônicas Não Transmissíveis","","stub_markers"
"supabase","ms-sarmento-enfermagem-processo-de-enfermagem-1780008219236-5","Imunização","","molde_golden_rule_sem_rows"
"supabase","ms-sarmento-enfermagem-processo-de-enfermagem-1780008219236-6","Processo de Enfermagem","","stub_markers"
"supabase","ms-sarmento-enfermagem-processo-de-enfermagem-1780008219236-7","Urgências e Emergências","","stub_markers"
"supabase","ms-sarmento-enfermagem-processo-de-enfermagem-1780008219236-8","Outras Questões e Questões Mescladas sobre Doenças Crônicas Não Transmissíveis","","stub_markers"
"supabase","ms-sarmento-enfermagem-processo-de-enfermagem-1780008219236-9","Saúde da Mulher","","stub_markers"
"supabase","ms-sarmento-enfermagem-processo-de-enfermagem-1780008225255-0","Mobilização e Posicionamento do Paciente","","stub_markers"
"supabase","ms-sarmento-enfermagem-processo-de-enfermagem-1780008225255-1","Feridas e Queimaduras","","stub_markers"
"supabase","ms-sarmento-enfermagem-processo-de-enfermagem-1780008225255-2","Verificação de Sinais Vitais","","stub_markers"
"supabase","nao-informado-geral-calculo-de-administracao-de-medicamentos-e-infusoes-1776056256294-0","Cálculo de Administração de Medicamentos e Infusões","","molde_concept_map_sem_items;molde_golden_rule_sem_rows"
"supabase","nao-informado-geral-procedimentos-diversos-1776056493133-0","Oxigenoterapia e Cuidados Respiratórios","","molde_golden_rule_sem_rows"
"supabase","nosso-rumo-enfermagem-oxigenoterapia-e-cuidados-respiratorios-1779344688622-5","Oxigenoterapia e Cuidados Respiratórios","","molde_golden_rule_sem_rows"
"supabase","objetiva-concursos-enfermagem-calculo-de-administracao-de-medicamentos-e-infusoes-1776056284398-1","Cálculo de Administração de Medicamentos e Infusões","","molde_golden_rule_sem_rows"
"supabase","objetiva-concursos-enfermagem-calculo-de-administracao-de-medicamentos-e-infusoes-1776056284398-7","Cálculo de Administração de Medicamentos e Infusões","","molde_concept_map_sem_items;molde_golden_rule_sem_rows"
"supabase","objetiva-concursos-enfermagem-nocoes-de-anatomia-1775447834740-2","Processo de Enfermagem","","molde_golden_rule_sem_rows;molde_danger_zone_sem_correct"
"supabase","objetiva-concursos-enfermagem-nocoes-de-anatomia-1775448291915-3","Processo de Enfermagem","","molde_golden_rule_sem_rows;molde_danger_zone_sem_correct"
"supabase","objetiva-concursos-enfermagem-nocoes-de-fisiologia-1775501962697-1","Verificação de Sinais Vitais","","molde_golden_rule_sem_rows"
"supabase","objetiva-concursos-enfermagem-oxigenoterapia-e-cuidados-respiratorios-1776056624615-0","Oxigenoterapia e Cuidados Respiratórios","","molde_golden_rule_sem_rows"
"supabase","objetiva-concursos-enfermagem-oxigenoterapia-e-cuidados-respiratorios-1776056641612-5","Oxigenoterapia e Cuidados Respiratórios","","molde_golden_rule_sem_rows"
"supabase","objetiva-concursos-enfermagem-oxigenoterapia-e-cuidados-respiratorios-1776056709494-3","Verificação de Sinais Vitais","","molde_golden_rule_sem_rows"
"supabase","objetiva-concursos-enfermagem-oxigenoterapia-e-cuidados-respiratorios-1776056709494-4","Oxigenoterapia e Cuidados Respiratórios","","molde_golden_rule_sem_rows"
"supabase","objetiva-concursos-enfermagem-oxigenoterapia-e-cuidados-respiratorios-1776056709494-5","Oxigenoterapia e Cuidados Respiratórios","","molde_golden_rule_sem_rows"
"supabase","objetiva-concursos-enfermagem-oxigenoterapia-e-cuidados-respiratorios-1776056709494-7","Oxigenoterapia e Cuidados Respiratórios","","molde_golden_rule_sem_rows"
"supabase","objetiva-concursos-enfermagem-oxigenoterapia-e-cuidados-respiratorios-1776056709494-8","Oxigenoterapia e Cuidados Respiratórios","","molde_golden_rule_sem_rows"
"supabase","objetiva-concursos-enfermagem-oxigenoterapia-e-cuidados-respiratorios-1779344651728-7","Processo de Enfermagem","","molde_golden_rule_sem_rows"
"supabase","objetiva-concursos-enfermagem-oxigenoterapia-e-cuidados-respiratorios-1779344688622-6","Oxigenoterapia e Cuidados Respiratórios","","molde_golden_rule_sem_rows"
"supabase","objetiva-concursos-enfermagem-processo-de-enfermagem-1780010566816-4","Epidemiologia e Vigilância Epidemiológica","","stub_markers"
"supabase","objetiva-concursos-enfermagem-processo-de-enfermagem-1780010566816-5","Promoção à Saúde e Prevenção de Agravos","","stub_markers"
"supabase","objetiva-concursos-enfermagem-processo-de-enfermagem-1780010566816-6","Saúde Mental","","stub_markers"
"supabase","objetiva-concursos-enfermagem-processo-de-enfermagem-1780010566816-8","Doenças Parasitárias e Zoonoses","","stub_markers"
"supabase","objetiva-concursos-enfermagem-processo-de-enfermagem-1780010566816-9","Doenças Virais de Interesse Epidemiológico (Covid, Influenza, Sarampo, Polio etc.)","","stub_markers"
"supabase","objetiva-concursos-enfermagem-processo-de-enfermagem-1780010573104-0","Outras Questões e Questões Mescladas sobre Doenças Crônicas Não Transmissíveis","","stub_markers"
"supabase","objetiva-concursos-enfermagem-processo-de-enfermagem-1780010573104-1","Verificação de Sinais Vitais","","stub_markers"
"supabase","objetiva-concursos-enfermagem-processo-de-enfermagem-1780010573104-3","Cuidados na Administração de Medicamentos","","stub_markers"
"supabase","objetiva-concursos-enfermagem-processo-de-enfermagem-1780010573104-4","Procedimentos Diversos","","stub_markers"
"supabase","objetiva-concursos-enfermagem-puncao-venosa-e-cuidados-com-cateteres-1779562711132-0","Vias de Administração","","molde_golden_rule_sem_rows"
"supabase","omni-enfermagem-calculo-de-administracao-de-medicamentos-e-infusoes-1776056318806-8","Cálculo de Administração de Medicamentos e Infusões","","molde_concept_map_sem_items;molde_golden_rule_sem_rows"
"supabase","omni-enfermagem-calculo-de-administracao-de-medicamentos-e-infusoes-1776056330579-0","Cálculo de Administração de Medicamentos e Infusões","","molde_concept_map_sem_items;molde_golden_rule_sem_rows"
"supabase","omni-enfermagem-oxigenoterapia-e-cuidados-respiratorios-1779344742779-1","Oxigenoterapia e Cuidados Respiratórios","","molde_golden_rule_sem_rows"
"supabase","omni-enfermagem-oxigenoterapia-e-cuidados-respiratorios-1779344751294-4","Oxigenoterapia e Cuidados Respiratórios","","molde_golden_rule_sem_rows"
"supabase","quadrix-enfermagem-calculo-de-administracao-de-medicamentos-e-infusoes-1776056274291-7","Cálculo de Administração de Medicamentos e Infusões","","molde_concept_map_sem_items;molde_golden_rule_sem_rows"
"supabase","quadrix-enfermagem-imunizacao-1777103277533-0","Imunização","","molde_golden_rule_sem_rows"
"supabase","quadrix-enfermagem-oxigenoterapia-e-cuidados-respiratorios-1776056600234-7","Oxigenoterapia e Cuidados Respiratórios","","molde_golden_rule_sem_rows"
"supabase","quadrix-enfermagem-processo-de-enfermagem-1776056181857-6","Processo de Enfermagem","","stub_markers;molde_golden_rule_sem_rows"
"supabase","quadrix-enfermagem-processo-de-enfermagem-1776056181857-7","Processo de Enfermagem","","stub_markers;molde_golden_rule_sem_rows"
"supabase","quadrix-enfermagem-processo-de-enfermagem-1780009294428-1","Imunização","","molde_golden_rule_sem_rows"
"supabase","quadrix-enfermagem-puncao-venosa-e-cuidados-com-cateteres-1779340280693-1","Instalação e Manejo de Sondas","","molde_golden_rule_sem_rows"
"supabase","quadrix-enfermagem-urgencias-e-emergencias-1777103981770-5","Farmacodinâmica e Farmacocinética","","stub_markers"
"supabase","quadrix-enfermagem-urgencias-e-emergencias-1777103988389-7","Urgências e Emergências","","stub_markers"
"supabase","quadrix-enfermagem-urgencias-e-emergencias-1777103988389-8","Urgências e Emergências","","stub_markers"
"supabase","quadrix-enfermagem-urgencias-e-emergencias-1780001220945-4","Urgências e Emergências","","stub_markers"
"supabase","quadrix-enfermagem-urgencias-e-emergencias-1780001220945-5","Urgências e Emergências","","stub_markers"
"supabase","quadrix-enfermagem-verificacao-de-sinais-vitais-1779343967847-6","Verificação de Sinais Vitais","","molde_concept_map_sem_items;molde_logic_flow_sem_steps"
"supabase","quadrix-enfermagem-verificacao-de-sinais-vitais-1780000468214-1","Verificação de Sinais Vitais","","molde_concept_map_sem_items;molde_logic_flow_sem_steps"
"supabase","sc-treinamentos-enfermagem-semiologia-em-enfermagem-1779563549311-4","Verificação de Sinais Vitais","","molde_concept_map_sem_items"
"supabase","selecon-enfermagem-enfermagem-em-centro-cirurgico-1777103837493-2","Curativos e Manejo de Feridas","","molde_golden_rule_sem_rows"
"supabase","selecon-enfermagem-oxigenoterapia-e-cuidados-respiratorios-1776056694842-7","Oxigenoterapia e Cuidados Respiratórios","","molde_golden_rule_sem_rows"
"supabase","selecon-enfermagem-oxigenoterapia-e-cuidados-respiratorios-1779344657661-6","Oxigenoterapia e Cuidados Respiratórios","","molde_golden_rule_sem_rows"
"supabase","selecon-enfermagem-oxigenoterapia-e-cuidados-respiratorios-1779344712561-9","Oxigenoterapia e Cuidados Respiratórios","","molde_golden_rule_sem_rows"
"supabase","selecon-enfermagem-processo-de-enfermagem-1780009310940-2","Processo de Enfermagem","","stub_markers"
"supabase","selecon-enfermagem-processo-de-enfermagem-1780009310940-3","Cuidados na Administração de Medicamentos","","stub_markers"
"supabase","selecon-enfermagem-processo-de-enfermagem-1780009310940-4","Oxigenoterapia e Cuidados Respiratórios","","stub_markers"
"supabase","selecon-enfermagem-processo-de-enfermagem-1780009310940-5","Procedimentos Diversos","","stub_markers"
"supabase","selecon-enfermagem-processo-de-enfermagem-1780009310940-6","Noções de Fisiologia","","stub_markers"
"supabase","selecon-enfermagem-processo-de-enfermagem-1780009310940-7","Processo de Enfermagem","","stub_markers"
"supabase","selecon-enfermagem-processo-de-enfermagem-1780009310940-8","Instalação e Manejo de Sondas","","stub_markers"
"supabase","selecon-enfermagem-processo-de-enfermagem-1780009322055-1","Processo de Enfermagem","","stub_markers"
"supabase","selecon-enfermagem-processo-de-enfermagem-1780009322055-2","Imunização","","molde_golden_rule_sem_rows"
"supabase","selecon-enfermagem-processo-de-enfermagem-1780009322055-3","Outras Questões e Questões Mescladas sobre Doenças Crônicas Não Transmissíveis","","stub_markers"
"supabase","selecon-enfermagem-processo-de-enfermagem-1780009322055-5","Epidemiologia e Vigilância Epidemiológica","","stub_markers"
"supabase","selecon-enfermagem-processo-de-enfermagem-1780009322055-6","Medidas de Prevenção e Precaução de Contato","","stub_markers"
"supabase","selecon-enfermagem-processo-de-enfermagem-1780009322055-7","Verificação de Sinais Vitais","","stub_markers"
"supabase","selecon-enfermagem-processo-de-enfermagem-1780009322055-9","Saúde Mental","","stub_markers"
"supabase","selecon-enfermagem-processo-de-enfermagem-1780009359555-0","Procedimentos Diversos","","stub_markers"
"supabase","selecon-enfermagem-puncao-venosa-e-cuidados-com-cateteres-1779562687359-3","Instalação e Manejo de Sondas","","molde_golden_rule_sem_rows"
"supabase","selecon-enfermagem-urgencias-e-emergencias-1777104038968-1","Urgências e Emergências","","stub_markers"
"supabase","selecon-enfermagem-urgencias-e-emergencias-1777104038968-2","Urgências e Emergências","","stub_markers"
"supabase","selecon-enfermagem-urgencias-e-emergencias-1777104038968-3","Urgências e Emergências","","stub_markers"
"supabase","selecon-enfermagem-urgencias-e-emergencias-1777104038968-4","Urgências e Emergências","","stub_markers"
"supabase","selecon-enfermagem-urgencias-e-emergencias-1777104038968-5","Urgências e Emergências","","stub_markers"
"supabase","selecon-enfermagem-urgencias-e-emergencias-1777104038968-6","Urgências e Emergências","","stub_markers"
"supabase","selecon-enfermagem-urgencias-e-emergencias-1777104038968-7","Feridas e Queimaduras","","stub_markers"
"supabase","selecon-enfermagem-urgencias-e-emergencias-1777104038968-8","Doenças Parasitárias e Zoonoses","","stub_markers"
"supabase","selecon-enfermagem-urgencias-e-emergencias-1777104038968-9","Urgências e Emergências","","stub_markers"
"supabase","selecon-enfermagem-urgencias-e-emergencias-1777104048047-0","Farmacodinâmica e Farmacocinética","","stub_markers"
"supabase","selecon-enfermagem-urgencias-e-emergencias-1777104048047-1","Urgências e Emergências","","stub_markers"
"supabase","selecon-enfermagem-urgencias-e-emergencias-1777104048047-2","Infecções Sexualmente Transmissíveis (ISTs)","","stub_markers;molde_golden_rule_sem_rows"
"supabase","selecon-enfermagem-urgencias-e-emergencias-1777104048047-3","Urgências e Emergências","","stub_markers"
"supabase","selecon-enfermagem-urgencias-e-emergencias-1777104048047-4","Urgências e Emergências","","stub_markers"
"supabase","selecon-enfermagem-urgencias-e-emergencias-1777104048047-5","Urgências e Emergências","","stub_markers"
"supabase","ufmt-enfermagem-processo-de-enfermagem-1776055865890-1","Processo de Enfermagem","","stub_markers;molde_golden_rule_sem_rows"
"supabase","ufmt-enfermagem-processo-de-enfermagem-1776055865890-2","Processo de Enfermagem","","stub_markers;molde_golden_rule_sem_rows"
"supabase","ufmt-enfermagem-processo-de-enfermagem-1776056021381-5","Processo de Enfermagem","","stub_markers;molde_golden_rule_sem_rows"
"supabase","unesc-enfermagem-cuidados-na-administracao-de-medicamentos-1778969258148-5","Vias de Administração","","molde_golden_rule_sem_rows"
"supabase","unesc-enfermagem-nocoes-de-fisiologia-1775501962697-0","Verificação de Sinais Vitais","","molde_golden_rule_sem_rows"
"supabase","unesc-enfermagem-nocoes-de-fisiologia-1776055811481-1","Processo de Enfermagem","","molde_golden_rule_sem_rows"
"supabase","unesc-enfermagem-oxigenoterapia-e-cuidados-respiratorios-1776056624615-6","Oxigenoterapia e Cuidados Respiratórios","","molde_golden_rule_sem_rows"
"supabase","unesc-enfermagem-oxigenoterapia-e-cuidados-respiratorios-1779344688622-3","Oxigenoterapia e Cuidados Respiratórios","","molde_golden_rule_sem_rows"
"supabase","unesc-enfermagem-processo-de-enfermagem-1776056009428-3","Processo de Enfermagem","","stub_markers;molde_golden_rule_sem_rows"
"supabase","unesc-enfermagem-processo-de-enfermagem-1776056129848-0","Processo de Enfermagem","","stub_markers;molde_golden_rule_sem_rows"
"supabase","unesc-enfermagem-processo-de-enfermagem-1776056149404-5","Processo de Enfermagem","","stub_markers;molde_golden_rule_sem_rows"
"supabase","unesc-enfermagem-urgencias-e-emergencias-1780001220945-6","Urgências e Emergências","","stub_markers"
"supabase","unifil-enfermagem-calculo-de-administracao-de-medicamentos-e-infusoes-1776056274291-0","Cálculo de Administração de Medicamentos e Infusões","","molde_concept_map_sem_items;molde_golden_rule_sem_rows"
"supabase","unifil-enfermagem-calculo-de-administracao-de-medicamentos-e-infusoes-1776056292978-4","Cálculo de Administração de Medicamentos e Infusões","","molde_concept_map_sem_items;molde_golden_rule_sem_rows"
"supabase","unifil-enfermagem-calculo-de-administracao-de-medicamentos-e-infusoes-1776056292978-5","Cálculo de Administração de Medicamentos e Infusões","","molde_concept_map_sem_items;molde_golden_rule_sem_rows"
"supabase","unifil-enfermagem-oxigenoterapia-e-cuidados-respiratorios-1779344718151-7","Verificação de Sinais Vitais","","molde_golden_rule_sem_rows"
"supabase","unifil-enfermagem-processo-de-enfermagem-1780003637054-8","Segurança do Paciente","","stub_markers"
"supabase","unifil-enfermagem-processo-de-enfermagem-1780003645544-0","Infecções no Contexto da Biossegurança","","stub_markers"
"supabase","unifil-enfermagem-processo-de-enfermagem-1780003645544-1","Infecções no Contexto da Biossegurança","","stub_markers"
"supabase","unifil-enfermagem-processo-de-enfermagem-1780003645544-2","Medidas de Prevenção e Precaução de Contato","","stub_markers"
"supabase","unifil-enfermagem-processo-de-enfermagem-1780003645544-3","Mobilização e Posicionamento do Paciente","","stub_markers"
"supabase","unifil-enfermagem-processo-de-enfermagem-1780003645544-4","Instalação e Manejo de Sondas","","stub_markers"
"supabase","unifil-enfermagem-processo-de-enfermagem-1780003645544-5","Oxigenoterapia e Cuidados Respiratórios","","stub_markers"
"supabase","unifil-enfermagem-processo-de-enfermagem-1780003645544-8","Verificação de Sinais Vitais","","stub_markers"
"supabase","unifil-enfermagem-processo-de-enfermagem-1780003645544-9","Verificação de Sinais Vitais","","stub_markers"
"supabase","unifil-enfermagem-processo-de-enfermagem-1780003654722-0","Mobilização e Posicionamento do Paciente","","stub_markers"
"supabase","unifil-enfermagem-processo-de-enfermagem-1780003654722-1","Processo de Enfermagem","","stub_markers"
"supabase","unifil-enfermagem-processo-de-enfermagem-1780004452857-5","Cuidados na Administração de Medicamentos","","stub_markers"
"supabase","unifil-enfermagem-processo-de-enfermagem-1780004452857-7","Processo de Enfermagem","","stub_markers"
"supabase","unifil-enfermagem-processo-de-enfermagem-1780004452857-8","Oxigenoterapia e Cuidados Respiratórios","","stub_markers"
"supabase","unifil-enfermagem-processo-de-enfermagem-1780004452857-9","Saúde da Mulher","","stub_markers"
"supabase","unifil-enfermagem-processo-de-enfermagem-1780004469060-0","Saúde da Criança","","stub_markers"
"supabase","unifil-enfermagem-processo-de-enfermagem-1780004469060-1","Urgências e Emergências","","stub_markers"
"supabase","unifil-enfermagem-processo-de-enfermagem-1780004469060-3","Mobilização e Posicionamento do Paciente","","stub_markers"
"supabase","unifil-enfermagem-processo-de-enfermagem-1780004469060-5","Verificação de Sinais Vitais","","stub_markers"
"supabase","unifil-enfermagem-processo-de-enfermagem-1780004469060-6","Epidemiologia e Vigilância Epidemiológica","","stub_markers"
"supabase","unifil-enfermagem-processo-de-enfermagem-1780004469060-7","Procedimentos Diversos","","stub_markers"
"supabase","unifil-enfermagem-puncao-venosa-e-cuidados-com-cateteres-1779340232037-6","Instalação e Manejo de Sondas","","molde_golden_rule_sem_rows"
"supabase","unifil-enfermagem-urgencias-e-emergencias-1777104012755-2","Urgências e Emergências","","stub_markers"
"supabase","unifil-enfermagem-urgencias-e-emergencias-1777104012755-3","Urgências e Emergências","","stub_markers"
"supabase","univali-enfermagem-auditoria-e-gestao-da-qualidade-enfermagem-1779563701860-2","Imunização","","molde_golden_rule_sem_rows"
"supabase","univali-enfermagem-auditoria-e-gestao-da-qualidade-enfermagem-1779563701860-3","Imunização","","molde_golden_rule_sem_rows"
"supabase","univali-enfermagem-auditoria-e-gestao-da-qualidade-enfermagem-1779563701860-4","Imunização","","molde_golden_rule_sem_rows"
"supabase","univali-enfermagem-processo-de-enfermagem-1780010594524-6","Cuidados na Administração de Medicamentos","","stub_markers"
"supabase","univali-enfermagem-processo-de-enfermagem-1780010594524-7","Verificação de Sinais Vitais","","stub_markers"
"supabase","univali-enfermagem-processo-de-enfermagem-1780010594524-8","Outras Questões e Questões Mescladas sobre Doenças Crônicas Não Transmissíveis","","stub_markers"
"supabase","univali-enfermagem-processo-de-enfermagem-1780010594524-9","Verificação de Sinais Vitais","","stub_markers"
"supabase","univali-enfermagem-processo-de-enfermagem-1780010600919-0","Cuidados na Administração de Medicamentos","","stub_markers"
"supabase","univali-enfermagem-processo-de-enfermagem-1780010600919-1","Procedimentos Diversos","","stub_markers"
"supabase","univali-enfermagem-processo-de-enfermagem-1780010600919-2","Processo de Enfermagem","","stub_markers"
"supabase","univali-enfermagem-processo-de-enfermagem-1780010600919-3","Saúde da Mulher","","stub_markers"
"supabase","univali-enfermagem-processo-de-enfermagem-1780010600919-4","Procedimentos Diversos","","stub_markers"
"supabase","univali-enfermagem-processo-de-enfermagem-1780010600919-5","Cuidados na Administração de Medicamentos","","stub_markers"
"supabase","univali-enfermagem-processo-de-enfermagem-1780010600919-6","Verificação de Sinais Vitais","","stub_markers"
"supabase","univali-enfermagem-processo-de-enfermagem-1780010600919-7","Verificação de Sinais Vitais","","stub_markers"
"supabase","univali-enfermagem-processo-de-enfermagem-1780010600919-8","Saúde da Criança","","stub_markers"
"supabase","univali-enfermagem-processo-de-enfermagem-1780010600919-9","Doenças Respiratórias Crônicas (Asma, DPOC)","","stub_markers"
"supabase","univali-enfermagem-processo-de-enfermagem-1780010905023-0","Processo de Enfermagem","","stub_markers"
"supabase","univali-enfermagem-processo-de-enfermagem-1780010905023-2","Enfermagem do Trabalho","","stub_markers"
"supabase","univali-enfermagem-processo-de-enfermagem-1780010905023-3","Saúde da Criança","","stub_markers"
"supabase","univali-enfermagem-processo-de-enfermagem-1780010905023-4","Epidemiologia e Vigilância Epidemiológica","","stub_markers"
"supabase","univali-enfermagem-processo-de-enfermagem-1780010905023-5","Verificação de Sinais Vitais","","stub_markers"
"supabase","univali-enfermagem-processo-de-enfermagem-1780010905023-6","Urgências e Emergências","","stub_markers"
"supabase","univida-enfermagem-nutricao-aplicada-a-enfermagem-1777102944034-3","Infecções Sexualmente Transmissíveis (ISTs)","","molde_golden_rule_sem_rows"
"supabase","univida-enfermagem-verificacao-de-sinais-vitais-1779344097180-2","Verificação de Sinais Vitais","","molde_concept_map_sem_items"
"supabase","vunesp-enfermagem-atencao-basica-saude-da-familia-1778968221218-3","Infecções Sexualmente Transmissíveis (ISTs)","","molde_golden_rule_sem_rows"
"supabase","vunesp-enfermagem-atencao-basica-saude-da-familia-1778968323839-4","Infecções Sexualmente Transmissíveis (ISTs)","","molde_golden_rule_sem_rows"
"supabase","vunesp-enfermagem-calculo-de-administracao-de-medicamentos-e-infusoes-1776056301382-5","Cálculo de Administração de Medicamentos e Infusões","","molde_concept_map_sem_items;molde_golden_rule_sem_rows"
"supabase","vunesp-enfermagem-calculo-de-administracao-de-medicamentos-e-infusoes-1776056301382-6","Cálculo de Administração de Medicamentos e Infusões","","molde_concept_map_sem_items;molde_golden_rule_sem_rows"
"supabase","vunesp-enfermagem-calculo-de-administracao-de-medicamentos-e-infusoes-1776056301382-7","Cálculo de Administração de Medicamentos e Infusões","","molde_concept_map_sem_items;molde_golden_rule_sem_rows"
"supabase","vunesp-enfermagem-imunizacao-1779564090395-3","Imunização","","molde_golden_rule_sem_rows"
"supabase","vunesp-enfermagem-imunizacao-1779564090395-4","Imunização","","molde_golden_rule_sem_rows"
"supabase","vunesp-enfermagem-nutricao-aplicada-a-enfermagem-1777102845644-4","Instalação e Manejo de Sondas","","molde_golden_rule_sem_rows"
"supabase","vunesp-enfermagem-nutricao-aplicada-a-enfermagem-1777102944034-1","Instalação e Manejo de Sondas","","molde_golden_rule_sem_rows"
"supabase","vunesp-enfermagem-oxigenoterapia-e-cuidados-respiratorios-1776056600234-8","Verificação de Sinais Vitais","","molde_golden_rule_sem_rows"
"supabase","vunesp-enfermagem-oxigenoterapia-e-cuidados-respiratorios-1779344651728-5","Oxigenoterapia e Cuidados Respiratórios","","molde_golden_rule_sem_rows"
"supabase","vunesp-enfermagem-oxigenoterapia-e-cuidados-respiratorios-1779344651728-8","Oxigenoterapia e Cuidados Respiratórios","","molde_golden_rule_sem_rows"
"supabase","vunesp-enfermagem-oxigenoterapia-e-cuidados-respiratorios-1779344657661-1","Oxigenoterapia e Cuidados Respiratórios","","molde_golden_rule_sem_rows"
"supabase","vunesp-enfermagem-oxigenoterapia-e-cuidados-respiratorios-1779344667377-6","Oxigenoterapia e Cuidados Respiratórios","","molde_golden_rule_sem_rows"
"supabase","vunesp-enfermagem-processo-de-enfermagem-1776056009428-5","Mobilização e Posicionamento do Paciente","","stub_markers"
"supabase","vunesp-enfermagem-processo-de-enfermagem-1776056149404-7","Processo de Enfermagem","","stub_markers;molde_golden_rule_sem_rows"
"supabase","vunesp-enfermagem-processo-de-enfermagem-1776056149404-8","Processo de Enfermagem","","stub_markers;molde_golden_rule_sem_rows"
"supabase","vunesp-enfermagem-processo-de-enfermagem-1780001673873-2","Verificação de Sinais Vitais","","stub_markers"
"supabase","vunesp-enfermagem-processo-de-enfermagem-1780001673873-3","Infecções Sexualmente Transmissíveis (ISTs)","","stub_markers"
"supabase","vunesp-enfermagem-processo-de-enfermagem-1780001673873-4","Saúde Mental","","stub_markers"
"supabase","vunesp-enfermagem-processo-de-enfermagem-1780001673873-5","Saúde da Mulher","","stub_markers"
"supabase","vunesp-enfermagem-processo-de-enfermagem-1780001673873-6","Saúde da Criança","","stub_markers"
"supabase","vunesp-enfermagem-processo-de-enfermagem-1780001673873-7","Mobilização e Posicionamento do Paciente","","stub_markers"
"supabase","vunesp-enfermagem-processo-de-enfermagem-1780001673873-9","Procedimentos Diversos","","stub_markers"
"supabase","vunesp-enfermagem-processo-de-enfermagem-1780001742844-1","Feridas e Queimaduras","","stub_markers"
"supabase","vunesp-enfermagem-processo-de-enfermagem-1780001742844-2","Infecções Sexualmente Transmissíveis (ISTs)","","stub_markers"
"supabase","vunesp-enfermagem-processo-de-enfermagem-1780001742844-3","Promoção à Saúde e Prevenção de Agravos","","stub_markers"
"supabase","vunesp-enfermagem-processo-de-enfermagem-1780001742844-6","Cuidados na Administração de Medicamentos","","stub_markers"
"supabase","vunesp-enfermagem-processo-de-enfermagem-1780003637054-2","Verificação de Sinais Vitais","","stub_markers"
"supabase","vunesp-enfermagem-processo-de-enfermagem-1780003637054-4","Enfermagem em Central de Material e Esterilização (CME)","","stub_markers"
"supabase","vunesp-enfermagem-processo-de-enfermagem-1780003637054-5","Enfermagem do Trabalho","","stub_markers"
"supabase","vunesp-enfermagem-processo-de-enfermagem-1780003637054-6","Urgências e Emergências","","stub_markers"
"supabase","vunesp-enfermagem-processo-de-enfermagem-1780003637054-7","Urgências e Emergências","","stub_markers"
"supabase","vunesp-enfermagem-urgencias-e-emergencias-1777103981770-2","Feridas e Queimaduras","","stub_markers"
"supabase","vunesp-enfermagem-urgencias-e-emergencias-1777103981770-3","Urgências e Emergências","","stub_markers"
"supabase","vunesp-enfermagem-urgencias-e-emergencias-1777103981770-4","Feridas e Queimaduras","","stub_markers"
"supabase","vunesp-enfermagem-urgencias-e-emergencias-1777103981770-6","Urgências e Emergências","","stub_markers"
"supabase","vunesp-enfermagem-urgencias-e-emergencias-1777103988389-0","Urgências e Emergências","","stub_markers"
"supabase","vunesp-enfermagem-urgencias-e-emergencias-1777103988389-4","Urgências e Emergências","","stub_markers"
"supabase","vunesp-enfermagem-urgencias-e-emergencias-1777103994618-4","Urgências e Emergências","","stub_markers"
"supabase","vunesp-enfermagem-urgencias-e-emergencias-1777103994618-5","Urgências e Emergências","","stub_markers"
"supabase","vunesp-enfermagem-urgencias-e-emergencias-1777103994618-6","Urgências e Emergências","","stub_markers"
"supabase","vunesp-enfermagem-urgencias-e-emergencias-1777103994618-7","Urgências e Emergências","","stub_markers"
"supabase","vunesp-enfermagem-urgencias-e-emergencias-1777103994618-8","Urgências e Emergências","","stub_markers"
"supabase","vunesp-enfermagem-urgencias-e-emergencias-1777104000896-0","Urgências e Emergências","","stub_markers"
"supabase","vunesp-enfermagem-urgencias-e-emergencias-1777104000896-1","Urgências e Emergências","","stub_markers"
"supabase","vunesp-enfermagem-urgencias-e-emergencias-1777104012755-0","Urgências e Emergências","","stub_markers"
"supabase","vunesp-enfermagem-urgencias-e-emergencias-1777104048047-6","Urgências e Emergências","","stub_markers"
"supabase","vunesp-enfermagem-urgencias-e-emergencias-1777104048047-7","Urgências e Emergências","","stub_markers"
"supabase","vunesp-enfermagem-urgencias-e-emergencias-1777104063550-0","Urgências e Emergências","","stub_markers"
"supabase","vunesp-enfermagem-urgencias-e-emergencias-1777104063550-3","Urgências e Emergências","","stub_markers"
"supabase","vunesp-enfermagem-urgencias-e-emergencias-1777104063550-4","Urgências e Emergências","","stub_markers"
"supabase","vunesp-enfermagem-urgencias-e-emergencias-1777104063550-5","Urgências e Emergências","","stub_markers"
"supabase","vunesp-enfermagem-urgencias-e-emergencias-1777104063550-6","Urgências e Emergências","","stub_markers"
"supabase","vunesp-enfermagem-urgencias-e-emergencias-1777104063550-7","Urgências e Emergências","","stub_markers"
"supabase","vunesp-enfermagem-urgencias-e-emergencias-1777104063550-8","Urgências e Emergências","","stub_markers"
"supabase","vunesp-enfermagem-urgencias-e-emergencias-1777104070286-0","Urgências e Emergências","","stub_markers"
"supabase","vunesp-enfermagem-urgencias-e-emergencias-1777104070286-1","Urgências e Emergências","","stub_markers"
"supabase","vunesp-enfermagem-urgencias-e-emergencias-1777104070286-2","Urgências e Emergências","","stub_markers"
"supabase","vunesp-enfermagem-urgencias-e-emergencias-1777104070286-3","Urgências e Emergências","","stub_markers"
"supabase","vunesp-enfermagem-urgencias-e-emergencias-1777104070286-4","Urgências e Emergências","","stub_markers"
"supabase","vunesp-enfermagem-urgencias-e-emergencias-1777104070286-5","Urgências e Emergências","","stub_markers"
"supabase","vunesp-enfermagem-urgencias-e-emergencias-1777104077075-9","Urgências e Emergências","","stub_markers"
"supabase","vunesp-enfermagem-urgencias-e-emergencias-1777104083571-0","Urgências e Emergências","","stub_markers"
"supabase","vunesp-enfermagem-urgencias-e-emergencias-1777104083571-1","Saúde da Criança","","stub_markers"
"supabase","vunesp-enfermagem-urgencias-e-emergencias-1777104083571-2","Feridas e Queimaduras","","stub_markers"
"supabase","vunesp-enfermagem-urgencias-e-emergencias-1777104090044-0","Urgências e Emergências","","stub_markers"
"supabase","vunesp-enfermagem-urgencias-e-emergencias-1777104090044-1","Urgências e Emergências","","stub_markers"
"supabase","vunesp-enfermagem-urgencias-e-emergencias-1777104090044-2","Feridas e Queimaduras","","stub_markers"
"supabase","vunesp-enfermagem-verificacao-de-sinais-vitais-1779343856589-4","Verificação de Sinais Vitais","","molde_concept_map_sem_items;molde_logic_flow_sem_steps"
"supabase","vunesp-geral-outras-doencas-e-questoes-mescladas-sobre-doencas-transmissiveis-1779564125198-1","Imunização","","molde_golden_rule_sem_rows"