source,slug,subtopico,lote,issue_codes
"local","amauc-enfermagem-calculo-de-administracao-de-medicamentos-e-infusoes-1776056265348-8","Cálculo de Administração de Medicamentos e Infusões","calculo-de-administracao-de-medicamentos-e-infusoes-lote-01","molde_concept_map_sem_items;molde_golden_rule_sem_rows"
"local","amauc-enfermagem-calculo-de-administracao-de-medicamentos-e-infusoes-1776056274291-3","Cálculo de Administração de Medicamentos e Infusões","calculo-de-administracao-de-medicamentos-e-infusoes-lote-01","molde_concept_map_sem_items;molde_golden_rule_sem_rows"
"local","amauc-enfermagem-calculo-de-administracao-de-medicamentos-e-infusoes-1776056274291-4","Cálculo de Administração de Medicamentos e Infusões","calculo-de-administracao-de-medicamentos-e-infusoes-lote-01","molde_concept_map_sem_items;molde_golden_rule_sem_rows"
"local","amauc-enfermagem-calculo-de-administracao-de-medicamentos-e-infusoes-1776056274291-5","Cálculo de Administração de Medicamentos e Infusões","calculo-de-administracao-de-medicamentos-e-infusoes-lote-01","molde_concept_map_sem_items;molde_golden_rule_sem_rows"
"local","amauc-geral-calculo-de-administracao-de-medicamentos-e-infusoes-1776056274291-6","Cálculo de Administração de Medicamentos e Infusões","calculo-de-administracao-de-medicamentos-e-infusoes-lote-01","molde_concept_map_sem_items;molde_golden_rule_sem_rows"
"local","avancasp-enfermagem-calculo-de-administracao-de-medicamentos-e-infusoes-1776056284398-8","Cálculo de Administração de Medicamentos e Infusões","calculo-de-administracao-de-medicamentos-e-infusoes-lote-01","molde_concept_map_sem_items;molde_golden_rule_sem_rows"
"local","avancasp-enfermagem-calculo-de-administracao-de-medicamentos-e-infusoes-1776056292978-0","Cálculo de Administração de Medicamentos e Infusões","calculo-de-administracao-de-medicamentos-e-infusoes-lote-01","molde_concept_map_sem_items;molde_golden_rule_sem_rows"
"local","avancasp-enfermagem-calculo-de-administracao-de-medicamentos-e-infusoes-1776056292978-1","Cálculo de Administração de Medicamentos e Infusões","calculo-de-administracao-de-medicamentos-e-infusoes-lote-01","molde_concept_map_sem_items;molde_golden_rule_sem_rows"
"local","avancasp-enfermagem-calculo-de-administracao-de-medicamentos-e-infusoes-1776056292978-2","Cálculo de Administração de Medicamentos e Infusões","calculo-de-administracao-de-medicamentos-e-infusoes-lote-01","molde_concept_map_sem_items;molde_golden_rule_sem_rows"
"local","avancasp-enfermagem-calculo-de-administracao-de-medicamentos-e-infusoes-1776056292978-7","Cálculo de Administração de Medicamentos e Infusões","calculo-de-administracao-de-medicamentos-e-infusoes-lote-01","molde_concept_map_sem_items;molde_golden_rule_sem_rows"
"local","cebraspe-cespe-enfermagem-calculo-de-administracao-de-medicamentos-e-infusoes-1776056256294-8","Cálculo de Administração de Medicamentos e Infusões","calculo-de-administracao-de-medicamentos-e-infusoes-lote-01","molde_concept_map_sem_items;molde_golden_rule_sem_rows"
"local","cebraspe-cespe-enfermagem-calculo-de-administracao-de-medicamentos-e-infusoes-1776056318806-4","Cálculo de Administração de Medicamentos e Infusões","calculo-de-administracao-de-medicamentos-e-infusoes-lote-01","molde_golden_rule_sem_rows"
"local","cetrede-enfermagem-calculo-de-administracao-de-medicamentos-e-infusoes-1776056301382-4","Cálculo de Administração de Medicamentos e Infusões","calculo-de-administracao-de-medicamentos-e-infusoes-lote-01","molde_concept_map_sem_items;molde_golden_rule_sem_rows"
"local","cetrede-enfermagem-calculo-de-administracao-de-medicamentos-e-infusoes-1776056309743-7","Cálculo de Administração de Medicamentos e Infusões","calculo-de-administracao-de-medicamentos-e-infusoes-lote-01","molde_concept_map_sem_items;molde_golden_rule_sem_rows"
"local","cetrede-enfermagem-calculo-de-administracao-de-medicamentos-e-infusoes-1776056318806-1","Cálculo de Administração de Medicamentos e Infusões","calculo-de-administracao-de-medicamentos-e-infusoes-lote-01","molde_concept_map_sem_items;molde_golden_rule_sem_rows"
"local","cogeps-unioeste-enfermagem-calculo-de-administracao-de-medicamentos-e-infusoes-1776056301382-2","Cálculo de Administração de Medicamentos e Infusões","calculo-de-administracao-de-medicamentos-e-infusoes-lote-01","molde_concept_map_sem_items;molde_golden_rule_sem_rows"
"local","cogeps-unioeste-enfermagem-calculo-de-administracao-de-medicamentos-e-infusoes-1776056301382-3","Cálculo de Administração de Medicamentos e Infusões","calculo-de-administracao-de-medicamentos-e-infusoes-lote-01","molde_concept_map_sem_items;molde_golden_rule_sem_rows"
"local","coseac-uff-enfermagem-calculo-de-administracao-de-medicamentos-e-infusoes-1776056330579-3","Cálculo de Administração de Medicamentos e Infusões","calculo-de-administracao-de-medicamentos-e-infusoes-lote-01","molde_concept_map_sem_items;molde_golden_rule_sem_rows"
"local","coseac-uff-enfermagem-calculo-de-administracao-de-medicamentos-e-infusoes-1776056330579-4","Cálculo de Administração de Medicamentos e Infusões","calculo-de-administracao-de-medicamentos-e-infusoes-lote-01","molde_concept_map_sem_items;molde_golden_rule_sem_rows"
"local","coseac-uff-enfermagem-calculo-de-administracao-de-medicamentos-e-infusoes-1776056330579-5","Cálculo de Administração de Medicamentos e Infusões","calculo-de-administracao-de-medicamentos-e-infusoes-lote-01","molde_concept_map_sem_items;molde_golden_rule_sem_rows"
"local","cotec-fadenor-enfermagem-calculo-de-administracao-de-medicamentos-e-infusoes-1776056265348-1","Cálculo de Administração de Medicamentos e Infusões","calculo-de-administracao-de-medicamentos-e-infusoes-lote-01","molde_concept_map_sem_items;molde_golden_rule_sem_rows"
"local","cotec-fadenor-enfermagem-calculo-de-administracao-de-medicamentos-e-infusoes-1776056301382-1","Cálculo de Administração de Medicamentos e Infusões","calculo-de-administracao-de-medicamentos-e-infusoes-lote-01","molde_concept_map_sem_items;molde_golden_rule_sem_rows"
"local","fau-unicentro-enfermagem-calculo-de-administracao-de-medicamentos-e-infusoes-1776056309743-0","Cálculo de Administração de Medicamentos e Infusões","calculo-de-administracao-de-medicamentos-e-infusoes-lote-01","molde_concept_map_sem_items;molde_golden_rule_sem_rows"
"local","fau-unicentro-enfermagem-calculo-de-administracao-de-medicamentos-e-infusoes-1776056309743-1","Cálculo de Administração de Medicamentos e Infusões","calculo-de-administracao-de-medicamentos-e-infusoes-lote-01","molde_concept_map_sem_items;molde_golden_rule_sem_rows"
"local","fau-unicentro-enfermagem-calculo-de-administracao-de-medicamentos-e-infusoes-1776056309743-2","Cálculo de Administração de Medicamentos e Infusões","calculo-de-administracao-de-medicamentos-e-infusoes-lote-01","molde_concept_map_sem_items;molde_golden_rule_sem_rows"
"local","fau-unicentro-enfermagem-calculo-de-administracao-de-medicamentos-e-infusoes-1776056309743-5","Cálculo de Administração de Medicamentos e Infusões","calculo-de-administracao-de-medicamentos-e-infusoes-lote-01","molde_concept_map_sem_items;molde_golden_rule_sem_rows"
"local","fau-unicentro-enfermagem-calculo-de-administracao-de-medicamentos-e-infusoes-1776056309743-6","Cálculo de Administração de Medicamentos e Infusões","calculo-de-administracao-de-medicamentos-e-infusoes-lote-01","molde_concept_map_sem_items;molde_golden_rule_sem_rows"
"local","fauel-enfermagem-calculo-de-administracao-de-medicamentos-e-infusoes-1776056318806-2","Cálculo de Administração de Medicamentos e Infusões","calculo-de-administracao-de-medicamentos-e-infusoes-lote-01","molde_concept_map_sem_items;molde_golden_rule_sem_rows"
"local","fepese-enfermagem-calculo-de-administracao-de-medicamentos-e-infusoes-1776056284398-3","Cálculo de Administração de Medicamentos e Infusões","calculo-de-administracao-de-medicamentos-e-infusoes-lote-01","molde_concept_map_sem_items;molde_golden_rule_sem_rows"
"local","fepese-enfermagem-calculo-de-administracao-de-medicamentos-e-infusoes-1776056284398-4","Cálculo de Administração de Medicamentos e Infusões","calculo-de-administracao-de-medicamentos-e-infusoes-lote-01","molde_concept_map_sem_items;molde_golden_rule_sem_rows"
"local","fepese-enfermagem-calculo-de-administracao-de-medicamentos-e-infusoes-1776056309743-3","Cálculo de Administração de Medicamentos e Infusões","calculo-de-administracao-de-medicamentos-e-infusoes-lote-01","molde_concept_map_sem_items;molde_golden_rule_sem_rows"
"local","fepese-enfermagem-calculo-de-administracao-de-medicamentos-e-infusoes-1776056309743-4","Cálculo de Administração de Medicamentos e Infusões","calculo-de-administracao-de-medicamentos-e-infusoes-lote-01","molde_concept_map_sem_items;molde_golden_rule_sem_rows"
"local","fepese-enfermagem-calculo-de-administracao-de-medicamentos-e-infusoes-1776056318806-3","Cálculo de Administração de Medicamentos e Infusões","calculo-de-administracao-de-medicamentos-e-infusoes-lote-01","molde_concept_map_sem_items;molde_golden_rule_sem_rows"
"local","fepese-enfermagem-calculo-de-administracao-de-medicamentos-e-infusoes-1776056318806-5","Cálculo de Administração de Medicamentos e Infusões","calculo-de-administracao-de-medicamentos-e-infusoes-lote-01","molde_concept_map_sem_items;molde_golden_rule_sem_rows"
"local","fepese-enfermagem-calculo-de-administracao-de-medicamentos-e-infusoes-1776056318806-6","Cálculo de Administração de Medicamentos e Infusões","calculo-de-administracao-de-medicamentos-e-infusoes-lote-01","molde_concept_map_sem_items;molde_golden_rule_sem_rows"
"local","fgv-enfermagem-calculo-de-administracao-de-medicamentos-e-infusoes-1776056284398-5","Cálculo de Administração de Medicamentos e Infusões","calculo-de-administracao-de-medicamentos-e-infusoes-lote-01","molde_concept_map_sem_items;molde_golden_rule_sem_rows"
"local","fgv-enfermagem-calculo-de-administracao-de-medicamentos-e-infusoes-1776056284398-6","Cálculo de Administração de Medicamentos e Infusões","calculo-de-administracao-de-medicamentos-e-infusoes-lote-01","molde_concept_map_sem_items;molde_golden_rule_sem_rows"
"local","fgv-enfermagem-calculo-de-administracao-de-medicamentos-e-infusoes-1776056301382-0","Cálculo de Administração de Medicamentos e Infusões","calculo-de-administracao-de-medicamentos-e-infusoes-lote-01","molde_concept_map_sem_items;molde_golden_rule_sem_rows"
"local","fundatec-enfermagem-calculo-de-administracao-de-medicamentos-e-infusoes-1776056265348-6","Cálculo de Administração de Medicamentos e Infusões","calculo-de-administracao-de-medicamentos-e-infusoes-lote-01","molde_concept_map_sem_items;molde_golden_rule_sem_rows"
"local","fundatec-enfermagem-calculo-de-administracao-de-medicamentos-e-infusoes-1776056265348-7","Cálculo de Administração de Medicamentos e Infusões","calculo-de-administracao-de-medicamentos-e-infusoes-lote-01","molde_concept_map_sem_items;molde_golden_rule_sem_rows"
"local","fundatec-enfermagem-calculo-de-administracao-de-medicamentos-e-infusoes-1776056274291-8","Cálculo de Administração de Medicamentos e Infusões","calculo-de-administracao-de-medicamentos-e-infusoes-lote-01","molde_golden_rule_sem_rows"
"local","fundatec-enfermagem-calculo-de-administracao-de-medicamentos-e-infusoes-1776056284398-0","Cálculo de Administração de Medicamentos e Infusões","calculo-de-administracao-de-medicamentos-e-infusoes-lote-01","molde_concept_map_sem_items;molde_golden_rule_sem_rows"
"local","fundatec-enfermagem-calculo-de-administracao-de-medicamentos-e-infusoes-1776056292978-6","Cálculo de Administração de Medicamentos e Infusões","calculo-de-administracao-de-medicamentos-e-infusoes-lote-01","molde_concept_map_sem_items;molde_golden_rule_sem_rows"
"local","fundep-enfermagem-calculo-de-administracao-de-medicamentos-e-infusoes-1776056292978-3","Cálculo de Administração de Medicamentos e Infusões","calculo-de-administracao-de-medicamentos-e-infusoes-lote-01","molde_concept_map_sem_items;molde_golden_rule_sem_rows"
"local","fundep-enfermagem-calculo-de-administracao-de-medicamentos-e-infusoes-1776056318806-7","Cálculo de Administração de Medicamentos e Infusões","calculo-de-administracao-de-medicamentos-e-infusoes-lote-01","molde_concept_map_sem_items;molde_golden_rule_sem_rows"
"local","iaupe-enfermagem-calculo-de-administracao-de-medicamentos-e-infusoes-1776056265348-2","Cálculo de Administração de Medicamentos e Infusões","calculo-de-administracao-de-medicamentos-e-infusoes-lote-01","molde_concept_map_sem_items;molde_golden_rule_sem_rows"
"local","ibade-enfermagem-calculo-de-administracao-de-medicamentos-e-infusoes-1776056301382-8","Cálculo de Administração de Medicamentos e Infusões","calculo-de-administracao-de-medicamentos-e-infusoes-lote-01","molde_concept_map_sem_items;molde_golden_rule_sem_rows"
"local","ibgp-enfermagem-calculo-de-administracao-de-medicamentos-e-infusoes-1776056330579-2","Cálculo de Administração de Medicamentos e Infusões","calculo-de-administracao-de-medicamentos-e-infusoes-lote-01","molde_concept_map_sem_items;molde_golden_rule_sem_rows"
"local","idecan-enfermagem-calculo-de-administracao-de-medicamentos-e-infusoes-1778712108887-0","Cálculo de Administração de Medicamentos e Infusões","calculo-de-administracao-de-medicamentos-e-infusoes-lote-01","molde_concept_map_sem_items;molde_golden_rule_sem_rows"
"local","idecan-enfermagem-calculo-de-administracao-de-medicamentos-e-infusoes-1778712108887-1","Cálculo de Administração de Medicamentos e Infusões","calculo-de-administracao-de-medicamentos-e-infusoes-lote-02","molde_concept_map_sem_items;molde_golden_rule_sem_rows"
"local","idecan-enfermagem-calculo-de-administracao-de-medicamentos-e-infusoes-1780066909125-6","Cálculo de Administração de Medicamentos e Infusões","calculo-de-administracao-de-medicamentos-e-infusoes-lote-02","molde_concept_map_sem_items"
"local","idecan-enfermagem-calculo-de-administracao-de-medicamentos-e-infusoes-1780066909125-7","Cálculo de Administração de Medicamentos e Infusões","calculo-de-administracao-de-medicamentos-e-infusoes-lote-02","molde_concept_map_sem_items"
"local","idecan-enfermagem-calculo-de-administracao-de-medicamentos-e-infusoes-1780066909125-8","Cálculo de Administração de Medicamentos e Infusões","calculo-de-administracao-de-medicamentos-e-infusoes-lote-02","molde_concept_map_sem_items"
"local","idecan-geral-calculo-de-administracao-de-medicamentos-e-infusoes-1776056309743-8","Cálculo de Administração de Medicamentos e Infusões","calculo-de-administracao-de-medicamentos-e-infusoes-lote-02","molde_concept_map_sem_items;molde_golden_rule_sem_rows"
"local","idib-enfermagem-calculo-de-administracao-de-medicamentos-e-infusoes-1778934863952-5","Cálculo de Administração de Medicamentos e Infusões","calculo-de-administracao-de-medicamentos-e-infusoes-lote-02","molde_concept_map_sem_items;molde_golden_rule_sem_rows"
"local","imparh-enfermagem-calculo-de-administracao-de-medicamentos-e-infusoes-1776056274291-1","Cálculo de Administração de Medicamentos e Infusões","calculo-de-administracao-de-medicamentos-e-infusoes-lote-02","molde_golden_rule_sem_rows"
"local","imparh-enfermagem-calculo-de-administracao-de-medicamentos-e-infusoes-1776056274291-2","Cálculo de Administração de Medicamentos e Infusões","calculo-de-administracao-de-medicamentos-e-infusoes-lote-02","molde_golden_rule_sem_rows"
"local","instituto-aocp-enfermagem-calculo-de-administracao-de-medicamentos-e-infusoes-1776056265348-3","Cálculo de Administração de Medicamentos e Infusões","calculo-de-administracao-de-medicamentos-e-infusoes-lote-02","molde_concept_map_sem_items;molde_golden_rule_sem_rows"
"local","instituto-aocp-enfermagem-calculo-de-administracao-de-medicamentos-e-infusoes-1776056265348-4","Cálculo de Administração de Medicamentos e Infusões","calculo-de-administracao-de-medicamentos-e-infusoes-lote-02","molde_concept_map_sem_items;molde_golden_rule_sem_rows"
"local","instituto-aocp-enfermagem-calculo-de-administracao-de-medicamentos-e-infusoes-1776056265348-5","Cálculo de Administração de Medicamentos e Infusões","calculo-de-administracao-de-medicamentos-e-infusoes-lote-02","molde_concept_map_sem_items;molde_golden_rule_sem_rows"
"local","instituto-aocp-enfermagem-calculo-de-administracao-de-medicamentos-e-infusoes-1776056284398-2","Cálculo de Administração de Medicamentos e Infusões","calculo-de-administracao-de-medicamentos-e-infusoes-lote-02","molde_concept_map_sem_items;molde_golden_rule_sem_rows"
"local","isba-enfermagem-calculo-de-administracao-de-medicamentos-e-infusoes-1776056265348-0","Cálculo de Administração de Medicamentos e Infusões","calculo-de-administracao-de-medicamentos-e-infusoes-lote-02","molde_concept_map_sem_items;molde_golden_rule_sem_rows"
"local","itame-enfermagem-calculo-de-administracao-de-medicamentos-e-infusoes-1776056256294-1","Cálculo de Administração de Medicamentos e Infusões","calculo-de-administracao-de-medicamentos-e-infusoes-lote-02","molde_concept_map_sem_items;molde_golden_rule_sem_rows"
"local","ivin-enfermagem-calculo-de-administracao-de-medicamentos-e-infusoes-1776056256294-2","Cálculo de Administração de Medicamentos e Infusões","calculo-de-administracao-de-medicamentos-e-infusoes-lote-02","molde_concept_map_sem_items;molde_golden_rule_sem_rows"
"local","ivin-enfermagem-calculo-de-administracao-de-medicamentos-e-infusoes-1776056256294-3","Cálculo de Administração de Medicamentos e Infusões","calculo-de-administracao-de-medicamentos-e-infusoes-lote-02","molde_concept_map_sem_items;molde_golden_rule_sem_rows"
"local","ivin-enfermagem-calculo-de-administracao-de-medicamentos-e-infusoes-1776056256294-4","Cálculo de Administração de Medicamentos e Infusões","calculo-de-administracao-de-medicamentos-e-infusoes-lote-02","molde_concept_map_sem_items;molde_golden_rule_sem_rows"
"local","ivin-enfermagem-calculo-de-administracao-de-medicamentos-e-infusoes-1776056256294-5","Cálculo de Administração de Medicamentos e Infusões","calculo-de-administracao-de-medicamentos-e-infusoes-lote-02","molde_concept_map_sem_items;molde_golden_rule_sem_rows"
"local","lj-assessoria-enfermagem-calculo-de-administracao-de-medicamentos-e-infusoes-1776056256294-6","Cálculo de Administração de Medicamentos e Infusões","calculo-de-administracao-de-medicamentos-e-infusoes-lote-02","molde_concept_map_sem_items;molde_golden_rule_sem_rows"
"local","lj-assessoria-enfermagem-calculo-de-administracao-de-medicamentos-e-infusoes-1776056256294-7","Cálculo de Administração de Medicamentos e Infusões","calculo-de-administracao-de-medicamentos-e-infusoes-lote-02","molde_concept_map_sem_items;molde_golden_rule_sem_rows"
"local","nao-informado-geral-calculo-de-administracao-de-medicamentos-e-infusoes-1776056256294-0","Cálculo de Administração de Medicamentos e Infusões","calculo-de-administracao-de-medicamentos-e-infusoes-lote-02","molde_concept_map_sem_items;molde_golden_rule_sem_rows"
"local","objetiva-concursos-enfermagem-calculo-de-administracao-de-medicamentos-e-infusoes-1776056284398-1","Cálculo de Administração de Medicamentos e Infusões","calculo-de-administracao-de-medicamentos-e-infusoes-lote-02","molde_golden_rule_sem_rows"
"local","objetiva-concursos-enfermagem-calculo-de-administracao-de-medicamentos-e-infusoes-1776056284398-7","Cálculo de Administração de Medicamentos e Infusões","calculo-de-administracao-de-medicamentos-e-infusoes-lote-02","molde_concept_map_sem_items;molde_golden_rule_sem_rows"
"local","omni-enfermagem-calculo-de-administracao-de-medicamentos-e-infusoes-1776056318806-8","Cálculo de Administração de Medicamentos e Infusões","calculo-de-administracao-de-medicamentos-e-infusoes-lote-02","molde_concept_map_sem_items;molde_golden_rule_sem_rows"
"local","omni-enfermagem-calculo-de-administracao-de-medicamentos-e-infusoes-1776056330579-0","Cálculo de Administração de Medicamentos e Infusões","calculo-de-administracao-de-medicamentos-e-infusoes-lote-02","molde_concept_map_sem_items;molde_golden_rule_sem_rows"
"local","omni-enfermagem-calculo-de-administracao-de-medicamentos-e-infusoes-1776056330579-1","Cálculo de Administração de Medicamentos e Infusões","calculo-de-administracao-de-medicamentos-e-infusoes-lote-02","molde_concept_map_sem_items;molde_golden_rule_sem_rows"
"local","quadrix-enfermagem-calculo-de-administracao-de-medicamentos-e-infusoes-1776056274291-7","Cálculo de Administração de Medicamentos e Infusões","calculo-de-administracao-de-medicamentos-e-infusoes-lote-02","molde_concept_map_sem_items;molde_golden_rule_sem_rows"
"local","unifil-enfermagem-calculo-de-administracao-de-medicamentos-e-infusoes-1776056274291-0","Cálculo de Administração de Medicamentos e Infusões","calculo-de-administracao-de-medicamentos-e-infusoes-lote-02","molde_concept_map_sem_items;molde_golden_rule_sem_rows"
"local","unifil-enfermagem-calculo-de-administracao-de-medicamentos-e-infusoes-1776056292978-4","Cálculo de Administração de Medicamentos e Infusões","calculo-de-administracao-de-medicamentos-e-infusoes-lote-02","molde_concept_map_sem_items;molde_golden_rule_sem_rows"
"local","unifil-enfermagem-calculo-de-administracao-de-medicamentos-e-infusoes-1776056292978-5","Cálculo de Administração de Medicamentos e Infusões","calculo-de-administracao-de-medicamentos-e-infusoes-lote-02","molde_concept_map_sem_items;molde_golden_rule_sem_rows"
"local","vunesp-enfermagem-calculo-de-administracao-de-medicamentos-e-infusoes-1776056301382-5","Cálculo de Administração de Medicamentos e Infusões","calculo-de-administracao-de-medicamentos-e-infusoes-lote-02","molde_concept_map_sem_items;molde_golden_rule_sem_rows"
"local","vunesp-enfermagem-calculo-de-administracao-de-medicamentos-e-infusoes-1776056301382-6","Cálculo de Administração de Medicamentos e Infusões","calculo-de-administracao-de-medicamentos-e-infusoes-lote-02","molde_concept_map_sem_items;molde_golden_rule_sem_rows"
"local","vunesp-enfermagem-calculo-de-administracao-de-medicamentos-e-infusoes-1776056301382-7","Cálculo de Administração de Medicamentos e Infusões","calculo-de-administracao-de-medicamentos-e-infusoes-lote-02","molde_concept_map_sem_items;molde_golden_rule_sem_rows"
"local","idecan-enfermagem-coleta-de-exames-laboratoriais-1778712165781-4","Coleta de Exames Laboratoriais","coleta-de-exames-laboratoriais-lote-02","molde_golden_rule_sem_rows"
"local","idecan-enfermagem-coleta-de-exames-laboratoriais-1778712165781-5","Coleta de Exames Laboratoriais","coleta-de-exames-laboratoriais-lote-02","molde_golden_rule_sem_rows"
"local","idecan-enfermagem-coleta-de-exames-laboratoriais-1778712165781-6","Coleta de Exames Laboratoriais","coleta-de-exames-laboratoriais-lote-02","molde_golden_rule_sem_rows"
"local","idecan-enfermagem-coleta-de-exames-laboratoriais-1778712165781-7","Coleta de Exames Laboratoriais","coleta-de-exames-laboratoriais-lote-02","molde_golden_rule_sem_rows"
"local","idecan-enfermagem-coleta-de-exames-laboratoriais-1778712165781-8","Coleta de Exames Laboratoriais","coleta-de-exames-laboratoriais-lote-02","molde_golden_rule_sem_rows"
"local","avancasp-enfermagem-exames-laboratoriais-1779563559434-2","Coleta de Exames Laboratoriais","coleta-lote-01","molde_concept_map_sem_items"
"local","decorp-enfermagem-exames-laboratoriais-1779563553840-3","Coleta de Exames Laboratoriais","coleta-lote-01","molde_concept_map_sem_items"
"local","fundatec-enfermagem-exames-complementares-1779563679414-5","Coleta de Exames Laboratoriais","coleta-lote-01","stub_markers"
"local","idecan-enfermagem-coleta-de-exames-laboratoriais-1778712165781-4","Coleta de Exames Laboratoriais","coleta-lote-01","molde_golden_rule_sem_rows"
"local","idecan-enfermagem-coleta-de-exames-laboratoriais-1778712165781-5","Coleta de Exames Laboratoriais","coleta-lote-01","molde_golden_rule_sem_rows"
"local","idecan-enfermagem-coleta-de-exames-laboratoriais-1778712165781-6","Coleta de Exames Laboratoriais","coleta-lote-01","molde_golden_rule_sem_rows"
"local","idecan-enfermagem-coleta-de-exames-laboratoriais-1778712165781-7","Coleta de Exames Laboratoriais","coleta-lote-01","molde_golden_rule_sem_rows"
"local","idecan-enfermagem-coleta-de-exames-laboratoriais-1778712165781-8","Coleta de Exames Laboratoriais","coleta-lote-01","molde_golden_rule_sem_rows"
"local","idecan-enfermagem-exames-complementares-1778712242196-2","Coleta de Exames Laboratoriais","coleta-lote-01","molde_golden_rule_sem_rows"
"local","idecan-enfermagem-exames-laboratoriais-1778712242196-1","Coleta de Exames Laboratoriais","coleta-lote-01","molde_golden_rule_sem_rows"
"local","instituto-access-enfermagem-exames-laboratoriais-1779563559434-3","Coleta de Exames Laboratoriais","coleta-lote-01","molde_concept_map_sem_items"
"local","metrocapital-enfermagem-seguranca-do-paciente-1777102936764-8","Coleta de Exames Laboratoriais","coleta-lote-01","molde_golden_rule_sem_rows"
"local","adm-tec-enfermagem-curativos-e-manejo-de-feridas-1779344773456-1","Curativos e Manejo de Feridas","curativos-e-manejo-de-feridas-lote-01","molde_golden_rule_sem_rows"
"local","ameosc-enfermagem-curativos-e-manejo-de-feridas-1779344766321-8","Curativos e Manejo de Feridas","curativos-e-manejo-de-feridas-lote-01","molde_golden_rule_sem_rows"
"local","ameosc-enfermagem-curativos-e-manejo-de-feridas-1779344773456-0","Curativos e Manejo de Feridas","curativos-e-manejo-de-feridas-lote-01","molde_golden_rule_sem_rows"
"local","ameosc-enfermagem-curativos-e-manejo-de-feridas-1779344773456-7","Curativos e Manejo de Feridas","curativos-e-manejo-de-feridas-lote-01","molde_golden_rule_sem_rows"
"local","ameosc-enfermagem-curativos-e-manejo-de-feridas-1779344773456-8","Curativos e Manejo de Feridas","curativos-e-manejo-de-feridas-lote-01","molde_golden_rule_sem_rows"
"local","ameosc-enfermagem-curativos-e-manejo-de-feridas-1779344779828-6","Curativos e Manejo de Feridas","curativos-e-manejo-de-feridas-lote-01","molde_golden_rule_sem_rows"
"local","ameosc-enfermagem-curativos-e-manejo-de-feridas-1779344813448-6","Curativos e Manejo de Feridas","curativos-e-manejo-de-feridas-lote-01","molde_golden_rule_sem_rows"
"local","ameosc-enfermagem-curativos-e-manejo-de-feridas-1779344813448-7","Curativos e Manejo de Feridas","curativos-e-manejo-de-feridas-lote-01","molde_golden_rule_sem_rows"
"local","atame-enfermagem-curativos-e-manejo-de-feridas-1779269228428-3","Curativos e Manejo de Feridas","curativos-e-manejo-de-feridas-lote-01","molde_golden_rule_sem_rows"
"local","avancasp-enfermagem-curativos-e-manejo-de-feridas-1779269212740-0","Curativos e Manejo de Feridas","curativos-e-manejo-de-feridas-lote-01","molde_golden_rule_sem_rows"
"local","avancasp-enfermagem-curativos-e-manejo-de-feridas-1779269212740-1","Curativos e Manejo de Feridas","curativos-e-manejo-de-feridas-lote-01","molde_golden_rule_sem_rows"
"local","avancasp-enfermagem-curativos-e-manejo-de-feridas-1779269212740-2","Curativos e Manejo de Feridas","curativos-e-manejo-de-feridas-lote-01","molde_golden_rule_sem_rows"
"local","avancasp-enfermagem-curativos-e-manejo-de-feridas-1779269212740-3","Curativos e Manejo de Feridas","curativos-e-manejo-de-feridas-lote-01","molde_golden_rule_sem_rows"
"local","avancasp-enfermagem-curativos-e-manejo-de-feridas-1779344759089-1","Curativos e Manejo de Feridas","curativos-e-manejo-de-feridas-lote-01","molde_golden_rule_sem_rows"
"local","avancasp-enfermagem-curativos-e-manejo-de-feridas-1779344766321-2","Curativos e Manejo de Feridas","curativos-e-manejo-de-feridas-lote-01","molde_golden_rule_sem_rows"
"local","avancasp-enfermagem-curativos-e-manejo-de-feridas-1779344766321-3","Curativos e Manejo de Feridas","curativos-e-manejo-de-feridas-lote-01","molde_golden_rule_sem_rows"
"local","avancasp-enfermagem-curativos-e-manejo-de-feridas-1779344766321-4","Curativos e Manejo de Feridas","curativos-e-manejo-de-feridas-lote-01","molde_golden_rule_sem_rows"
"local","avancasp-enfermagem-curativos-e-manejo-de-feridas-1779344766321-5","Curativos e Manejo de Feridas","curativos-e-manejo-de-feridas-lote-01","molde_golden_rule_sem_rows"
"local","avancasp-enfermagem-curativos-e-manejo-de-feridas-1779344813448-0","Curativos e Manejo de Feridas","curativos-e-manejo-de-feridas-lote-01","molde_golden_rule_sem_rows"
"local","avancasp-enfermagem-curativos-e-manejo-de-feridas-1779344826734-1","Curativos e Manejo de Feridas","curativos-e-manejo-de-feridas-lote-01","molde_golden_rule_sem_rows"
"local","avancasp-enfermagem-curativos-e-manejo-de-feridas-1779344826734-2","Curativos e Manejo de Feridas","curativos-e-manejo-de-feridas-lote-01","molde_golden_rule_sem_rows"
"local","avancasp-enfermagem-curativos-e-manejo-de-feridas-1779344826734-3","Curativos e Manejo de Feridas","curativos-e-manejo-de-feridas-lote-01","molde_golden_rule_sem_rows"
"local","avancasp-enfermagem-curativos-e-manejo-de-feridas-1779344826734-4","Curativos e Manejo de Feridas","curativos-e-manejo-de-feridas-lote-01","molde_golden_rule_sem_rows"
"local","cetap-enfermagem-curativos-e-manejo-de-feridas-1779344819753-8","Curativos e Manejo de Feridas","curativos-e-manejo-de-feridas-lote-01","molde_golden_rule_sem_rows"
"local","cev-urca-enfermagem-curativos-e-manejo-de-feridas-1779269212740-7","Curativos e Manejo de Feridas","curativos-e-manejo-de-feridas-lote-01","molde_golden_rule_sem_rows"
"local","cev-urca-enfermagem-curativos-e-manejo-de-feridas-1779344773456-2","Curativos e Manejo de Feridas","curativos-e-manejo-de-feridas-lote-01","molde_golden_rule_sem_rows"
"local","cpcon-uepb-enfermagem-curativos-e-manejo-de-feridas-1779344786992-2","Curativos e Manejo de Feridas","curativos-e-manejo-de-feridas-lote-01","molde_golden_rule_sem_rows"
"local","decorp-enfermagem-curativos-e-manejo-de-feridas-1779344786992-0","Curativos e Manejo de Feridas","curativos-e-manejo-de-feridas-lote-01","molde_golden_rule_sem_rows"
"local","decorp-enfermagem-curativos-e-manejo-de-feridas-1779344786992-4","Curativos e Manejo de Feridas","curativos-e-manejo-de-feridas-lote-01","molde_golden_rule_sem_rows"
"local","decorp-enfermagem-curativos-e-manejo-de-feridas-1779344786992-5","Curativos e Manejo de Feridas","curativos-e-manejo-de-feridas-lote-01","molde_golden_rule_sem_rows"
"local","decorp-enfermagem-curativos-e-manejo-de-feridas-1779344819753-0","Curativos e Manejo de Feridas","curativos-e-manejo-de-feridas-lote-01","molde_golden_rule_sem_rows"
"local","decorp-enfermagem-curativos-e-manejo-de-feridas-1779344819753-1","Curativos e Manejo de Feridas","curativos-e-manejo-de-feridas-lote-01","molde_golden_rule_sem_rows"
"local","educa-pb-enfermagem-curativos-e-manejo-de-feridas-1779344779828-1","Curativos e Manejo de Feridas","curativos-e-manejo-de-feridas-lote-02","molde_golden_rule_sem_rows"
"local","facet-enfermagem-curativos-e-manejo-de-feridas-1779344751294-9","Curativos e Manejo de Feridas","curativos-e-manejo-de-feridas-lote-02","molde_golden_rule_sem_rows"
"local","facet-enfermagem-curativos-e-manejo-de-feridas-1779344759089-0","Curativos e Manejo de Feridas","curativos-e-manejo-de-feridas-lote-02","molde_golden_rule_sem_rows"
"local","facet-enfermagem-curativos-e-manejo-de-feridas-1779344779828-5","Curativos e Manejo de Feridas","curativos-e-manejo-de-feridas-lote-02","molde_golden_rule_sem_rows"
"local","facet-enfermagem-curativos-e-manejo-de-feridas-1779344786992-7","Curativos e Manejo de Feridas","curativos-e-manejo-de-feridas-lote-02","molde_golden_rule_sem_rows"
"local","facet-enfermagem-curativos-e-manejo-de-feridas-1779344786992-8","Curativos e Manejo de Feridas","curativos-e-manejo-de-feridas-lote-02","molde_golden_rule_sem_rows"
"local","facet-enfermagem-curativos-e-manejo-de-feridas-1779344786992-9","Curativos e Manejo de Feridas","curativos-e-manejo-de-feridas-lote-02","molde_golden_rule_sem_rows"
"local","fau-unicentro-enfermagem-curativos-e-manejo-de-feridas-1779344759089-4","Curativos e Manejo de Feridas","curativos-e-manejo-de-feridas-lote-02","molde_golden_rule_sem_rows"
"local","fau-unicentro-enfermagem-curativos-e-manejo-de-feridas-1779344773456-4","Curativos e Manejo de Feridas","curativos-e-manejo-de-feridas-lote-02","molde_golden_rule_sem_rows"
"local","fepese-enfermagem-curativos-e-manejo-de-feridas-1779344779828-7","Curativos e Manejo de Feridas","curativos-e-manejo-de-feridas-lote-02","molde_golden_rule_sem_rows"
"local","fepese-enfermagem-curativos-e-manejo-de-feridas-1779344819753-2","Curativos e Manejo de Feridas","curativos-e-manejo-de-feridas-lote-02","molde_golden_rule_sem_rows"
"local","fepese-enfermagem-curativos-e-manejo-de-feridas-1779344819753-3","Curativos e Manejo de Feridas","curativos-e-manejo-de-feridas-lote-02","molde_golden_rule_sem_rows"
"local","fgv-enfermagem-curativos-e-manejo-de-feridas-1779344759089-2","Curativos e Manejo de Feridas","curativos-e-manejo-de-feridas-lote-02","molde_concept_map_sem_items;molde_golden_rule_sem_rows"
"local","fgv-enfermagem-curativos-e-manejo-de-feridas-1779344759089-5","Curativos e Manejo de Feridas","curativos-e-manejo-de-feridas-lote-02","molde_golden_rule_sem_rows"
"local","fgv-enfermagem-curativos-e-manejo-de-feridas-1779344819753-5","Curativos e Manejo de Feridas","curativos-e-manejo-de-feridas-lote-02","molde_golden_rule_sem_rows"
"local","fundatec-enfermagem-curativos-e-manejo-de-feridas-1779344813448-1","Curativos e Manejo de Feridas","curativos-e-manejo-de-feridas-lote-02","molde_golden_rule_sem_rows"
"local","fundatec-enfermagem-curativos-e-manejo-de-feridas-1779344813448-2","Curativos e Manejo de Feridas","curativos-e-manejo-de-feridas-lote-02","molde_golden_rule_sem_rows"
"local","fundep-enfermagem-curativos-e-manejo-de-feridas-1779269212740-6","Curativos e Manejo de Feridas","curativos-e-manejo-de-feridas-lote-02","molde_golden_rule_sem_rows"
"local","funtef-enfermagem-curativos-e-manejo-de-feridas-1779269305691-4","Curativos e Manejo de Feridas","curativos-e-manejo-de-feridas-lote-02","molde_concept_map_sem_items"
"local","furb-enfermagem-curativos-e-manejo-de-feridas-1779344786992-1","Curativos e Manejo de Feridas","curativos-e-manejo-de-feridas-lote-02","molde_golden_rule_sem_rows"
"local","iaupe-enfermagem-curativos-e-manejo-de-feridas-1779269228428-1","Curativos e Manejo de Feridas","curativos-e-manejo-de-feridas-lote-02","molde_golden_rule_sem_rows"
"local","iaupe-enfermagem-curativos-e-manejo-de-feridas-1779344819753-7","Curativos e Manejo de Feridas","curativos-e-manejo-de-feridas-lote-02","molde_golden_rule_sem_rows"
"local","ibade-enfermagem-curativos-e-manejo-de-feridas-1779344819753-6","Curativos e Manejo de Feridas","curativos-e-manejo-de-feridas-lote-02","molde_golden_rule_sem_rows"
"local","ibam-enfermagem-curativos-e-manejo-de-feridas-1779344779828-0","Curativos e Manejo de Feridas","curativos-e-manejo-de-feridas-lote-02","molde_golden_rule_sem_rows"
"local","ibfc-enfermagem-curativos-e-manejo-de-feridas-1779269228428-6","Curativos e Manejo de Feridas","curativos-e-manejo-de-feridas-lote-02","molde_golden_rule_sem_rows"
"local","ibfc-enfermagem-curativos-e-manejo-de-feridas-1779269228428-7","Curativos e Manejo de Feridas","curativos-e-manejo-de-feridas-lote-02","molde_golden_rule_sem_rows"
"local","ibfc-enfermagem-curativos-e-manejo-de-feridas-1779344766321-1","Curativos e Manejo de Feridas","curativos-e-manejo-de-feridas-lote-02","molde_golden_rule_sem_rows"
"local","idecan-enfermagem-curativos-e-manejo-de-feridas-1778712165781-0","Curativos e Manejo de Feridas","curativos-e-manejo-de-feridas-lote-02","molde_golden_rule_sem_rows"
"local","idecan-enfermagem-curativos-e-manejo-de-feridas-1778712165781-1","Curativos e Manejo de Feridas","curativos-e-manejo-de-feridas-lote-02","molde_golden_rule_sem_rows"
"local","idecan-enfermagem-curativos-e-manejo-de-feridas-1778712165781-2","Curativos e Manejo de Feridas","curativos-e-manejo-de-feridas-lote-02","molde_golden_rule_sem_rows"
"local","idesg-enfermagem-curativos-e-manejo-de-feridas-1779344759089-7","Curativos e Manejo de Feridas","curativos-e-manejo-de-feridas-lote-02","molde_golden_rule_sem_rows"
"local","idesg-enfermagem-curativos-e-manejo-de-feridas-1779344759089-8","Curativos e Manejo de Feridas","curativos-e-manejo-de-feridas-lote-02","molde_golden_rule_sem_rows"
"local","idesg-enfermagem-curativos-e-manejo-de-feridas-1779344766321-0","Curativos e Manejo de Feridas","curativos-e-manejo-de-feridas-lote-02","molde_golden_rule_sem_rows"
"local","igeduc-enfermagem-curativos-e-manejo-de-feridas-1779344751294-8","Curativos e Manejo de Feridas","curativos-e-manejo-de-feridas-lote-02","molde_golden_rule_sem_rows"
"local","igeduc-enfermagem-curativos-e-manejo-de-feridas-1779344773456-3","Curativos e Manejo de Feridas","curativos-e-manejo-de-feridas-lote-02","molde_golden_rule_sem_rows"
"local","inaz-do-para-enfermagem-curativos-e-manejo-de-feridas-1779269228428-0","Curativos e Manejo de Feridas","curativos-e-manejo-de-feridas-lote-02","molde_golden_rule_sem_rows"
"local","inaz-do-para-enfermagem-curativos-e-manejo-de-feridas-1779269228428-2","Curativos e Manejo de Feridas","curativos-e-manejo-de-feridas-lote-02","molde_golden_rule_sem_rows"
"local","instituto-access-enfermagem-curativos-e-manejo-de-feridas-1779344773456-6","Curativos e Manejo de Feridas","curativos-e-manejo-de-feridas-lote-03","molde_golden_rule_sem_rows"
"local","instituto-access-enfermagem-curativos-e-manejo-de-feridas-1779344779828-8","Curativos e Manejo de Feridas","curativos-e-manejo-de-feridas-lote-03","molde_golden_rule_sem_rows"
"local","instituto-aocp-enfermagem-curativos-e-manejo-de-feridas-1779344826734-0","Curativos e Manejo de Feridas","curativos-e-manejo-de-feridas-lote-03","molde_golden_rule_sem_rows"
"local","instituto-verbena-enfermagem-curativos-e-manejo-de-feridas-1779269212740-4","Curativos e Manejo de Feridas","curativos-e-manejo-de-feridas-lote-03","molde_golden_rule_sem_rows"
"local","instituto-verbena-enfermagem-curativos-e-manejo-de-feridas-1779269212740-5","Curativos e Manejo de Feridas","curativos-e-manejo-de-feridas-lote-03","molde_golden_rule_sem_rows"
"local","instituto-verbena-enfermagem-curativos-e-manejo-de-feridas-1779344826734-6","Curativos e Manejo de Feridas","curativos-e-manejo-de-feridas-lote-03","molde_golden_rule_sem_rows"
"local","instituto-verbena-enfermagem-curativos-e-manejo-de-feridas-1779344826734-7","Curativos e Manejo de Feridas","curativos-e-manejo-de-feridas-lote-03","molde_golden_rule_sem_rows"
"local","ivin-enfermagem-curativos-e-manejo-de-feridas-1779344819753-4","Curativos e Manejo de Feridas","curativos-e-manejo-de-feridas-lote-03","molde_golden_rule_sem_rows"
"local","objetiva-concursos-enfermagem-curativos-e-manejo-de-feridas-1779344759089-3","Curativos e Manejo de Feridas","curativos-e-manejo-de-feridas-lote-03","molde_golden_rule_sem_rows"
"local","selecon-enfermagem-curativos-e-manejo-de-feridas-1779344773456-5","Curativos e Manejo de Feridas","curativos-e-manejo-de-feridas-lote-03","molde_golden_rule_sem_rows"
"local","selecon-enfermagem-curativos-e-manejo-de-feridas-1779344813448-4","Curativos e Manejo de Feridas","curativos-e-manejo-de-feridas-lote-03","molde_golden_rule_sem_rows"
"local","selecon-enfermagem-curativos-e-manejo-de-feridas-1779344813448-5","Curativos e Manejo de Feridas","curativos-e-manejo-de-feridas-lote-03","molde_golden_rule_sem_rows"
"local","unesc-enfermagem-curativos-e-manejo-de-feridas-1779344751294-7","Curativos e Manejo de Feridas","curativos-e-manejo-de-feridas-lote-03","molde_golden_rule_sem_rows"
"local","unesc-enfermagem-curativos-e-manejo-de-feridas-1779344759089-6","Curativos e Manejo de Feridas","curativos-e-manejo-de-feridas-lote-03","molde_golden_rule_sem_rows"
"local","unesc-enfermagem-curativos-e-manejo-de-feridas-1779344766321-6","Curativos e Manejo de Feridas","curativos-e-manejo-de-feridas-lote-03","molde_golden_rule_sem_rows"
"local","unesc-enfermagem-curativos-e-manejo-de-feridas-1779344766321-7","Curativos e Manejo de Feridas","curativos-e-manejo-de-feridas-lote-03","molde_golden_rule_sem_rows"
"local","unifil-enfermagem-curativos-e-manejo-de-feridas-1779344813448-3","Curativos e Manejo de Feridas","curativos-e-manejo-de-feridas-lote-03","molde_golden_rule_sem_rows"
"local","univali-enfermagem-curativos-e-manejo-de-feridas-1779269228428-4","Curativos e Manejo de Feridas","curativos-e-manejo-de-feridas-lote-03","molde_golden_rule_sem_rows"
"local","univali-enfermagem-curativos-e-manejo-de-feridas-1779269228428-5","Curativos e Manejo de Feridas","curativos-e-manejo-de-feridas-lote-03","molde_golden_rule_sem_rows"
"local","vunesp-enfermagem-curativos-e-manejo-de-feridas-1779344779828-2","Curativos e Manejo de Feridas","curativos-e-manejo-de-feridas-lote-03","molde_golden_rule_sem_rows"
"local","vunesp-enfermagem-curativos-e-manejo-de-feridas-1779344779828-3","Curativos e Manejo de Feridas","curativos-e-manejo-de-feridas-lote-03","molde_golden_rule_sem_rows"
"local","vunesp-enfermagem-curativos-e-manejo-de-feridas-1779344779828-4","Curativos e Manejo de Feridas","curativos-e-manejo-de-feridas-lote-03","molde_golden_rule_sem_rows"
"local","cebraspe-cespe-enfermagem-curativos-e-manejo-de-feridas-1779340178514-1","Curativos e Manejo de Feridas","curativos-lote-02","molde_golden_rule_sem_rows"
"local","cebraspe-cespe-enfermagem-curativos-e-manejo-de-feridas-1779340178514-2","Curativos e Manejo de Feridas","curativos-lote-02","molde_golden_rule_sem_rows"
"local","cebraspe-cespe-enfermagem-curativos-e-manejo-de-feridas-1779340178514-1","Curativos e Manejo de Feridas","curativos-lote-03","molde_golden_rule_sem_rows"
"local","cebraspe-cespe-enfermagem-curativos-e-manejo-de-feridas-1779340178514-2","Curativos e Manejo de Feridas","curativos-lote-03","molde_golden_rule_sem_rows"
"local","cebraspe-cespe-enfermagem-curativos-e-manejo-de-feridas-1779340178514-3","Curativos e Manejo de Feridas","curativos-lote-04","molde_golden_rule_sem_rows"
"local","cebraspe-cespe-enfermagem-curativos-e-manejo-de-feridas-1779340178514-4","Curativos e Manejo de Feridas","curativos-lote-04","molde_golden_rule_sem_rows"
"local","cebraspe-cespe-enfermagem-curativos-e-manejo-de-feridas-1779340178514-5","Curativos e Manejo de Feridas","curativos-lote-04","molde_golden_rule_sem_rows"
"local","cebraspe-cespe-enfermagem-processo-de-enfermagem-1780001790945-1","Curativos e Manejo de Feridas","curativos-lote-04","molde_golden_rule_sem_rows"
"local","instituto-ibed-enfermagem-processo-de-enfermagem-1780004917460-4","Curativos e Manejo de Feridas","curativos-lote-06","molde_golden_rule_sem_rows"
"local","quadrix-enfermagem-processo-de-enfermagem-1780009281546-6","Curativos e Manejo de Feridas","curativos-lote-06","molde_golden_rule_sem_rows"
"local","quadrix-enfermagem-processo-de-enfermagem-1780009294428-9","Curativos e Manejo de Feridas","curativos-lote-06","molde_golden_rule_sem_rows"
"local","cebraspe-cespe-enfermagem-curativos-e-manejo-de-feridas-1779340178514-3","Curativos e Manejo de Feridas","curativos-piloto-builder-v2","molde_golden_rule_sem_rows"
"local","ivin-enfermagem-enfermagem-em-centro-cirurgico-1777103887798-5","Enfermagem em Centro Cirúrgico","enfermagem-em-centro-cirurgico-lote-03","stub_markers"
"local","fundatec-enfermagem-exames-complementares-1779563679414-5","Exames complementares","exames-complementares-lote-01","stub_markers"
"local","avancasp-enfermagem-exames-laboratoriais-1779563559434-2","Exames Laboratoriais","exames-laboratoriais-lote-01","molde_concept_map_sem_items"
"local","decorp-enfermagem-exames-laboratoriais-1779563553840-3","Exames Laboratoriais","exames-laboratoriais-lote-01","molde_concept_map_sem_items"
"local","idecan-enfermagem-exames-laboratoriais-1778712242196-1","Exames Laboratoriais","exames-laboratoriais-lote-01","molde_golden_rule_sem_rows"
"local","instituto-access-enfermagem-exames-laboratoriais-1779563559434-3","Exames Laboratoriais","exames-laboratoriais-lote-01","molde_concept_map_sem_items"
"local","cpcon-uepb-enfermagem-curativos-e-manejo-de-feridas-1779344786992-2","Curativos e Manejo de Feridas","golden-curativos-ists","molde_golden_rule_sem_rows"
"local","facet-enfermagem-curativos-e-manejo-de-feridas-1779344786992-7","Curativos e Manejo de Feridas","golden-curativos-ists","molde_golden_rule_sem_rows"
"local","facet-enfermagem-curativos-e-manejo-de-feridas-1779344786992-8","Curativos e Manejo de Feridas","golden-curativos-ists","molde_golden_rule_sem_rows"
"local","cebraspe-cespe-enfermagem-processo-de-enfermagem-1780001790945-3","Imunização","imunizacao-builder-lote-01","molde_golden_rule_sem_rows"
"local","fau-unicentro-enfermagem-epidemiologia-e-vigilancia-epidemiologica-1779563608452-3","Imunização","imunizacao-builder-lote-01","molde_golden_rule_sem_rows"
"local","fenix-instituto-enfermagem-promocao-a-saude-e-prevencao-de-agravos-1779563858390-3","Imunização","imunizacao-builder-lote-01","molde_golden_rule_sem_rows"
"local","idecan-enfermagem-infeccoes-sexualmente-transmissiveis-ists-1778712304760-1","Imunização","imunizacao-builder-lote-01","molde_golden_rule_sem_rows"
"local","idecan-enfermagem-outras-doencas-e-questoes-mescladas-sobre-doencas-transmissiveis-1778712315153-2","Imunização","imunizacao-builder-lote-01","molde_golden_rule_sem_rows"
"local","idecan-enfermagem-saude-do-idoso-1778712437306-7","Imunização","imunizacao-builder-lote-01","molde_golden_rule_sem_rows"
"local","ieses-enfermagem-atencao-basica-saude-da-familia-1778968357339-6","Imunização","imunizacao-builder-lote-01","molde_golden_rule_sem_rows"
"local","ieses-enfermagem-promocao-a-saude-e-prevencao-de-agravos-1779563923516-4","Imunização","imunizacao-builder-lote-01","molde_golden_rule_sem_rows"
"local","igeduc-enfermagem-urgencias-e-emergencias-1777104024064-3","Imunização","imunizacao-builder-lote-02","molde_golden_rule_sem_rows"
"local","instituto-ibed-enfermagem-processo-de-enfermagem-1780004917460-3","Imunização","imunizacao-builder-lote-02","molde_golden_rule_sem_rows"
"local","legalle-enfermagem-processo-de-enfermagem-1780010905023-7","Imunização","imunizacao-builder-lote-02","molde_golden_rule_sem_rows"
"local","ms-sarmento-enfermagem-processo-de-enfermagem-1780008219236-5","Imunização","imunizacao-builder-lote-02","molde_golden_rule_sem_rows"
"local","quadrix-enfermagem-processo-de-enfermagem-1780009294428-1","Imunização","imunizacao-builder-lote-02","molde_golden_rule_sem_rows"
"local","selecon-enfermagem-processo-de-enfermagem-1780009322055-2","Imunização","imunizacao-builder-lote-02","molde_golden_rule_sem_rows"
"local","univali-enfermagem-auditoria-e-gestao-da-qualidade-enfermagem-1779563701860-2","Imunização","imunizacao-builder-lote-02","molde_golden_rule_sem_rows"
"local","univali-enfermagem-auditoria-e-gestao-da-qualidade-enfermagem-1779563701860-3","Imunização","imunizacao-builder-lote-02","molde_golden_rule_sem_rows"
"local","univali-enfermagem-auditoria-e-gestao-da-qualidade-enfermagem-1779563701860-4","Imunização","imunizacao-builder-lote-02","molde_golden_rule_sem_rows"
"local","vunesp-geral-outras-doencas-e-questoes-mescladas-sobre-doencas-transmissiveis-1779564125198-1","Imunização","imunizacao-builder-lote-02","molde_golden_rule_sem_rows"
"local","amauc-enfermagem-imunizacao-1779564109452-2","Imunização","imunizacao-lote-02","molde_golden_rule_sem_rows"
"local","ameosc-enfermagem-imunizacao-1779564079834-1","Imunização","imunizacao-lote-02","molde_golden_rule_sem_rows"
"local","ameosc-enfermagem-imunizacao-1779572207173-8","Imunização","imunizacao-lote-02","molde_golden_rule_sem_rows"
"local","apice-enfermagem-imunizacao-1779564079834-2","Imunização","imunizacao-lote-02","molde_golden_rule_sem_rows"
"local","avancasp-enfermagem-imunizacao-1777103222102-5","Imunização","imunizacao-lote-02","molde_golden_rule_sem_rows"
"local","cebraspe-cespe-enfermagem-imunizacao-1777103230085-8","Imunização","imunizacao-lote-02","molde_golden_rule_sem_rows"
"local","cebraspe-cespe-enfermagem-imunizacao-1777103238173-0","Imunização","imunizacao-lote-02","molde_golden_rule_sem_rows"
"local","cebraspe-cespe-enfermagem-imunizacao-1777103238173-1","Imunização","imunizacao-lote-02","molde_golden_rule_sem_rows"
"local","cebraspe-cespe-enfermagem-imunizacao-1777103238173-2","Imunização","imunizacao-lote-02","molde_golden_rule_sem_rows"
"local","cebraspe-cespe-enfermagem-imunizacao-1779572166628-0","Imunização","imunizacao-lote-02","molde_golden_rule_sem_rows"
"local","cebraspe-cespe-enfermagem-imunizacao-1779572166628-1","Imunização","imunizacao-lote-02","molde_golden_rule_sem_rows"
"local","cebraspe-cespe-enfermagem-imunizacao-1779572171486-8","Imunização","imunizacao-lote-02","molde_golden_rule_sem_rows"
"local","cogeps-unioeste-enfermagem-imunizacao-1779564119665-3","Imunização","imunizacao-lote-03","molde_golden_rule_sem_rows"
"local","copese-ufpi-enfermagem-imunizacao-1779564079834-5","Imunização","imunizacao-lote-03","molde_golden_rule_sem_rows"
"local","fau-unicentro-enfermagem-imunizacao-1779563970889-5","Imunização","imunizacao-lote-04","molde_golden_rule_sem_rows"
"local","fau-unicentro-enfermagem-imunizacao-1779564040128-3","Imunização","imunizacao-lote-04","molde_golden_rule_sem_rows"
"local","fau-unicentro-enfermagem-imunizacao-1779564044052-5","Imunização","imunizacao-lote-04","molde_golden_rule_sem_rows"
"local","fau-unicentro-enfermagem-imunizacao-1779572180830-7","Imunização","imunizacao-lote-04","molde_golden_rule_sem_rows"
"local","fcc-enfermagem-imunizacao-1777103264001-4","Imunização","imunizacao-lote-04","molde_golden_rule_sem_rows"
"local","fcm-enfermagem-imunizacao-1779564096589-1","Imunização","imunizacao-lote-05","molde_golden_rule_sem_rows"
"local","fgv-enfermagem-imunizacao-1779563992006-8","Imunização","imunizacao-lote-05","molde_golden_rule_sem_rows"
"local","fgv-enfermagem-imunizacao-1779564053668-6","Imunização","imunizacao-lote-05","molde_golden_rule_sem_rows"
"local","fundatec-enfermagem-imunizacao-1779563975447-1","Imunização","imunizacao-lote-05","molde_golden_rule_sem_rows"
"local","fundatec-enfermagem-imunizacao-1779572528473-2","Imunização","imunizacao-lote-06","molde_golden_rule_sem_rows"
"local","furb-enfermagem-imunizacao-1779564071106-7","Imunização","imunizacao-lote-06","molde_golden_rule_sem_rows"
"local","fuvest-enfermagem-imunizacao-1779564109452-8","Imunização","imunizacao-lote-06","molde_golden_rule_sem_rows"
"local","ibade-enfermagem-imunizacao-1777103230085-4","Imunização","imunizacao-lote-06","molde_golden_rule_sem_rows"
"local","ibade-enfermagem-imunizacao-1777103230085-6","Imunização","imunizacao-lote-06","molde_golden_rule_sem_rows"
"local","idecan-enfermagem-imunizacao-1778712270872-7","Imunização","imunizacao-lote-07","molde_golden_rule_sem_rows"
"local","idecan-enfermagem-imunizacao-1778712281975-6","Imunização","imunizacao-lote-07","molde_golden_rule_sem_rows"
"local","idecan-enfermagem-imunizacao-1778712281975-7","Imunização","imunizacao-lote-07","molde_golden_rule_sem_rows"
"local","idecan-enfermagem-imunizacao-1778712281975-8","Imunização","imunizacao-lote-07","molde_golden_rule_sem_rows"
"local","igeduc-enfermagem-imunizacao-1779563975447-8","Imunização","imunizacao-lote-07","molde_golden_rule_sem_rows"
"local","igeduc-enfermagem-imunizacao-1779563992006-0","Imunização","imunizacao-lote-07","molde_golden_rule_sem_rows"
"local","igeduc-enfermagem-imunizacao-1779564035545-0","Imunização","imunizacao-lote-07","molde_golden_rule_sem_rows"
"local","igeduc-enfermagem-imunizacao-1779564035545-1","Imunização","imunizacao-lote-07","molde_golden_rule_sem_rows"
"local","igeduc-enfermagem-imunizacao-1779564035545-2","Imunização","imunizacao-lote-07","molde_golden_rule_sem_rows"
"local","igeduc-enfermagem-imunizacao-1779564040128-4","Imunização","imunizacao-lote-07","molde_golden_rule_sem_rows"
"local","igeduc-enfermagem-imunizacao-1779564040128-5","Imunização","imunizacao-lote-07","molde_golden_rule_sem_rows"
"local","igeduc-enfermagem-imunizacao-1779564044052-6","Imunização","imunizacao-lote-07","molde_golden_rule_sem_rows"
"local","igeduc-enfermagem-imunizacao-1779564044052-7","Imunização","imunizacao-lote-07","molde_golden_rule_sem_rows"
"local","igeduc-enfermagem-imunizacao-1779564048247-0","Imunização","imunizacao-lote-07","molde_golden_rule_sem_rows"
"local","igeduc-enfermagem-imunizacao-1779564048247-1","Imunização","imunizacao-lote-07","molde_golden_rule_sem_rows"
"local","igeduc-enfermagem-imunizacao-1779564048247-2","Imunização","imunizacao-lote-08","molde_golden_rule_sem_rows"
"local","igeduc-enfermagem-imunizacao-1779564048247-3","Imunização","imunizacao-lote-08","molde_golden_rule_sem_rows"
"local","igeduc-enfermagem-imunizacao-1779564059030-7","Imunização","imunizacao-lote-08","molde_golden_rule_sem_rows"
"local","igeduc-enfermagem-imunizacao-1779564059030-8","Imunização","imunizacao-lote-08","molde_golden_rule_sem_rows"
"local","igeduc-enfermagem-imunizacao-1779564059030-9","Imunização","imunizacao-lote-08","molde_golden_rule_sem_rows"
"local","instituto-consulpam-enfermagem-imunizacao-1779564109452-5","Imunização","imunizacao-lote-08","molde_golden_rule_sem_rows"
"local","instituto-consulplan-enfermagem-imunizacao-1777103222102-2","Imunização","imunizacao-lote-08","molde_golden_rule_sem_rows"
"local","instituto-consulplan-enfermagem-imunizacao-1779564053668-2","Imunização","imunizacao-lote-08","molde_golden_rule_sem_rows"
"local","instituto-consulplan-enfermagem-imunizacao-1779564090395-0","Imunização","imunizacao-lote-08","molde_golden_rule_sem_rows"
"local","legalle-enfermagem-imunizacao-1779572166628-3","Imunização","imunizacao-lote-09","molde_golden_rule_sem_rows"
"local","ms-sarmento-enfermagem-imunizacao-1777103215560-5","Imunização","imunizacao-lote-09","molde_golden_rule_sem_rows"
"local","quadrix-enfermagem-imunizacao-1777103277533-0","Imunização","imunizacao-lote-09","molde_golden_rule_sem_rows"
"local","vunesp-enfermagem-imunizacao-1779564090395-3","Imunização","imunizacao-lote-11","molde_golden_rule_sem_rows"
"local","vunesp-enfermagem-imunizacao-1779564090395-4","Imunização","imunizacao-lote-11","molde_golden_rule_sem_rows"
"local","fgv-enfermagem-infeccoes-sexualmente-transmissiveis-ists-1779572159431-6","Infecções Sexualmente Transmissíveis (ISTs)","infeccoes-sexualmente-transmissiveis-ists-lote-01","molde_concept_map_sem_items"
"local","idecan-enfermagem-infeccoes-sexualmente-transmissiveis-ists-1778712294130-0","Infecções Sexualmente Transmissíveis (ISTs)","infeccoes-sexualmente-transmissiveis-ists-lote-01","molde_golden_rule_sem_rows"
"local","idecan-enfermagem-infeccoes-sexualmente-transmissiveis-ists-1778712294130-1","Infecções Sexualmente Transmissíveis (ISTs)","infeccoes-sexualmente-transmissiveis-ists-lote-01","molde_golden_rule_sem_rows"
"local","idecan-enfermagem-infeccoes-sexualmente-transmissiveis-ists-1778712294130-2","Infecções Sexualmente Transmissíveis (ISTs)","infeccoes-sexualmente-transmissiveis-ists-lote-01","molde_golden_rule_sem_rows"
"local","idecan-enfermagem-infeccoes-sexualmente-transmissiveis-ists-1778712294130-3","Infecções Sexualmente Transmissíveis (ISTs)","infeccoes-sexualmente-transmissiveis-ists-lote-01","molde_golden_rule_sem_rows"
"local","idecan-enfermagem-infeccoes-sexualmente-transmissiveis-ists-1778712294130-4","Infecções Sexualmente Transmissíveis (ISTs)","infeccoes-sexualmente-transmissiveis-ists-lote-01","molde_golden_rule_sem_rows"
"local","idecan-enfermagem-infeccoes-sexualmente-transmissiveis-ists-1778712294130-5","Infecções Sexualmente Transmissíveis (ISTs)","infeccoes-sexualmente-transmissiveis-ists-lote-01","molde_golden_rule_sem_rows"
"local","idecan-enfermagem-infeccoes-sexualmente-transmissiveis-ists-1778712294130-6","Infecções Sexualmente Transmissíveis (ISTs)","infeccoes-sexualmente-transmissiveis-ists-lote-01","molde_golden_rule_sem_rows"
"local","idecan-enfermagem-infeccoes-sexualmente-transmissiveis-ists-1778712294130-7","Infecções Sexualmente Transmissíveis (ISTs)","infeccoes-sexualmente-transmissiveis-ists-lote-01","molde_golden_rule_sem_rows"
"local","idecan-enfermagem-infeccoes-sexualmente-transmissiveis-ists-1778712304760-0","Infecções Sexualmente Transmissíveis (ISTs)","infeccoes-sexualmente-transmissiveis-ists-lote-01","molde_golden_rule_sem_rows"
"local","idecan-enfermagem-infeccoes-sexualmente-transmissiveis-ists-1778712304760-1","Infecções Sexualmente Transmissíveis (ISTs)","infeccoes-sexualmente-transmissiveis-ists-lote-01","molde_golden_rule_sem_rows"
"local","idecan-enfermagem-infeccoes-sexualmente-transmissiveis-ists-1778712304760-2","Infecções Sexualmente Transmissíveis (ISTs)","infeccoes-sexualmente-transmissiveis-ists-lote-01","molde_golden_rule_sem_rows"
"local","idecan-enfermagem-infeccoes-sexualmente-transmissiveis-ists-1778712304760-3","Infecções Sexualmente Transmissíveis (ISTs)","infeccoes-sexualmente-transmissiveis-ists-lote-01","molde_golden_rule_sem_rows"
"local","idecan-enfermagem-infeccoes-sexualmente-transmissiveis-ists-1778712304760-4","Infecções Sexualmente Transmissíveis (ISTs)","infeccoes-sexualmente-transmissiveis-ists-lote-01","molde_golden_rule_sem_rows"
"local","idecan-enfermagem-infeccoes-sexualmente-transmissiveis-ists-1778712304760-5","Infecções Sexualmente Transmissíveis (ISTs)","infeccoes-sexualmente-transmissiveis-ists-lote-01","molde_golden_rule_sem_rows"
"local","idecan-enfermagem-infeccoes-sexualmente-transmissiveis-ists-1778712304760-6","Infecções Sexualmente Transmissíveis (ISTs)","infeccoes-sexualmente-transmissiveis-ists-lote-02","molde_golden_rule_sem_rows"
"local","idecan-enfermagem-infeccoes-sexualmente-transmissiveis-ists-1778712304760-7","Infecções Sexualmente Transmissíveis (ISTs)","infeccoes-sexualmente-transmissiveis-ists-lote-02","molde_golden_rule_sem_rows"
"local","idecan-enfermagem-infeccoes-sexualmente-transmissiveis-ists-1778712304760-8","Infecções Sexualmente Transmissíveis (ISTs)","infeccoes-sexualmente-transmissiveis-ists-lote-02","molde_golden_rule_sem_rows"
"local","idib-enfermagem-infeccoes-sexualmente-transmissiveis-ists-1778934909266-2","Infecções Sexualmente Transmissíveis (ISTs)","infeccoes-sexualmente-transmissiveis-ists-lote-02","molde_golden_rule_sem_rows"
"local","idib-enfermagem-infeccoes-sexualmente-transmissiveis-ists-1778934909266-3","Infecções Sexualmente Transmissíveis (ISTs)","infeccoes-sexualmente-transmissiveis-ists-lote-02","molde_golden_rule_sem_rows"
"local","adm-tec-enfermagem-vias-de-administracao-1776056401060-9","Vias de Administração","layout-pilot-v2","stub_markers;molde_concept_map_sem_items"
"local","ameosc-enfermagem-imunizacao-1779572207173-7","Imunização","layout-pilot-v2","stub_markers;molde_concept_map_sem_items"
"local","ameosc-enfermagem-processo-de-enfermagem-1780002934000-7","Processo de Enfermagem","layout-pilot-v2","molde_golden_rule_sem_rows"
"local","ameosc-enfermagem-verificacao-de-sinais-vitais-1778969752567-3","Verificação de Sinais Vitais","layout-pilot-v2","molde_golden_rule_sem_rows"
"local","ameosc-enfermagem-vias-de-administracao-1776056348175-5","Vias de Administração","layout-pilot-v2","molde_golden_rule_sem_rows"
"local","avancasp-enfermagem-vias-de-administracao-1776056338955-1","Vias de Administração","layout-pilot-v2","molde_golden_rule_sem_rows"
"local","cebraspe-cespe-enfermagem-vias-de-administracao-1776056401060-2","Vias de Administração","layout-pilot-v2","molde_golden_rule_sem_rows"
"local","fgv-enfermagem-imunizacao-1779564085730-5","Imunização","layout-pilot-v2","stub_markers;molde_concept_map_sem_items"
"local","adm-tec-enfermagem-oxigenoterapia-e-cuidados-respiratorios-1779344651728-3","Oxigenoterapia e Cuidados Respiratórios","oxigeno-preview","molde_golden_rule_sem_rows"
"local","adm-tec-enfermagem-oxigenoterapia-e-cuidados-respiratorios-1776056624615-7","Oxigenoterapia e Cuidados Respiratórios","oxigenoterapia-e-cuidados-respiratorios-lote-01","molde_golden_rule_sem_rows"
"local","adm-tec-enfermagem-oxigenoterapia-e-cuidados-respiratorios-1776056641612-0","Oxigenoterapia e Cuidados Respiratórios","oxigenoterapia-e-cuidados-respiratorios-lote-01","molde_golden_rule_sem_rows"
"local","adm-tec-enfermagem-oxigenoterapia-e-cuidados-respiratorios-1779344651728-3","Oxigenoterapia e Cuidados Respiratórios","oxigenoterapia-e-cuidados-respiratorios-lote-01","molde_golden_rule_sem_rows"
"local","adm-tec-enfermagem-oxigenoterapia-e-cuidados-respiratorios-1779344651728-4","Oxigenoterapia e Cuidados Respiratórios","oxigenoterapia-e-cuidados-respiratorios-lote-01","molde_golden_rule_sem_rows"
"local","agirh-enfermagem-oxigenoterapia-e-cuidados-respiratorios-1779344707320-2","Oxigenoterapia e Cuidados Respiratórios","oxigenoterapia-e-cuidados-respiratorios-lote-01","molde_golden_rule_sem_rows"
"local","agirh-enfermagem-oxigenoterapia-e-cuidados-respiratorios-1779344707320-4","Oxigenoterapia e Cuidados Respiratórios","oxigenoterapia-e-cuidados-respiratorios-lote-01","molde_golden_rule_sem_rows"
"local","amauc-enfermagem-oxigenoterapia-e-cuidados-respiratorios-1779344701804-8","Oxigenoterapia e Cuidados Respiratórios","oxigenoterapia-e-cuidados-respiratorios-lote-01","molde_golden_rule_sem_rows"
"local","amauc-enfermagem-oxigenoterapia-e-cuidados-respiratorios-1779344718151-8","Oxigenoterapia e Cuidados Respiratórios","oxigenoterapia-e-cuidados-respiratorios-lote-01","molde_golden_rule_sem_rows"
"local","ameosc-enfermagem-oxigenoterapia-e-cuidados-respiratorios-1779344688622-7","Oxigenoterapia e Cuidados Respiratórios","oxigenoterapia-e-cuidados-respiratorios-lote-01","molde_golden_rule_sem_rows"
"local","ameosc-enfermagem-oxigenoterapia-e-cuidados-respiratorios-1779344701804-0","Oxigenoterapia e Cuidados Respiratórios","oxigenoterapia-e-cuidados-respiratorios-lote-01","molde_golden_rule_sem_rows"
"local","atame-enfermagem-oxigenoterapia-e-cuidados-respiratorios-1779344645032-2","Oxigenoterapia e Cuidados Respiratórios","oxigenoterapia-e-cuidados-respiratorios-lote-01","molde_golden_rule_sem_rows"
"local","avancasp-enfermagem-oxigenoterapia-e-cuidados-respiratorios-1776056624615-5","Oxigenoterapia e Cuidados Respiratórios","oxigenoterapia-e-cuidados-respiratorios-lote-01","molde_golden_rule_sem_rows"
"local","avancasp-enfermagem-oxigenoterapia-e-cuidados-respiratorios-1776056709494-2","Oxigenoterapia e Cuidados Respiratórios","oxigenoterapia-e-cuidados-respiratorios-lote-01","molde_golden_rule_sem_rows"
"local","avancasp-enfermagem-oxigenoterapia-e-cuidados-respiratorios-1779344637595-0","Oxigenoterapia e Cuidados Respiratórios","oxigenoterapia-e-cuidados-respiratorios-lote-01","molde_golden_rule_sem_rows"
"local","avancasp-enfermagem-oxigenoterapia-e-cuidados-respiratorios-1779344637595-1","Oxigenoterapia e Cuidados Respiratórios","oxigenoterapia-e-cuidados-respiratorios-lote-01","molde_golden_rule_sem_rows"
"local","avancasp-enfermagem-oxigenoterapia-e-cuidados-respiratorios-1779344637595-5","Oxigenoterapia e Cuidados Respiratórios","oxigenoterapia-e-cuidados-respiratorios-lote-01","molde_golden_rule_sem_rows"
"local","avancasp-enfermagem-oxigenoterapia-e-cuidados-respiratorios-1779344645032-0","Oxigenoterapia e Cuidados Respiratórios","oxigenoterapia-e-cuidados-respiratorios-lote-01","molde_golden_rule_sem_rows"
"local","avancasp-enfermagem-oxigenoterapia-e-cuidados-respiratorios-1779344667377-1","Oxigenoterapia e Cuidados Respiratórios","oxigenoterapia-e-cuidados-respiratorios-lote-01","molde_golden_rule_sem_rows"
"local","avancasp-enfermagem-oxigenoterapia-e-cuidados-respiratorios-1779344712561-5","Oxigenoterapia e Cuidados Respiratórios","oxigenoterapia-e-cuidados-respiratorios-lote-01","molde_golden_rule_sem_rows"
"local","avancasp-enfermagem-oxigenoterapia-e-cuidados-respiratorios-1779344742779-5","Oxigenoterapia e Cuidados Respiratórios","oxigenoterapia-e-cuidados-respiratorios-lote-01","molde_golden_rule_sem_rows"
"local","avancasp-enfermagem-oxigenoterapia-e-cuidados-respiratorios-1779344751294-2","Oxigenoterapia e Cuidados Respiratórios","oxigenoterapia-e-cuidados-respiratorios-lote-01","molde_golden_rule_sem_rows"
"local","avancasp-enfermagem-oxigenoterapia-e-cuidados-respiratorios-1779344786992-6","Oxigenoterapia e Cuidados Respiratórios","oxigenoterapia-e-cuidados-respiratorios-lote-01","molde_golden_rule_sem_rows"
"local","cebraspe-cespe-enfermagem-oxigenoterapia-e-cuidados-respiratorios-1779344718151-4","Oxigenoterapia e Cuidados Respiratórios","oxigenoterapia-e-cuidados-respiratorios-lote-01","molde_golden_rule_sem_rows"
"local","cebraspe-cespe-enfermagem-oxigenoterapia-e-cuidados-respiratorios-1779344751294-0","Oxigenoterapia e Cuidados Respiratórios","oxigenoterapia-e-cuidados-respiratorios-lote-01","molde_golden_rule_sem_rows"
"local","cebraspe-cespe-enfermagem-oxigenoterapia-e-cuidados-respiratorios-1779344751294-1","Oxigenoterapia e Cuidados Respiratórios","oxigenoterapia-e-cuidados-respiratorios-lote-01","molde_golden_rule_sem_rows"
"local","com-exam-pref-bauru-enfermagem-oxigenoterapia-e-cuidados-respiratorios-1779344667377-0","Oxigenoterapia e Cuidados Respiratórios","oxigenoterapia-e-cuidados-respiratorios-lote-01","molde_golden_rule_sem_rows"
"local","consulplan-enfermagem-oxigenoterapia-e-cuidados-respiratorios-1779344688622-0","Oxigenoterapia e Cuidados Respiratórios","oxigenoterapia-e-cuidados-respiratorios-lote-01","molde_golden_rule_sem_rows"
"local","copese-ufpi-enfermagem-oxigenoterapia-e-cuidados-respiratorios-1779344701804-1","Oxigenoterapia e Cuidados Respiratórios","oxigenoterapia-e-cuidados-respiratorios-lote-01","molde_golden_rule_sem_rows"
"local","copese-ufpi-enfermagem-oxigenoterapia-e-cuidados-respiratorios-1779344701804-2","Oxigenoterapia e Cuidados Respiratórios","oxigenoterapia-e-cuidados-respiratorios-lote-01","molde_golden_rule_sem_rows"
"local","copese-ufpi-enfermagem-oxigenoterapia-e-cuidados-respiratorios-1779344701804-3","Oxigenoterapia e Cuidados Respiratórios","oxigenoterapia-e-cuidados-respiratorios-lote-01","molde_golden_rule_sem_rows"
"local","coseac-uff-enfermagem-oxigenoterapia-e-cuidados-respiratorios-1779344688622-2","Oxigenoterapia e Cuidados Respiratórios","oxigenoterapia-e-cuidados-respiratorios-lote-01","molde_golden_rule_sem_rows"
"local","coseac-uff-enfermagem-oxigenoterapia-e-cuidados-respiratorios-1779344751294-5","Oxigenoterapia e Cuidados Respiratórios","oxigenoterapia-e-cuidados-respiratorios-lote-01","molde_golden_rule_sem_rows"
"local","coseac-uff-enfermagem-oxigenoterapia-e-cuidados-respiratorios-1779344751294-6","Oxigenoterapia e Cuidados Respiratórios","oxigenoterapia-e-cuidados-respiratorios-lote-01","molde_golden_rule_sem_rows"
"local","cotec-fadenor-enfermagem-oxigenoterapia-e-cuidados-respiratorios-1776056694842-5","Oxigenoterapia e Cuidados Respiratórios","oxigenoterapia-e-cuidados-respiratorios-lote-01","molde_golden_rule_sem_rows"
"local","cotec-fadenor-enfermagem-oxigenoterapia-e-cuidados-respiratorios-1779344637595-7","Oxigenoterapia e Cuidados Respiratórios","oxigenoterapia-e-cuidados-respiratorios-lote-01","molde_golden_rule_sem_rows"
"local","cpcon-uepb-enfermagem-oxigenoterapia-e-cuidados-respiratorios-1779344651728-2","Oxigenoterapia e Cuidados Respiratórios","oxigenoterapia-e-cuidados-respiratorios-lote-01","molde_golden_rule_sem_rows"
"local","cpcon-uepb-enfermagem-oxigenoterapia-e-cuidados-respiratorios-1779344718151-1","Oxigenoterapia e Cuidados Respiratórios","oxigenoterapia-e-cuidados-respiratorios-lote-01","molde_golden_rule_sem_rows"
"local","educa-pb-enfermagem-oxigenoterapia-e-cuidados-respiratorios-1779344718151-2","Oxigenoterapia e Cuidados Respiratórios","oxigenoterapia-e-cuidados-respiratorios-lote-01","molde_golden_rule_sem_rows"
"local","facape-enfermagem-oxigenoterapia-e-cuidados-respiratorios-1776056624615-9","Oxigenoterapia e Cuidados Respiratórios","oxigenoterapia-e-cuidados-respiratorios-lote-01","molde_golden_rule_sem_rows"
"local","fau-unicentro-enfermagem-oxigenoterapia-e-cuidados-respiratorios-1776056709494-1","Oxigenoterapia e Cuidados Respiratórios","oxigenoterapia-e-cuidados-respiratorios-lote-01","molde_golden_rule_sem_rows"
"local","fau-unicentro-enfermagem-oxigenoterapia-e-cuidados-respiratorios-1779344718151-0","Oxigenoterapia e Cuidados Respiratórios","oxigenoterapia-e-cuidados-respiratorios-lote-01","molde_golden_rule_sem_rows"
"local","fau-unicentro-enfermagem-oxigenoterapia-e-cuidados-respiratorios-1779344742779-6","Oxigenoterapia e Cuidados Respiratórios","oxigenoterapia-e-cuidados-respiratorios-lote-01","molde_golden_rule_sem_rows"
"local","fenix-instituto-enfermagem-oxigenoterapia-e-cuidados-respiratorios-1776056600234-6","Oxigenoterapia e Cuidados Respiratórios","oxigenoterapia-e-cuidados-respiratorios-lote-01","molde_golden_rule_sem_rows"
"local","fenix-instituto-enfermagem-oxigenoterapia-e-cuidados-respiratorios-1776056641612-4","Oxigenoterapia e Cuidados Respiratórios","oxigenoterapia-e-cuidados-respiratorios-lote-01","molde_golden_rule_sem_rows"
"local","fepese-enfermagem-oxigenoterapia-e-cuidados-respiratorios-1779344707320-0","Oxigenoterapia e Cuidados Respiratórios","oxigenoterapia-e-cuidados-respiratorios-lote-01","molde_golden_rule_sem_rows"
"local","fgv-enfermagem-oxigenoterapia-e-cuidados-respiratorios-1776056624615-1","Oxigenoterapia e Cuidados Respiratórios","oxigenoterapia-e-cuidados-respiratorios-lote-01","molde_golden_rule_sem_rows"
"local","fgv-enfermagem-oxigenoterapia-e-cuidados-respiratorios-1776056641612-1","Oxigenoterapia e Cuidados Respiratórios","oxigenoterapia-e-cuidados-respiratorios-lote-01","molde_golden_rule_sem_rows"
"local","fgv-enfermagem-oxigenoterapia-e-cuidados-respiratorios-1776056694842-2","Oxigenoterapia e Cuidados Respiratórios","oxigenoterapia-e-cuidados-respiratorios-lote-01","molde_golden_rule_sem_rows"
"local","fgv-enfermagem-oxigenoterapia-e-cuidados-respiratorios-1776056694842-4","Oxigenoterapia e Cuidados Respiratórios","oxigenoterapia-e-cuidados-respiratorios-lote-01","molde_golden_rule_sem_rows"
"local","fgv-enfermagem-oxigenoterapia-e-cuidados-respiratorios-1776056709494-9","Oxigenoterapia e Cuidados Respiratórios","oxigenoterapia-e-cuidados-respiratorios-lote-02","molde_golden_rule_sem_rows"
"local","fgv-enfermagem-oxigenoterapia-e-cuidados-respiratorios-1779344667377-2","Oxigenoterapia e Cuidados Respiratórios","oxigenoterapia-e-cuidados-respiratorios-lote-02","molde_golden_rule_sem_rows"
"local","fgv-enfermagem-oxigenoterapia-e-cuidados-respiratorios-1779344667377-5","Oxigenoterapia e Cuidados Respiratórios","oxigenoterapia-e-cuidados-respiratorios-lote-02","molde_golden_rule_sem_rows"
"local","fgv-enfermagem-oxigenoterapia-e-cuidados-respiratorios-1779344688622-8","Oxigenoterapia e Cuidados Respiratórios","oxigenoterapia-e-cuidados-respiratorios-lote-02","molde_golden_rule_sem_rows"
"local","fgv-enfermagem-oxigenoterapia-e-cuidados-respiratorios-1779344742779-0","Oxigenoterapia e Cuidados Respiratórios","oxigenoterapia-e-cuidados-respiratorios-lote-02","molde_golden_rule_sem_rows"
"local","fgv-enfermagem-oxigenoterapia-e-cuidados-respiratorios-1779344742779-2","Oxigenoterapia e Cuidados Respiratórios","oxigenoterapia-e-cuidados-respiratorios-lote-02","molde_golden_rule_sem_rows"
"local","fundatec-enfermagem-oxigenoterapia-e-cuidados-respiratorios-1776056694842-0","Oxigenoterapia e Cuidados Respiratórios","oxigenoterapia-e-cuidados-respiratorios-lote-02","molde_golden_rule_sem_rows"
"local","fundatec-enfermagem-oxigenoterapia-e-cuidados-respiratorios-1776056694842-1","Oxigenoterapia e Cuidados Respiratórios","oxigenoterapia-e-cuidados-respiratorios-lote-02","molde_golden_rule_sem_rows"
"local","fundatec-enfermagem-oxigenoterapia-e-cuidados-respiratorios-1779344657661-0","Oxigenoterapia e Cuidados Respiratórios","oxigenoterapia-e-cuidados-respiratorios-lote-02","molde_golden_rule_sem_rows"
"local","fundatec-enfermagem-oxigenoterapia-e-cuidados-respiratorios-1779344667377-3","Oxigenoterapia e Cuidados Respiratórios","oxigenoterapia-e-cuidados-respiratorios-lote-02","molde_golden_rule_sem_rows"
"local","fundatec-enfermagem-oxigenoterapia-e-cuidados-respiratorios-1779344667377-4","Oxigenoterapia e Cuidados Respiratórios","oxigenoterapia-e-cuidados-respiratorios-lote-02","molde_golden_rule_sem_rows"
"local","fundatec-enfermagem-oxigenoterapia-e-cuidados-respiratorios-1779344701804-7","Oxigenoterapia e Cuidados Respiratórios","oxigenoterapia-e-cuidados-respiratorios-lote-02","molde_golden_rule_sem_rows"
"local","fundatec-enfermagem-oxigenoterapia-e-cuidados-respiratorios-1779344712561-8","Oxigenoterapia e Cuidados Respiratórios","oxigenoterapia-e-cuidados-respiratorios-lote-02","molde_golden_rule_sem_rows"
"local","fundep-enfermagem-oxigenoterapia-e-cuidados-respiratorios-1779344751294-3","Oxigenoterapia e Cuidados Respiratórios","oxigenoterapia-e-cuidados-respiratorios-lote-02","molde_golden_rule_sem_rows"
"local","fundepes-copeve-ufal-enfermagem-oxigenoterapia-e-cuidados-respiratorios-1779344645032-3","Oxigenoterapia e Cuidados Respiratórios","oxigenoterapia-e-cuidados-respiratorios-lote-02","molde_golden_rule_sem_rows"
"local","furb-enfermagem-oxigenoterapia-e-cuidados-respiratorios-1779344657661-4","Oxigenoterapia e Cuidados Respiratórios","oxigenoterapia-e-cuidados-respiratorios-lote-02","molde_golden_rule_sem_rows"
"local","furb-enfermagem-oxigenoterapia-e-cuidados-respiratorios-1779344657661-5","Oxigenoterapia e Cuidados Respiratórios","oxigenoterapia-e-cuidados-respiratorios-lote-02","molde_golden_rule_sem_rows"
"local","furb-enfermagem-oxigenoterapia-e-cuidados-respiratorios-1779344688622-4","Oxigenoterapia e Cuidados Respiratórios","oxigenoterapia-e-cuidados-respiratorios-lote-02","molde_golden_rule_sem_rows"
"local","fuvest-enfermagem-oxigenoterapia-e-cuidados-respiratorios-1779344707320-3","Oxigenoterapia e Cuidados Respiratórios","oxigenoterapia-e-cuidados-respiratorios-lote-02","molde_golden_rule_sem_rows"
"local","gama-enfermagem-oxigenoterapia-e-cuidados-respiratorios-1779344645032-5","Oxigenoterapia e Cuidados Respiratórios","oxigenoterapia-e-cuidados-respiratorios-lote-02","molde_golden_rule_sem_rows"
"local","gama-enfermagem-oxigenoterapia-e-cuidados-respiratorios-1779344645032-7","Oxigenoterapia e Cuidados Respiratórios","oxigenoterapia-e-cuidados-respiratorios-lote-02","molde_golden_rule_sem_rows"
"local","gama-enfermagem-oxigenoterapia-e-cuidados-respiratorios-1779344651728-0","Oxigenoterapia e Cuidados Respiratórios","oxigenoterapia-e-cuidados-respiratorios-lote-02","molde_golden_rule_sem_rows"
"local","gama-enfermagem-oxigenoterapia-e-cuidados-respiratorios-1779344651728-1","Oxigenoterapia e Cuidados Respiratórios","oxigenoterapia-e-cuidados-respiratorios-lote-02","molde_golden_rule_sem_rows"
"local","gualimp-enfermagem-oxigenoterapia-e-cuidados-respiratorios-1779344742779-3","Oxigenoterapia e Cuidados Respiratórios","oxigenoterapia-e-cuidados-respiratorios-lote-02","molde_golden_rule_sem_rows"
"local","iaupe-enfermagem-oxigenoterapia-e-cuidados-respiratorios-1776056709494-0","Oxigenoterapia e Cuidados Respiratórios","oxigenoterapia-e-cuidados-respiratorios-lote-02","molde_golden_rule_sem_rows"
"local","iaupe-enfermagem-oxigenoterapia-e-cuidados-respiratorios-1779344645032-1","Oxigenoterapia e Cuidados Respiratórios","oxigenoterapia-e-cuidados-respiratorios-lote-02","molde_golden_rule_sem_rows"
"local","iaupe-enfermagem-oxigenoterapia-e-cuidados-respiratorios-1779344657661-2","Oxigenoterapia e Cuidados Respiratórios","oxigenoterapia-e-cuidados-respiratorios-lote-02","molde_golden_rule_sem_rows"
"local","iaupe-enfermagem-oxigenoterapia-e-cuidados-respiratorios-1779344657661-3","Oxigenoterapia e Cuidados Respiratórios","oxigenoterapia-e-cuidados-respiratorios-lote-02","molde_golden_rule_sem_rows"
"local","ibade-enfermagem-oxigenoterapia-e-cuidados-respiratorios-1779344712561-2","Oxigenoterapia e Cuidados Respiratórios","oxigenoterapia-e-cuidados-respiratorios-lote-02","molde_golden_rule_sem_rows"
"local","ibade-enfermagem-oxigenoterapia-e-cuidados-respiratorios-1779344712561-3","Oxigenoterapia e Cuidados Respiratórios","oxigenoterapia-e-cuidados-respiratorios-lote-02","molde_golden_rule_sem_rows"
"local","ibade-enfermagem-oxigenoterapia-e-cuidados-respiratorios-1779344712561-4","Oxigenoterapia e Cuidados Respiratórios","oxigenoterapia-e-cuidados-respiratorios-lote-02","molde_golden_rule_sem_rows"
"local","ibade-enfermagem-oxigenoterapia-e-cuidados-respiratorios-1779344712561-6","Oxigenoterapia e Cuidados Respiratórios","oxigenoterapia-e-cuidados-respiratorios-lote-02","molde_golden_rule_sem_rows"
"local","ibade-enfermagem-oxigenoterapia-e-cuidados-respiratorios-1779344712561-7","Oxigenoterapia e Cuidados Respiratórios","oxigenoterapia-e-cuidados-respiratorios-lote-02","molde_golden_rule_sem_rows"
"local","ibam-enfermagem-oxigenoterapia-e-cuidados-respiratorios-1776056641612-3","Oxigenoterapia e Cuidados Respiratórios","oxigenoterapia-e-cuidados-respiratorios-lote-02","molde_golden_rule_sem_rows"
"local","ibest-enfermagem-oxigenoterapia-e-cuidados-respiratorios-1779344637595-6","Oxigenoterapia e Cuidados Respiratórios","oxigenoterapia-e-cuidados-respiratorios-lote-02","molde_golden_rule_sem_rows"
"local","ibfc-enfermagem-oxigenoterapia-e-cuidados-respiratorios-1776056624615-4","Oxigenoterapia e Cuidados Respiratórios","oxigenoterapia-e-cuidados-respiratorios-lote-02","molde_golden_rule_sem_rows"
"local","ibfc-enfermagem-oxigenoterapia-e-cuidados-respiratorios-1779344645032-6","Oxigenoterapia e Cuidados Respiratórios","oxigenoterapia-e-cuidados-respiratorios-lote-02","molde_golden_rule_sem_rows"
"local","ibfc-enfermagem-oxigenoterapia-e-cuidados-respiratorios-1779344651728-6","Oxigenoterapia e Cuidados Respiratórios","oxigenoterapia-e-cuidados-respiratorios-lote-02","molde_golden_rule_sem_rows"
"local","ibfc-enfermagem-oxigenoterapia-e-cuidados-respiratorios-1779344707320-5","Oxigenoterapia e Cuidados Respiratórios","oxigenoterapia-e-cuidados-respiratorios-lote-02","molde_golden_rule_sem_rows"
"local","idecan-enfermagem-oxigenoterapia-e-cuidados-respiratorios-1778712147345-2","Oxigenoterapia e Cuidados Respiratórios","oxigenoterapia-e-cuidados-respiratorios-lote-02","molde_golden_rule_sem_rows"
"local","idecan-enfermagem-oxigenoterapia-e-cuidados-respiratorios-1778712147345-3","Oxigenoterapia e Cuidados Respiratórios","oxigenoterapia-e-cuidados-respiratorios-lote-02","molde_golden_rule_sem_rows"
"local","idecan-enfermagem-oxigenoterapia-e-cuidados-respiratorios-1778712147345-4","Oxigenoterapia e Cuidados Respiratórios","oxigenoterapia-e-cuidados-respiratorios-lote-02","molde_golden_rule_sem_rows"
"local","idecan-enfermagem-oxigenoterapia-e-cuidados-respiratorios-1778712147345-5","Oxigenoterapia e Cuidados Respiratórios","oxigenoterapia-e-cuidados-respiratorios-lote-02","molde_golden_rule_sem_rows"
"local","idecan-enfermagem-oxigenoterapia-e-cuidados-respiratorios-1778712147345-6","Oxigenoterapia e Cuidados Respiratórios","oxigenoterapia-e-cuidados-respiratorios-lote-02","molde_golden_rule_sem_rows"
"local","idecan-enfermagem-oxigenoterapia-e-cuidados-respiratorios-1778712147345-7","Oxigenoterapia e Cuidados Respiratórios","oxigenoterapia-e-cuidados-respiratorios-lote-02","molde_golden_rule_sem_rows"
"local","idecan-enfermagem-oxigenoterapia-e-cuidados-respiratorios-1778712147345-8","Oxigenoterapia e Cuidados Respiratórios","oxigenoterapia-e-cuidados-respiratorios-lote-02","molde_golden_rule_sem_rows"
"local","idecan-enfermagem-oxigenoterapia-e-cuidados-respiratorios-1778712147345-9","Oxigenoterapia e Cuidados Respiratórios","oxigenoterapia-e-cuidados-respiratorios-lote-02","molde_golden_rule_sem_rows"
"local","idesg-enfermagem-oxigenoterapia-e-cuidados-respiratorios-1776056624615-2","Oxigenoterapia e Cuidados Respiratórios","oxigenoterapia-e-cuidados-respiratorios-lote-02","molde_golden_rule_sem_rows"
"local","idesg-enfermagem-oxigenoterapia-e-cuidados-respiratorios-1776056624615-3","Oxigenoterapia e Cuidados Respiratórios","oxigenoterapia-e-cuidados-respiratorios-lote-02","molde_golden_rule_sem_rows"
"local","idib-enfermagem-oxigenoterapia-e-cuidados-respiratorios-1778934890864-2","Oxigenoterapia e Cuidados Respiratórios","oxigenoterapia-e-cuidados-respiratorios-lote-02","molde_golden_rule_sem_rows"
"local","imparh-enfermagem-oxigenoterapia-e-cuidados-respiratorios-1779344688622-1","Oxigenoterapia e Cuidados Respiratórios","oxigenoterapia-e-cuidados-respiratorios-lote-03","molde_golden_rule_sem_rows"
"local","imparh-enfermagem-oxigenoterapia-e-cuidados-respiratorios-1779344701804-6","Oxigenoterapia e Cuidados Respiratórios","oxigenoterapia-e-cuidados-respiratorios-lote-03","molde_golden_rule_sem_rows"
"local","instituto-access-enfermagem-oxigenoterapia-e-cuidados-respiratorios-1776056641612-2","Oxigenoterapia e Cuidados Respiratórios","oxigenoterapia-e-cuidados-respiratorios-lote-03","molde_golden_rule_sem_rows"
"local","instituto-access-enfermagem-oxigenoterapia-e-cuidados-respiratorios-1776056641612-6","Oxigenoterapia e Cuidados Respiratórios","oxigenoterapia-e-cuidados-respiratorios-lote-03","molde_golden_rule_sem_rows"
"local","instituto-access-enfermagem-oxigenoterapia-e-cuidados-respiratorios-1776056641612-7","Oxigenoterapia e Cuidados Respiratórios","oxigenoterapia-e-cuidados-respiratorios-lote-03","molde_golden_rule_sem_rows"
"local","instituto-aocp-enfermagem-oxigenoterapia-e-cuidados-respiratorios-1779344718151-6","Oxigenoterapia e Cuidados Respiratórios","oxigenoterapia-e-cuidados-respiratorios-lote-03","molde_golden_rule_sem_rows"
"local","instituto-consulpam-enfermagem-oxigenoterapia-e-cuidados-respiratorios-1779344707320-1","Oxigenoterapia e Cuidados Respiratórios","oxigenoterapia-e-cuidados-respiratorios-lote-03","molde_golden_rule_sem_rows"
"local","instituto-consulplan-enfermagem-oxigenoterapia-e-cuidados-respiratorios-1779344701804-4","Oxigenoterapia e Cuidados Respiratórios","oxigenoterapia-e-cuidados-respiratorios-lote-03","molde_golden_rule_sem_rows"
"local","instituto-consulplan-enfermagem-oxigenoterapia-e-cuidados-respiratorios-1779344707320-6","Oxigenoterapia e Cuidados Respiratórios","oxigenoterapia-e-cuidados-respiratorios-lote-03","molde_golden_rule_sem_rows"
"local","instituto-consulplan-enfermagem-oxigenoterapia-e-cuidados-respiratorios-1779344707320-7","Oxigenoterapia e Cuidados Respiratórios","oxigenoterapia-e-cuidados-respiratorios-lote-03","molde_golden_rule_sem_rows"
"local","instituto-iacp-enfermagem-oxigenoterapia-e-cuidados-respiratorios-1779344645032-4","Oxigenoterapia e Cuidados Respiratórios","oxigenoterapia-e-cuidados-respiratorios-lote-03","molde_golden_rule_sem_rows"
"local","instituto-jk-enfermagem-oxigenoterapia-e-cuidados-respiratorios-1779344637595-3","Oxigenoterapia e Cuidados Respiratórios","oxigenoterapia-e-cuidados-respiratorios-lote-03","molde_golden_rule_sem_rows"
"local","instituto-jk-enfermagem-oxigenoterapia-e-cuidados-respiratorios-1779344637595-4","Oxigenoterapia e Cuidados Respiratórios","oxigenoterapia-e-cuidados-respiratorios-lote-03","molde_golden_rule_sem_rows"
"local","instituto-verbena-enfermagem-oxigenoterapia-e-cuidados-respiratorios-1779344712561-1","Oxigenoterapia e Cuidados Respiratórios","oxigenoterapia-e-cuidados-respiratorios-lote-03","molde_golden_rule_sem_rows"
"local","itame-enfermagem-oxigenoterapia-e-cuidados-respiratorios-1776056709494-6","Oxigenoterapia e Cuidados Respiratórios","oxigenoterapia-e-cuidados-respiratorios-lote-03","molde_golden_rule_sem_rows"
"local","itame-enfermagem-oxigenoterapia-e-cuidados-respiratorios-1779344637595-2","Oxigenoterapia e Cuidados Respiratórios","oxigenoterapia-e-cuidados-respiratorios-lote-03","molde_golden_rule_sem_rows"
"local","ivin-enfermagem-oxigenoterapia-e-cuidados-respiratorios-1779344657661-7","Oxigenoterapia e Cuidados Respiratórios","oxigenoterapia-e-cuidados-respiratorios-lote-03","molde_golden_rule_sem_rows"
"local","legalle-enfermagem-oxigenoterapia-e-cuidados-respiratorios-1779344742779-4","Oxigenoterapia e Cuidados Respiratórios","oxigenoterapia-e-cuidados-respiratorios-lote-03","molde_golden_rule_sem_rows"
"local","lj-assessoria-enfermagem-oxigenoterapia-e-cuidados-respiratorios-1779344718151-3","Oxigenoterapia e Cuidados Respiratórios","oxigenoterapia-e-cuidados-respiratorios-lote-03","molde_golden_rule_sem_rows"
"local","lj-assessoria-enfermagem-oxigenoterapia-e-cuidados-respiratorios-1779344718151-5","Oxigenoterapia e Cuidados Respiratórios","oxigenoterapia-e-cuidados-respiratorios-lote-03","molde_golden_rule_sem_rows"
"local","maranatha-assessoria-enfermagem-oxigenoterapia-e-cuidados-respiratorios-1776056624615-8","Oxigenoterapia e Cuidados Respiratórios","oxigenoterapia-e-cuidados-respiratorios-lote-03","molde_golden_rule_sem_rows"
"local","ms-sarmento-enfermagem-oxigenoterapia-e-cuidados-respiratorios-1776056694842-3","Oxigenoterapia e Cuidados Respiratórios","oxigenoterapia-e-cuidados-respiratorios-lote-03","molde_golden_rule_sem_rows"
"local","ms-sarmento-enfermagem-oxigenoterapia-e-cuidados-respiratorios-1776056694842-6","Oxigenoterapia e Cuidados Respiratórios","oxigenoterapia-e-cuidados-respiratorios-lote-03","molde_golden_rule_sem_rows"
"local","ms-sarmento-enfermagem-oxigenoterapia-e-cuidados-respiratorios-1779344712561-0","Oxigenoterapia e Cuidados Respiratórios","oxigenoterapia-e-cuidados-respiratorios-lote-03","molde_golden_rule_sem_rows"
"local","nosso-rumo-enfermagem-oxigenoterapia-e-cuidados-respiratorios-1779344688622-5","Oxigenoterapia e Cuidados Respiratórios","oxigenoterapia-e-cuidados-respiratorios-lote-03","molde_golden_rule_sem_rows"
"local","objetiva-concursos-enfermagem-oxigenoterapia-e-cuidados-respiratorios-1776056624615-0","Oxigenoterapia e Cuidados Respiratórios","oxigenoterapia-e-cuidados-respiratorios-lote-03","molde_golden_rule_sem_rows"
"local","objetiva-concursos-enfermagem-oxigenoterapia-e-cuidados-respiratorios-1776056641612-5","Oxigenoterapia e Cuidados Respiratórios","oxigenoterapia-e-cuidados-respiratorios-lote-03","molde_golden_rule_sem_rows"
"local","objetiva-concursos-enfermagem-oxigenoterapia-e-cuidados-respiratorios-1776056709494-3","Oxigenoterapia e Cuidados Respiratórios","oxigenoterapia-e-cuidados-respiratorios-lote-03","molde_golden_rule_sem_rows"
"local","objetiva-concursos-enfermagem-oxigenoterapia-e-cuidados-respiratorios-1776056709494-4","Oxigenoterapia e Cuidados Respiratórios","oxigenoterapia-e-cuidados-respiratorios-lote-03","molde_golden_rule_sem_rows"
"local","objetiva-concursos-enfermagem-oxigenoterapia-e-cuidados-respiratorios-1776056709494-5","Oxigenoterapia e Cuidados Respiratórios","oxigenoterapia-e-cuidados-respiratorios-lote-03","molde_golden_rule_sem_rows"
"local","objetiva-concursos-enfermagem-oxigenoterapia-e-cuidados-respiratorios-1776056709494-7","Oxigenoterapia e Cuidados Respiratórios","oxigenoterapia-e-cuidados-respiratorios-lote-03","molde_golden_rule_sem_rows"
"local","objetiva-concursos-enfermagem-oxigenoterapia-e-cuidados-respiratorios-1776056709494-8","Oxigenoterapia e Cuidados Respiratórios","oxigenoterapia-e-cuidados-respiratorios-lote-03","molde_golden_rule_sem_rows"
"local","objetiva-concursos-enfermagem-oxigenoterapia-e-cuidados-respiratorios-1779344651728-7","Oxigenoterapia e Cuidados Respiratórios","oxigenoterapia-e-cuidados-respiratorios-lote-03","molde_golden_rule_sem_rows"
"local","objetiva-concursos-enfermagem-oxigenoterapia-e-cuidados-respiratorios-1779344688622-6","Oxigenoterapia e Cuidados Respiratórios","oxigenoterapia-e-cuidados-respiratorios-lote-03","molde_golden_rule_sem_rows"
"local","omni-enfermagem-oxigenoterapia-e-cuidados-respiratorios-1779344742779-1","Oxigenoterapia e Cuidados Respiratórios","oxigenoterapia-e-cuidados-respiratorios-lote-03","molde_golden_rule_sem_rows"
"local","omni-enfermagem-oxigenoterapia-e-cuidados-respiratorios-1779344751294-4","Oxigenoterapia e Cuidados Respiratórios","oxigenoterapia-e-cuidados-respiratorios-lote-03","molde_golden_rule_sem_rows"
"local","quadrix-enfermagem-oxigenoterapia-e-cuidados-respiratorios-1776056600234-7","Oxigenoterapia e Cuidados Respiratórios","oxigenoterapia-e-cuidados-respiratorios-lote-03","molde_golden_rule_sem_rows"
"local","selecon-enfermagem-oxigenoterapia-e-cuidados-respiratorios-1776056694842-7","Oxigenoterapia e Cuidados Respiratórios","oxigenoterapia-e-cuidados-respiratorios-lote-03","molde_golden_rule_sem_rows"
"local","selecon-enfermagem-oxigenoterapia-e-cuidados-respiratorios-1779344657661-6","Oxigenoterapia e Cuidados Respiratórios","oxigenoterapia-e-cuidados-respiratorios-lote-03","molde_golden_rule_sem_rows"
"local","selecon-enfermagem-oxigenoterapia-e-cuidados-respiratorios-1779344712561-9","Oxigenoterapia e Cuidados Respiratórios","oxigenoterapia-e-cuidados-respiratorios-lote-03","molde_golden_rule_sem_rows"
"local","unesc-enfermagem-oxigenoterapia-e-cuidados-respiratorios-1776056624615-6","Oxigenoterapia e Cuidados Respiratórios","oxigenoterapia-e-cuidados-respiratorios-lote-03","molde_golden_rule_sem_rows"
"local","unesc-enfermagem-oxigenoterapia-e-cuidados-respiratorios-1779344688622-3","Oxigenoterapia e Cuidados Respiratórios","oxigenoterapia-e-cuidados-respiratorios-lote-03","molde_golden_rule_sem_rows"
"local","unifil-enfermagem-oxigenoterapia-e-cuidados-respiratorios-1779344718151-7","Oxigenoterapia e Cuidados Respiratórios","oxigenoterapia-e-cuidados-respiratorios-lote-03","molde_golden_rule_sem_rows"
"local","vunesp-enfermagem-oxigenoterapia-e-cuidados-respiratorios-1776056600234-8","Oxigenoterapia e Cuidados Respiratórios","oxigenoterapia-e-cuidados-respiratorios-lote-03","molde_golden_rule_sem_rows"
"local","vunesp-enfermagem-oxigenoterapia-e-cuidados-respiratorios-1776056600234-9","Oxigenoterapia e Cuidados Respiratórios","oxigenoterapia-e-cuidados-respiratorios-lote-03","molde_golden_rule_sem_rows"
"local","vunesp-enfermagem-oxigenoterapia-e-cuidados-respiratorios-1779344651728-5","Oxigenoterapia e Cuidados Respiratórios","oxigenoterapia-e-cuidados-respiratorios-lote-03","molde_golden_rule_sem_rows"
"local","vunesp-enfermagem-oxigenoterapia-e-cuidados-respiratorios-1779344651728-8","Oxigenoterapia e Cuidados Respiratórios","oxigenoterapia-e-cuidados-respiratorios-lote-03","molde_golden_rule_sem_rows"
"local","vunesp-enfermagem-oxigenoterapia-e-cuidados-respiratorios-1779344657661-1","Oxigenoterapia e Cuidados Respiratórios","oxigenoterapia-e-cuidados-respiratorios-lote-03","molde_golden_rule_sem_rows"
"local","vunesp-enfermagem-oxigenoterapia-e-cuidados-respiratorios-1779344667377-6","Oxigenoterapia e Cuidados Respiratórios","oxigenoterapia-e-cuidados-respiratorios-lote-03","molde_golden_rule_sem_rows"
"local","vunesp-enfermagem-oxigenoterapia-e-cuidados-respiratorios-1779344701804-5","Oxigenoterapia e Cuidados Respiratórios","oxigenoterapia-e-cuidados-respiratorios-lote-04","molde_golden_rule_sem_rows"
"local","adm-tec-enfermagem-processo-de-enfermagem-1776056021381-3","Processo de Enfermagem","processo-de-enfermagem-lote-01","stub_markers;molde_golden_rule_sem_rows"
"local","adm-tec-enfermagem-processo-de-enfermagem-1776056021381-4","Processo de Enfermagem","processo-de-enfermagem-lote-01","stub_markers;molde_golden_rule_sem_rows"
"local","adm-tec-enfermagem-processo-de-enfermagem-1776056129848-4","Processo de Enfermagem","processo-de-enfermagem-lote-01","stub_markers;molde_golden_rule_sem_rows"
"local","adm-tec-enfermagem-processo-de-enfermagem-1776056129848-5","Processo de Enfermagem","processo-de-enfermagem-lote-01","stub_markers;molde_golden_rule_sem_rows"
"local","amauc-enfermagem-processo-de-enfermagem-1780001440222-4","Processo de Enfermagem","processo-de-enfermagem-lote-01","stub_markers"
"local","amauc-enfermagem-processo-de-enfermagem-1780001440222-5","Processo de Enfermagem","processo-de-enfermagem-lote-01","stub_markers"
"local","amauc-enfermagem-processo-de-enfermagem-1780001440222-6","Processo de Enfermagem","processo-de-enfermagem-lote-01","stub_markers"
"local","amauc-enfermagem-processo-de-enfermagem-1780001440222-7","Processo de Enfermagem","processo-de-enfermagem-lote-01","stub_markers"
"local","amauc-enfermagem-processo-de-enfermagem-1780001440222-8","Processo de Enfermagem","processo-de-enfermagem-lote-01","stub_markers"
"local","amauc-enfermagem-processo-de-enfermagem-1780001440222-9","Processo de Enfermagem","processo-de-enfermagem-lote-01","stub_markers"
"local","amauc-enfermagem-processo-de-enfermagem-1780001517858-0","Processo de Enfermagem","processo-de-enfermagem-lote-01","stub_markers"
"local","amauc-enfermagem-processo-de-enfermagem-1780001517858-1","Processo de Enfermagem","processo-de-enfermagem-lote-01","stub_markers"
"local","amauc-enfermagem-processo-de-enfermagem-1780001517858-2","Processo de Enfermagem","processo-de-enfermagem-lote-01","stub_markers"
"local","amauc-enfermagem-processo-de-enfermagem-1780001517858-3","Processo de Enfermagem","processo-de-enfermagem-lote-01","stub_markers"
"local","amauc-enfermagem-processo-de-enfermagem-1780001517858-4","Processo de Enfermagem","processo-de-enfermagem-lote-01","stub_markers"
"local","amauc-enfermagem-processo-de-enfermagem-1780001517858-5","Processo de Enfermagem","processo-de-enfermagem-lote-01","stub_markers"
"local","amauc-enfermagem-processo-de-enfermagem-1780001517858-6","Processo de Enfermagem","processo-de-enfermagem-lote-01","stub_markers"
"local","amauc-enfermagem-processo-de-enfermagem-1780001517858-7","Processo de Enfermagem","processo-de-enfermagem-lote-01","stub_markers"
"local","amauc-enfermagem-processo-de-enfermagem-1780001517858-8","Processo de Enfermagem","processo-de-enfermagem-lote-01","stub_markers"
"local","amauc-enfermagem-processo-de-enfermagem-1780001613305-0","Processo de Enfermagem","processo-de-enfermagem-lote-01","stub_markers"
"local","amauc-enfermagem-processo-de-enfermagem-1780002441285-4","Processo de Enfermagem","processo-de-enfermagem-lote-01","stub_markers"
"local","amauc-enfermagem-processo-de-enfermagem-1780002441285-5","Processo de Enfermagem","processo-de-enfermagem-lote-01","stub_markers"
"local","amauc-enfermagem-processo-de-enfermagem-1780002441285-6","Processo de Enfermagem","processo-de-enfermagem-lote-01","stub_markers"
"local","amauc-enfermagem-processo-de-enfermagem-1780002441285-7","Processo de Enfermagem","processo-de-enfermagem-lote-01","stub_markers"
"local","amauc-enfermagem-processo-de-enfermagem-1780002441285-8","Processo de Enfermagem","processo-de-enfermagem-lote-01","stub_markers"
"local","amauc-enfermagem-processo-de-enfermagem-1780002441285-9","Processo de Enfermagem","processo-de-enfermagem-lote-01","stub_markers"
"local","amauc-enfermagem-processo-de-enfermagem-1780002549800-0","Processo de Enfermagem","processo-de-enfermagem-lote-01","stub_markers"
"local","amauc-enfermagem-processo-de-enfermagem-1780002549800-1","Processo de Enfermagem","processo-de-enfermagem-lote-01","stub_markers"
"local","amauc-enfermagem-processo-de-enfermagem-1780002549800-2","Processo de Enfermagem","processo-de-enfermagem-lote-01","stub_markers"
"local","amauc-enfermagem-processo-de-enfermagem-1780002549800-3","Processo de Enfermagem","processo-de-enfermagem-lote-01","stub_markers"
"local","amauc-enfermagem-processo-de-enfermagem-1780002549800-4","Processo de Enfermagem","processo-de-enfermagem-lote-01","stub_markers"
"local","amauc-enfermagem-processo-de-enfermagem-1780004982901-4","Processo de Enfermagem","processo-de-enfermagem-lote-01","stub_markers"
"local","amauc-enfermagem-processo-de-enfermagem-1780004982901-5","Processo de Enfermagem","processo-de-enfermagem-lote-01","stub_markers"
"local","amauc-enfermagem-processo-de-enfermagem-1780004982901-6","Processo de Enfermagem","processo-de-enfermagem-lote-01","stub_markers"
"local","amauc-enfermagem-processo-de-enfermagem-1780004982901-7","Processo de Enfermagem","processo-de-enfermagem-lote-01","stub_markers"
"local","amauc-enfermagem-processo-de-enfermagem-1780004982901-8","Processo de Enfermagem","processo-de-enfermagem-lote-01","stub_markers"
"local","amauc-enfermagem-processo-de-enfermagem-1780004982901-9","Processo de Enfermagem","processo-de-enfermagem-lote-01","stub_markers"
"local","amauc-enfermagem-processo-de-enfermagem-1780005128081-0","Processo de Enfermagem","processo-de-enfermagem-lote-01","stub_markers"
"local","amauc-enfermagem-processo-de-enfermagem-1780005128081-1","Processo de Enfermagem","processo-de-enfermagem-lote-01","stub_markers"
"local","amauc-enfermagem-processo-de-enfermagem-1780005128081-2","Processo de Enfermagem","processo-de-enfermagem-lote-01","stub_markers"
"local","amauc-enfermagem-processo-de-enfermagem-1780005128081-3","Processo de Enfermagem","processo-de-enfermagem-lote-01","stub_markers"
"local","amauc-enfermagem-processo-de-enfermagem-1780005128081-4","Processo de Enfermagem","processo-de-enfermagem-lote-01","stub_markers"
"local","amauc-enfermagem-processo-de-enfermagem-1780005128081-5","Processo de Enfermagem","processo-de-enfermagem-lote-01","stub_markers"
"local","amauc-enfermagem-processo-de-enfermagem-1780005128081-6","Processo de Enfermagem","processo-de-enfermagem-lote-01","stub_markers"
"local","amauc-enfermagem-processo-de-enfermagem-1780006486032-5","Processo de Enfermagem","processo-de-enfermagem-lote-01","stub_markers"
"local","amauc-enfermagem-processo-de-enfermagem-1780006486032-6","Processo de Enfermagem","processo-de-enfermagem-lote-01","stub_markers"
"local","amauc-enfermagem-processo-de-enfermagem-1780006486032-7","Processo de Enfermagem","processo-de-enfermagem-lote-01","stub_markers"
"local","amauc-enfermagem-processo-de-enfermagem-1780006486032-8","Processo de Enfermagem","processo-de-enfermagem-lote-01","stub_markers"
"local","amauc-enfermagem-processo-de-enfermagem-1780006486032-9","Processo de Enfermagem","processo-de-enfermagem-lote-01","stub_markers"
"local","ameosc-enfermagem-processo-de-enfermagem-1776056129848-6","Processo de Enfermagem","processo-de-enfermagem-lote-01","stub_markers;molde_golden_rule_sem_rows"
"local","ameosc-enfermagem-processo-de-enfermagem-1776056129848-7","Processo de Enfermagem","processo-de-enfermagem-lote-02","stub_markers;molde_golden_rule_sem_rows"
"local","ameosc-enfermagem-processo-de-enfermagem-1776056158507-0","Processo de Enfermagem","processo-de-enfermagem-lote-02","stub_markers;molde_golden_rule_sem_rows"
"local","ameosc-enfermagem-processo-de-enfermagem-1776056158507-4","Processo de Enfermagem","processo-de-enfermagem-lote-02","stub_markers;molde_golden_rule_sem_rows"
"local","ameosc-enfermagem-processo-de-enfermagem-1776056158507-5","Processo de Enfermagem","processo-de-enfermagem-lote-02","stub_markers;molde_golden_rule_sem_rows"
"local","ameosc-enfermagem-processo-de-enfermagem-1776056158507-6","Processo de Enfermagem","processo-de-enfermagem-lote-02","stub_markers;molde_golden_rule_sem_rows"
"local","ameosc-enfermagem-processo-de-enfermagem-1776056158507-7","Processo de Enfermagem","processo-de-enfermagem-lote-02","stub_markers;molde_golden_rule_sem_rows"
"local","ameosc-enfermagem-processo-de-enfermagem-1776056181857-0","Processo de Enfermagem","processo-de-enfermagem-lote-02","stub_markers;molde_golden_rule_sem_rows"
"local","ameosc-enfermagem-processo-de-enfermagem-1776056181857-2","Processo de Enfermagem","processo-de-enfermagem-lote-02","stub_markers;molde_golden_rule_sem_rows"
"local","ameosc-enfermagem-processo-de-enfermagem-1776056181857-3","Processo de Enfermagem","processo-de-enfermagem-lote-02","stub_markers;molde_golden_rule_sem_rows"
"local","ameosc-enfermagem-processo-de-enfermagem-1776056181857-4","Processo de Enfermagem","processo-de-enfermagem-lote-02","stub_markers;molde_golden_rule_sem_rows"
"local","ameosc-enfermagem-processo-de-enfermagem-1776056181857-5","Processo de Enfermagem","processo-de-enfermagem-lote-02","stub_markers;molde_golden_rule_sem_rows"
"local","ameosc-enfermagem-processo-de-enfermagem-1780001613305-1","Processo de Enfermagem","processo-de-enfermagem-lote-02","stub_markers"
"local","ameosc-enfermagem-processo-de-enfermagem-1780001613305-2","Processo de Enfermagem","processo-de-enfermagem-lote-02","stub_markers"
"local","ameosc-enfermagem-processo-de-enfermagem-1780001613305-3","Processo de Enfermagem","processo-de-enfermagem-lote-02","stub_markers"
"local","ameosc-enfermagem-processo-de-enfermagem-1780001613305-4","Processo de Enfermagem","processo-de-enfermagem-lote-02","stub_markers"
"local","ameosc-enfermagem-processo-de-enfermagem-1780001613305-5","Processo de Enfermagem","processo-de-enfermagem-lote-02","stub_markers"
"local","ameosc-enfermagem-processo-de-enfermagem-1780001613305-6","Processo de Enfermagem","processo-de-enfermagem-lote-02","stub_markers"
"local","ameosc-enfermagem-processo-de-enfermagem-1780001613305-7","Processo de Enfermagem","processo-de-enfermagem-lote-02","stub_markers"
"local","ameosc-enfermagem-processo-de-enfermagem-1780001613305-8","Processo de Enfermagem","processo-de-enfermagem-lote-02","stub_markers"
"local","ameosc-enfermagem-processo-de-enfermagem-1780001673873-0","Processo de Enfermagem","processo-de-enfermagem-lote-02","stub_markers"
"local","ameosc-enfermagem-processo-de-enfermagem-1780001673873-1","Processo de Enfermagem","processo-de-enfermagem-lote-02","stub_markers"
"local","ameosc-enfermagem-processo-de-enfermagem-1780002934000-2","Processo de Enfermagem","processo-de-enfermagem-lote-02","stub_markers"
"local","ameosc-enfermagem-processo-de-enfermagem-1780002934000-3","Processo de Enfermagem","processo-de-enfermagem-lote-02","stub_markers"
"local","ameosc-enfermagem-processo-de-enfermagem-1780002934000-4","Processo de Enfermagem","processo-de-enfermagem-lote-02","stub_markers"
"local","ameosc-enfermagem-processo-de-enfermagem-1780002934000-5","Processo de Enfermagem","processo-de-enfermagem-lote-02","stub_markers"
"local","ameosc-enfermagem-processo-de-enfermagem-1780002934000-6","Processo de Enfermagem","processo-de-enfermagem-lote-02","stub_markers"
"local","ameosc-enfermagem-processo-de-enfermagem-1780002934000-7","Processo de Enfermagem","processo-de-enfermagem-lote-02","stub_markers"
"local","ameosc-enfermagem-processo-de-enfermagem-1780002934000-8","Processo de Enfermagem","processo-de-enfermagem-lote-02","stub_markers"
"local","ameosc-enfermagem-processo-de-enfermagem-1780002934000-9","Processo de Enfermagem","processo-de-enfermagem-lote-02","stub_markers"
"local","ameosc-enfermagem-processo-de-enfermagem-1780003031246-0","Processo de Enfermagem","processo-de-enfermagem-lote-02","stub_markers"
"local","ameosc-enfermagem-processo-de-enfermagem-1780003031246-1","Processo de Enfermagem","processo-de-enfermagem-lote-02","stub_markers"
"local","ameosc-enfermagem-processo-de-enfermagem-1780003031246-2","Processo de Enfermagem","processo-de-enfermagem-lote-02","stub_markers"
"local","ameosc-enfermagem-processo-de-enfermagem-1780003031246-3","Processo de Enfermagem","processo-de-enfermagem-lote-02","stub_markers"
"local","ameosc-enfermagem-processo-de-enfermagem-1780003031246-4","Processo de Enfermagem","processo-de-enfermagem-lote-02","stub_markers"
"local","ameosc-enfermagem-processo-de-enfermagem-1780003031246-5","Processo de Enfermagem","processo-de-enfermagem-lote-02","stub_markers"
"local","ameosc-enfermagem-processo-de-enfermagem-1780005556782-5","Processo de Enfermagem","processo-de-enfermagem-lote-02","stub_markers"
"local","ameosc-enfermagem-processo-de-enfermagem-1780005556782-6","Processo de Enfermagem","processo-de-enfermagem-lote-02","stub_markers"
"local","ameosc-enfermagem-processo-de-enfermagem-1780005556782-7","Processo de Enfermagem","processo-de-enfermagem-lote-02","stub_markers"
"local","ameosc-enfermagem-processo-de-enfermagem-1780005556782-8","Processo de Enfermagem","processo-de-enfermagem-lote-02","stub_markers"
"local","ameosc-enfermagem-processo-de-enfermagem-1780005556782-9","Processo de Enfermagem","processo-de-enfermagem-lote-02","stub_markers"
"local","ameosc-enfermagem-processo-de-enfermagem-1780005791580-0","Processo de Enfermagem","processo-de-enfermagem-lote-02","stub_markers"
"local","ameosc-enfermagem-processo-de-enfermagem-1780005791580-1","Processo de Enfermagem","processo-de-enfermagem-lote-02","stub_markers"
"local","ameosc-enfermagem-processo-de-enfermagem-1780005791580-2","Processo de Enfermagem","processo-de-enfermagem-lote-02","stub_markers"
"local","ameosc-enfermagem-processo-de-enfermagem-1780005791580-3","Processo de Enfermagem","processo-de-enfermagem-lote-02","stub_markers"
"local","ameosc-enfermagem-processo-de-enfermagem-1780005791580-4","Processo de Enfermagem","processo-de-enfermagem-lote-02","stub_markers"
"local","ameosc-enfermagem-processo-de-enfermagem-1780005791580-5","Processo de Enfermagem","processo-de-enfermagem-lote-02","stub_markers"
"local","ameosc-enfermagem-processo-de-enfermagem-1780005791580-6","Processo de Enfermagem","processo-de-enfermagem-lote-02","stub_markers"
"local","ameosc-enfermagem-processo-de-enfermagem-1780005791580-7","Processo de Enfermagem","processo-de-enfermagem-lote-02","stub_markers"
"local","ameosc-enfermagem-processo-de-enfermagem-1780005791580-8","Processo de Enfermagem","processo-de-enfermagem-lote-02","stub_markers"
"local","ameosc-enfermagem-processo-de-enfermagem-1780008225255-3","Processo de Enfermagem","processo-de-enfermagem-lote-02","stub_markers"
"local","ameosc-enfermagem-processo-de-enfermagem-1780008225255-4","Processo de Enfermagem","processo-de-enfermagem-lote-03","stub_markers"
"local","ameosc-enfermagem-processo-de-enfermagem-1780008225255-5","Processo de Enfermagem","processo-de-enfermagem-lote-03","stub_markers"
"local","ameosc-enfermagem-processo-de-enfermagem-1780008225255-6","Processo de Enfermagem","processo-de-enfermagem-lote-03","stub_markers"
"local","ameosc-enfermagem-processo-de-enfermagem-1780008225255-7","Processo de Enfermagem","processo-de-enfermagem-lote-03","stub_markers"
"local","ameosc-enfermagem-processo-de-enfermagem-1780008225255-8","Processo de Enfermagem","processo-de-enfermagem-lote-03","stub_markers"
"local","ameosc-enfermagem-processo-de-enfermagem-1780008225255-9","Processo de Enfermagem","processo-de-enfermagem-lote-03","stub_markers"
"local","ameosc-enfermagem-processo-de-enfermagem-1780008232871-0","Processo de Enfermagem","processo-de-enfermagem-lote-03","stub_markers"
"local","ameosc-enfermagem-processo-de-enfermagem-1780008232871-1","Processo de Enfermagem","processo-de-enfermagem-lote-03","stub_markers"
"local","ameosc-enfermagem-processo-de-enfermagem-1780008232871-2","Processo de Enfermagem","processo-de-enfermagem-lote-03","stub_markers"
"local","ameosc-enfermagem-processo-de-enfermagem-1780008232871-3","Processo de Enfermagem","processo-de-enfermagem-lote-03","stub_markers"
"local","ameosc-enfermagem-processo-de-enfermagem-1780008232871-4","Processo de Enfermagem","processo-de-enfermagem-lote-03","stub_markers"
"local","ameosc-enfermagem-processo-de-enfermagem-1780008232871-5","Processo de Enfermagem","processo-de-enfermagem-lote-03","stub_markers"
"local","ameosc-enfermagem-processo-de-enfermagem-1780011961798-2","Processo de Enfermagem","processo-de-enfermagem-lote-03","stub_markers"
"local","ameosc-enfermagem-processo-de-enfermagem-1780011961798-3","Processo de Enfermagem","processo-de-enfermagem-lote-03","stub_markers"
"local","ameosc-enfermagem-processo-de-enfermagem-1780011961798-4","Processo de Enfermagem","processo-de-enfermagem-lote-03","stub_markers"
"local","ameosc-enfermagem-processo-de-enfermagem-1780011961798-5","Processo de Enfermagem","processo-de-enfermagem-lote-03","stub_markers"
"local","ameosc-enfermagem-processo-de-enfermagem-1780011961798-6","Processo de Enfermagem","processo-de-enfermagem-lote-03","stub_markers"
"local","ameosc-enfermagem-processo-de-enfermagem-1780011961798-7","Processo de Enfermagem","processo-de-enfermagem-lote-03","stub_markers"
"local","ameosc-enfermagem-processo-de-enfermagem-1780011961798-8","Processo de Enfermagem","processo-de-enfermagem-lote-03","stub_markers"
"local","ameosc-enfermagem-processo-de-enfermagem-1780011961798-9","Processo de Enfermagem","processo-de-enfermagem-lote-03","stub_markers"
"local","ameosc-enfermagem-processo-de-enfermagem-1780011967989-1","Processo de Enfermagem","processo-de-enfermagem-lote-03","stub_markers"
"local","avancasp-enfermagem-processo-de-enfermagem-1776056009428-6","Processo de Enfermagem","processo-de-enfermagem-lote-03","stub_markers;molde_golden_rule_sem_rows"
"local","avancasp-enfermagem-processo-de-enfermagem-1776056009428-8","Processo de Enfermagem","processo-de-enfermagem-lote-03","stub_markers;molde_golden_rule_sem_rows"
"local","avancasp-enfermagem-processo-de-enfermagem-1780002714111-0","Processo de Enfermagem","processo-de-enfermagem-lote-03","stub_markers"
"local","avancasp-enfermagem-processo-de-enfermagem-1780002714111-1","Processo de Enfermagem","processo-de-enfermagem-lote-03","stub_markers"
"local","avancasp-enfermagem-processo-de-enfermagem-1780002714111-2","Processo de Enfermagem","processo-de-enfermagem-lote-03","stub_markers"
"local","avancasp-enfermagem-processo-de-enfermagem-1780002714111-3","Processo de Enfermagem","processo-de-enfermagem-lote-03","stub_markers"
"local","avancasp-enfermagem-processo-de-enfermagem-1780002714111-4","Processo de Enfermagem","processo-de-enfermagem-lote-03","stub_markers"
"local","avancasp-enfermagem-processo-de-enfermagem-1780002714111-5","Processo de Enfermagem","processo-de-enfermagem-lote-03","stub_markers"
"local","avancasp-enfermagem-processo-de-enfermagem-1780002714111-6","Processo de Enfermagem","processo-de-enfermagem-lote-03","stub_markers"
"local","avancasp-enfermagem-processo-de-enfermagem-1780002714111-7","Processo de Enfermagem","processo-de-enfermagem-lote-03","stub_markers"
"local","avancasp-enfermagem-processo-de-enfermagem-1780002714111-8","Processo de Enfermagem","processo-de-enfermagem-lote-03","stub_markers"
"local","avancasp-enfermagem-processo-de-enfermagem-1780002714111-9","Processo de Enfermagem","processo-de-enfermagem-lote-03","stub_markers"
"local","avancasp-enfermagem-processo-de-enfermagem-1780002834059-0","Processo de Enfermagem","processo-de-enfermagem-lote-03","stub_markers"
"local","avancasp-enfermagem-processo-de-enfermagem-1780002834059-1","Processo de Enfermagem","processo-de-enfermagem-lote-03","stub_markers"
"local","avancasp-enfermagem-processo-de-enfermagem-1780002834059-2","Processo de Enfermagem","processo-de-enfermagem-lote-03","stub_markers"
"local","avancasp-enfermagem-processo-de-enfermagem-1780002834059-3","Processo de Enfermagem","processo-de-enfermagem-lote-03","stub_markers"
"local","avancasp-enfermagem-processo-de-enfermagem-1780002834059-4","Processo de Enfermagem","processo-de-enfermagem-lote-03","stub_markers"
"local","avancasp-enfermagem-processo-de-enfermagem-1780002834059-5","Processo de Enfermagem","processo-de-enfermagem-lote-03","stub_markers"
"local","avancasp-enfermagem-processo-de-enfermagem-1780002834059-6","Processo de Enfermagem","processo-de-enfermagem-lote-03","stub_markers"
"local","avancasp-enfermagem-processo-de-enfermagem-1780002834059-7","Processo de Enfermagem","processo-de-enfermagem-lote-03","stub_markers"
"local","avancasp-enfermagem-processo-de-enfermagem-1780002834059-8","Processo de Enfermagem","processo-de-enfermagem-lote-03","stub_markers"
"local","avancasp-enfermagem-processo-de-enfermagem-1780002834059-9","Processo de Enfermagem","processo-de-enfermagem-lote-03","stub_markers"
"local","avancasp-enfermagem-processo-de-enfermagem-1780002845055-0","Processo de Enfermagem","processo-de-enfermagem-lote-03","stub_markers"
"local","avancasp-enfermagem-processo-de-enfermagem-1780002845055-1","Processo de Enfermagem","processo-de-enfermagem-lote-03","stub_markers"
"local","avancasp-enfermagem-processo-de-enfermagem-1780002845055-2","Processo de Enfermagem","processo-de-enfermagem-lote-03","stub_markers"
"local","avancasp-enfermagem-processo-de-enfermagem-1780002845055-3","Processo de Enfermagem","processo-de-enfermagem-lote-03","stub_markers"
"local","avancasp-enfermagem-processo-de-enfermagem-1780002845055-4","Processo de Enfermagem","processo-de-enfermagem-lote-03","stub_markers"
"local","avancasp-enfermagem-processo-de-enfermagem-1780002845055-5","Processo de Enfermagem","processo-de-enfermagem-lote-03","stub_markers"
"local","avancasp-enfermagem-processo-de-enfermagem-1780002845055-6","Processo de Enfermagem","processo-de-enfermagem-lote-03","stub_markers"
"local","avancasp-enfermagem-processo-de-enfermagem-1780002845055-7","Processo de Enfermagem","processo-de-enfermagem-lote-04","stub_markers"
"local","avancasp-enfermagem-processo-de-enfermagem-1780002845055-8","Processo de Enfermagem","processo-de-enfermagem-lote-04","stub_markers"
"local","avancasp-enfermagem-processo-de-enfermagem-1780002845055-9","Processo de Enfermagem","processo-de-enfermagem-lote-04","stub_markers"
"local","avancasp-enfermagem-processo-de-enfermagem-1780002934000-0","Processo de Enfermagem","processo-de-enfermagem-lote-04","stub_markers"
"local","avancasp-enfermagem-processo-de-enfermagem-1780002934000-1","Processo de Enfermagem","processo-de-enfermagem-lote-04","stub_markers"
"local","avancasp-enfermagem-processo-de-enfermagem-1780003031246-6","Processo de Enfermagem","processo-de-enfermagem-lote-04","stub_markers"
"local","avancasp-enfermagem-processo-de-enfermagem-1780003031246-7","Processo de Enfermagem","processo-de-enfermagem-lote-04","stub_markers"
"local","avancasp-enfermagem-processo-de-enfermagem-1780003031246-8","Processo de Enfermagem","processo-de-enfermagem-lote-04","stub_markers"
"local","avancasp-enfermagem-processo-de-enfermagem-1780003031246-9","Processo de Enfermagem","processo-de-enfermagem-lote-04","stub_markers"
"local","avancasp-enfermagem-processo-de-enfermagem-1780003137298-0","Processo de Enfermagem","processo-de-enfermagem-lote-04","stub_markers"
"local","avancasp-enfermagem-processo-de-enfermagem-1780003137298-1","Processo de Enfermagem","processo-de-enfermagem-lote-04","stub_markers"
"local","avancasp-enfermagem-processo-de-enfermagem-1780003137298-2","Processo de Enfermagem","processo-de-enfermagem-lote-04","stub_markers"
"local","avancasp-enfermagem-processo-de-enfermagem-1780003137298-3","Processo de Enfermagem","processo-de-enfermagem-lote-04","stub_markers"
"local","avancasp-enfermagem-processo-de-enfermagem-1780003137298-4","Processo de Enfermagem","processo-de-enfermagem-lote-04","stub_markers"
"local","avancasp-enfermagem-processo-de-enfermagem-1780003137298-5","Processo de Enfermagem","processo-de-enfermagem-lote-04","stub_markers"
"local","avancasp-enfermagem-processo-de-enfermagem-1780003137298-6","Processo de Enfermagem","processo-de-enfermagem-lote-04","stub_markers"
"local","avancasp-enfermagem-processo-de-enfermagem-1780003137298-7","Processo de Enfermagem","processo-de-enfermagem-lote-04","stub_markers"
"local","avancasp-enfermagem-processo-de-enfermagem-1780003137298-8","Processo de Enfermagem","processo-de-enfermagem-lote-04","stub_markers"
"local","avancasp-enfermagem-processo-de-enfermagem-1780003137298-9","Processo de Enfermagem","processo-de-enfermagem-lote-04","stub_markers"
"local","avancasp-enfermagem-processo-de-enfermagem-1780003261833-0","Processo de Enfermagem","processo-de-enfermagem-lote-04","stub_markers"
"local","avancasp-enfermagem-processo-de-enfermagem-1780003261833-1","Processo de Enfermagem","processo-de-enfermagem-lote-04","stub_markers"
"local","avancasp-enfermagem-processo-de-enfermagem-1780003261833-2","Processo de Enfermagem","processo-de-enfermagem-lote-04","stub_markers"
"local","avancasp-enfermagem-processo-de-enfermagem-1780003709908-1","Processo de Enfermagem","processo-de-enfermagem-lote-04","stub_markers"
"local","avancasp-enfermagem-processo-de-enfermagem-1780003709908-2","Processo de Enfermagem","processo-de-enfermagem-lote-04","stub_markers"
"local","avancasp-enfermagem-processo-de-enfermagem-1780003709908-3","Processo de Enfermagem","processo-de-enfermagem-lote-04","stub_markers"
"local","avancasp-enfermagem-processo-de-enfermagem-1780003709908-4","Processo de Enfermagem","processo-de-enfermagem-lote-04","stub_markers"
"local","avancasp-enfermagem-processo-de-enfermagem-1780003709908-5","Processo de Enfermagem","processo-de-enfermagem-lote-04","stub_markers"
"local","avancasp-enfermagem-processo-de-enfermagem-1780003709908-6","Processo de Enfermagem","processo-de-enfermagem-lote-04","stub_markers"
"local","avancasp-enfermagem-processo-de-enfermagem-1780003709908-7","Processo de Enfermagem","processo-de-enfermagem-lote-04","stub_markers"
"local","avancasp-enfermagem-processo-de-enfermagem-1780003709908-8","Processo de Enfermagem","processo-de-enfermagem-lote-04","stub_markers"
"local","avancasp-enfermagem-processo-de-enfermagem-1780003709908-9","Processo de Enfermagem","processo-de-enfermagem-lote-04","stub_markers"
"local","avancasp-enfermagem-processo-de-enfermagem-1780003793968-0","Processo de Enfermagem","processo-de-enfermagem-lote-04","stub_markers"
"local","avancasp-enfermagem-processo-de-enfermagem-1780003793968-1","Processo de Enfermagem","processo-de-enfermagem-lote-04","stub_markers"
"local","avancasp-enfermagem-processo-de-enfermagem-1780003793968-2","Processo de Enfermagem","processo-de-enfermagem-lote-04","stub_markers"
"local","avancasp-enfermagem-processo-de-enfermagem-1780003793968-3","Processo de Enfermagem","processo-de-enfermagem-lote-04","stub_markers"
"local","avancasp-enfermagem-processo-de-enfermagem-1780003793968-4","Processo de Enfermagem","processo-de-enfermagem-lote-04","stub_markers"
"local","avancasp-enfermagem-processo-de-enfermagem-1780003793968-5","Processo de Enfermagem","processo-de-enfermagem-lote-04","stub_markers"
"local","avancasp-enfermagem-processo-de-enfermagem-1780003793968-6","Processo de Enfermagem","processo-de-enfermagem-lote-04","stub_markers"
"local","avancasp-enfermagem-processo-de-enfermagem-1780003793968-7","Processo de Enfermagem","processo-de-enfermagem-lote-04","stub_markers"
"local","avancasp-enfermagem-processo-de-enfermagem-1780003793968-8","Processo de Enfermagem","processo-de-enfermagem-lote-04","stub_markers"
"local","avancasp-enfermagem-processo-de-enfermagem-1780003793968-9","Processo de Enfermagem","processo-de-enfermagem-lote-04","stub_markers"
"local","avancasp-enfermagem-processo-de-enfermagem-1780003868364-0","Processo de Enfermagem","processo-de-enfermagem-lote-04","stub_markers"
"local","avancasp-enfermagem-processo-de-enfermagem-1780006444165-0","Processo de Enfermagem","processo-de-enfermagem-lote-04","stub_markers"
"local","avancasp-enfermagem-processo-de-enfermagem-1780006444165-1","Processo de Enfermagem","processo-de-enfermagem-lote-04","stub_markers"
"local","avancasp-enfermagem-processo-de-enfermagem-1780006444165-2","Processo de Enfermagem","processo-de-enfermagem-lote-04","stub_markers"
"local","avancasp-enfermagem-processo-de-enfermagem-1780006444165-3","Processo de Enfermagem","processo-de-enfermagem-lote-04","stub_markers"
"local","avancasp-enfermagem-processo-de-enfermagem-1780006444165-4","Processo de Enfermagem","processo-de-enfermagem-lote-04","stub_markers"
"local","avancasp-enfermagem-processo-de-enfermagem-1780006444165-5","Processo de Enfermagem","processo-de-enfermagem-lote-04","stub_markers"
"local","avancasp-enfermagem-processo-de-enfermagem-1780006444165-6","Processo de Enfermagem","processo-de-enfermagem-lote-04","stub_markers"
"local","avancasp-enfermagem-processo-de-enfermagem-1780006444165-7","Processo de Enfermagem","processo-de-enfermagem-lote-04","stub_markers"
"local","avancasp-enfermagem-processo-de-enfermagem-1780006444165-8","Processo de Enfermagem","processo-de-enfermagem-lote-05","stub_markers"
"local","avancasp-enfermagem-processo-de-enfermagem-1780006444165-9","Processo de Enfermagem","processo-de-enfermagem-lote-05","stub_markers"
"local","avancasp-enfermagem-processo-de-enfermagem-1780006456417-0","Processo de Enfermagem","processo-de-enfermagem-lote-05","stub_markers"
"local","avancasp-enfermagem-processo-de-enfermagem-1780006456417-1","Processo de Enfermagem","processo-de-enfermagem-lote-05","stub_markers"
"local","avancasp-enfermagem-processo-de-enfermagem-1780006456417-2","Processo de Enfermagem","processo-de-enfermagem-lote-05","stub_markers"
"local","avancasp-enfermagem-processo-de-enfermagem-1780006456417-3","Processo de Enfermagem","processo-de-enfermagem-lote-05","stub_markers"
"local","avancasp-enfermagem-processo-de-enfermagem-1780006456417-4","Processo de Enfermagem","processo-de-enfermagem-lote-05","stub_markers"
"local","avancasp-enfermagem-processo-de-enfermagem-1780006456417-5","Processo de Enfermagem","processo-de-enfermagem-lote-05","stub_markers"
"local","avancasp-enfermagem-processo-de-enfermagem-1780006456417-6","Processo de Enfermagem","processo-de-enfermagem-lote-05","stub_markers"
"local","avancasp-enfermagem-processo-de-enfermagem-1780006456417-7","Processo de Enfermagem","processo-de-enfermagem-lote-05","stub_markers"
"local","avancasp-enfermagem-processo-de-enfermagem-1780006456417-8","Processo de Enfermagem","processo-de-enfermagem-lote-05","stub_markers"
"local","avancasp-enfermagem-processo-de-enfermagem-1780011859940-4","Processo de Enfermagem","processo-de-enfermagem-lote-05","stub_markers"
"local","avancasp-enfermagem-processo-de-enfermagem-1780011859940-5","Processo de Enfermagem","processo-de-enfermagem-lote-05","stub_markers"
"local","avancasp-enfermagem-processo-de-enfermagem-1780011859940-6","Processo de Enfermagem","processo-de-enfermagem-lote-05","stub_markers"
"local","avancasp-enfermagem-processo-de-enfermagem-1780011859940-7","Processo de Enfermagem","processo-de-enfermagem-lote-05","stub_markers"
"local","avancasp-enfermagem-processo-de-enfermagem-1780011859940-8","Processo de Enfermagem","processo-de-enfermagem-lote-05","stub_markers"
"local","avancasp-enfermagem-processo-de-enfermagem-1780011859940-9","Processo de Enfermagem","processo-de-enfermagem-lote-05","stub_markers"
"local","avancasp-enfermagem-processo-de-enfermagem-1780011872350-0","Processo de Enfermagem","processo-de-enfermagem-lote-05","stub_markers"
"local","avancasp-enfermagem-processo-de-enfermagem-1780011872350-1","Processo de Enfermagem","processo-de-enfermagem-lote-05","stub_markers"
"local","avancasp-enfermagem-processo-de-enfermagem-1780011872350-2","Processo de Enfermagem","processo-de-enfermagem-lote-05","stub_markers"
"local","avancasp-enfermagem-processo-de-enfermagem-1780011872350-3","Processo de Enfermagem","processo-de-enfermagem-lote-05","stub_markers"
"local","avancasp-enfermagem-processo-de-enfermagem-1780011872350-4","Processo de Enfermagem","processo-de-enfermagem-lote-05","stub_markers"
"local","avancasp-enfermagem-processo-de-enfermagem-1780011872350-5","Processo de Enfermagem","processo-de-enfermagem-lote-05","stub_markers"
"local","avancasp-enfermagem-processo-de-enfermagem-1780011872350-6","Processo de Enfermagem","processo-de-enfermagem-lote-05","stub_markers"
"local","cev-urca-enfermagem-processo-de-enfermagem-1780006494066-0","Processo de Enfermagem","processo-de-enfermagem-lote-05","stub_markers"
"local","cev-urca-enfermagem-processo-de-enfermagem-1780006494066-1","Processo de Enfermagem","processo-de-enfermagem-lote-05","stub_markers"
"local","cev-urca-enfermagem-processo-de-enfermagem-1780006494066-2","Processo de Enfermagem","processo-de-enfermagem-lote-05","stub_markers"
"local","cev-urca-enfermagem-processo-de-enfermagem-1780006494066-3","Processo de Enfermagem","processo-de-enfermagem-lote-05","stub_markers"
"local","cev-urca-enfermagem-processo-de-enfermagem-1780006494066-4","Processo de Enfermagem","processo-de-enfermagem-lote-05","stub_markers"
"local","cev-urca-enfermagem-processo-de-enfermagem-1780006494066-5","Processo de Enfermagem","processo-de-enfermagem-lote-05","stub_markers"
"local","cev-urca-enfermagem-processo-de-enfermagem-1780006494066-6","Processo de Enfermagem","processo-de-enfermagem-lote-05","stub_markers"
"local","cev-urca-enfermagem-processo-de-enfermagem-1780006494066-7","Processo de Enfermagem","processo-de-enfermagem-lote-05","stub_markers"
"local","cev-urca-enfermagem-processo-de-enfermagem-1780006494066-8","Processo de Enfermagem","processo-de-enfermagem-lote-05","stub_markers"
"local","cev-urca-enfermagem-processo-de-enfermagem-1780006947080-0","Processo de Enfermagem","processo-de-enfermagem-lote-05","stub_markers"
"local","copese-uft-enfermagem-processo-de-enfermagem-1776056021381-8","Processo de Enfermagem","processo-de-enfermagem-lote-05","stub_markers;molde_golden_rule_sem_rows"
"local","cotec-fadenor-enfermagem-processo-de-enfermagem-1780002389285-0","Processo de Enfermagem","processo-de-enfermagem-lote-05","stub_markers"
"local","cotec-fadenor-enfermagem-processo-de-enfermagem-1780002389285-1","Processo de Enfermagem","processo-de-enfermagem-lote-05","stub_markers"
"local","cotec-fadenor-enfermagem-processo-de-enfermagem-1780002389285-2","Processo de Enfermagem","processo-de-enfermagem-lote-05","stub_markers"
"local","cotec-fadenor-enfermagem-processo-de-enfermagem-1780002389285-3","Processo de Enfermagem","processo-de-enfermagem-lote-06","stub_markers"
"local","cotec-fadenor-enfermagem-processo-de-enfermagem-1780002389285-4","Processo de Enfermagem","processo-de-enfermagem-lote-06","stub_markers"
"local","cotec-fadenor-enfermagem-processo-de-enfermagem-1780002389285-5","Processo de Enfermagem","processo-de-enfermagem-lote-06","stub_markers"
"local","cotec-fadenor-enfermagem-processo-de-enfermagem-1780002389285-6","Processo de Enfermagem","processo-de-enfermagem-lote-06","stub_markers"
"local","cotec-fadenor-enfermagem-processo-de-enfermagem-1780002389285-7","Processo de Enfermagem","processo-de-enfermagem-lote-06","stub_markers"
"local","cotec-fadenor-enfermagem-processo-de-enfermagem-1780002389285-8","Processo de Enfermagem","processo-de-enfermagem-lote-06","stub_markers"
"local","cotec-fadenor-enfermagem-processo-de-enfermagem-1780010573104-5","Processo de Enfermagem","processo-de-enfermagem-lote-06","stub_markers"
"local","cotec-fadenor-enfermagem-processo-de-enfermagem-1780010573104-7","Processo de Enfermagem","processo-de-enfermagem-lote-06","stub_markers"
"local","cotec-fadenor-enfermagem-processo-de-enfermagem-1780010573104-8","Processo de Enfermagem","processo-de-enfermagem-lote-06","stub_markers"
"local","cotec-fadenor-enfermagem-processo-de-enfermagem-1780010573104-9","Processo de Enfermagem","processo-de-enfermagem-lote-06","stub_markers"
"local","cotec-fadenor-enfermagem-processo-de-enfermagem-1780010579953-0","Processo de Enfermagem","processo-de-enfermagem-lote-06","stub_markers"
"local","cotec-fadenor-enfermagem-processo-de-enfermagem-1780010579953-1","Processo de Enfermagem","processo-de-enfermagem-lote-06","stub_markers"
"local","cotec-fadenor-enfermagem-processo-de-enfermagem-1780010579953-2","Processo de Enfermagem","processo-de-enfermagem-lote-06","stub_markers"
"local","cotec-fadenor-enfermagem-processo-de-enfermagem-1780010579953-3","Processo de Enfermagem","processo-de-enfermagem-lote-06","stub_markers"
"local","cotec-fadenor-enfermagem-processo-de-enfermagem-1780010579953-4","Processo de Enfermagem","processo-de-enfermagem-lote-06","stub_markers"
"local","cpcon-uepb-enfermagem-processo-de-enfermagem-1780003261833-3","Processo de Enfermagem","processo-de-enfermagem-lote-06","stub_markers"
"local","cpcon-uepb-enfermagem-processo-de-enfermagem-1780003261833-4","Processo de Enfermagem","processo-de-enfermagem-lote-06","stub_markers"
"local","cpcon-uepb-enfermagem-processo-de-enfermagem-1780003261833-5","Processo de Enfermagem","processo-de-enfermagem-lote-06","stub_markers"
"local","cpcon-uepb-enfermagem-processo-de-enfermagem-1780003261833-6","Processo de Enfermagem","processo-de-enfermagem-lote-06","stub_markers"
"local","cpcon-uepb-enfermagem-processo-de-enfermagem-1780003261833-8","Processo de Enfermagem","processo-de-enfermagem-lote-06","stub_markers"
"local","cpcon-uepb-enfermagem-processo-de-enfermagem-1780003261833-9","Processo de Enfermagem","processo-de-enfermagem-lote-06","stub_markers"
"local","cpcon-uepb-enfermagem-processo-de-enfermagem-1780003349182-0","Processo de Enfermagem","processo-de-enfermagem-lote-06","stub_markers"
"local","cpcon-uepb-enfermagem-processo-de-enfermagem-1780003654722-3","Processo de Enfermagem","processo-de-enfermagem-lote-06","stub_markers"
"local","cpcon-uepb-enfermagem-processo-de-enfermagem-1780003654722-4","Processo de Enfermagem","processo-de-enfermagem-lote-06","stub_markers"
"local","cpcon-uepb-enfermagem-processo-de-enfermagem-1780003654722-5","Processo de Enfermagem","processo-de-enfermagem-lote-06","stub_markers"
"local","cpcon-uepb-enfermagem-processo-de-enfermagem-1780003654722-6","Processo de Enfermagem","processo-de-enfermagem-lote-06","stub_markers"
"local","cpcon-uepb-enfermagem-processo-de-enfermagem-1780003654722-7","Processo de Enfermagem","processo-de-enfermagem-lote-06","stub_markers"
"local","cpcon-uepb-enfermagem-processo-de-enfermagem-1780003654722-8","Processo de Enfermagem","processo-de-enfermagem-lote-06","stub_markers"
"local","cpcon-uepb-enfermagem-processo-de-enfermagem-1780003654722-9","Processo de Enfermagem","processo-de-enfermagem-lote-06","stub_markers"
"local","cpcon-uepb-enfermagem-processo-de-enfermagem-1780003709908-0","Processo de Enfermagem","processo-de-enfermagem-lote-06","stub_markers"
"local","cpcon-uepb-enfermagem-processo-de-enfermagem-1780003868364-1","Processo de Enfermagem","processo-de-enfermagem-lote-06","stub_markers"
"local","cpcon-uepb-enfermagem-processo-de-enfermagem-1780003868364-3","Processo de Enfermagem","processo-de-enfermagem-lote-06","stub_markers"
"local","cpcon-uepb-enfermagem-processo-de-enfermagem-1780003868364-4","Processo de Enfermagem","processo-de-enfermagem-lote-06","stub_markers"
"local","cpcon-uepb-enfermagem-processo-de-enfermagem-1780003868364-5","Processo de Enfermagem","processo-de-enfermagem-lote-06","stub_markers"
"local","cpcon-uepb-enfermagem-processo-de-enfermagem-1780003868364-6","Processo de Enfermagem","processo-de-enfermagem-lote-06","stub_markers"
"local","cpcon-uepb-enfermagem-processo-de-enfermagem-1780007238824-0","Processo de Enfermagem","processo-de-enfermagem-lote-06","stub_markers"
"local","cpcon-uepb-enfermagem-processo-de-enfermagem-1780007238824-1","Processo de Enfermagem","processo-de-enfermagem-lote-06","stub_markers"
"local","cpcon-uepb-enfermagem-processo-de-enfermagem-1780007238824-2","Processo de Enfermagem","processo-de-enfermagem-lote-06","stub_markers"
"local","cpcon-uepb-enfermagem-processo-de-enfermagem-1780007238824-3","Processo de Enfermagem","processo-de-enfermagem-lote-06","stub_markers"
"local","cpcon-uepb-enfermagem-processo-de-enfermagem-1780007238824-5","Processo de Enfermagem","processo-de-enfermagem-lote-06","stub_markers"
"local","cpcon-uepb-enfermagem-processo-de-enfermagem-1780007238824-6","Processo de Enfermagem","processo-de-enfermagem-lote-06","stub_markers"
"local","cpcon-uepb-enfermagem-processo-de-enfermagem-1780007238824-7","Processo de Enfermagem","processo-de-enfermagem-lote-06","stub_markers"
"local","cpcon-uepb-enfermagem-processo-de-enfermagem-1780007238824-8","Processo de Enfermagem","processo-de-enfermagem-lote-06","stub_markers"
"local","cpcon-uepb-enfermagem-processo-de-enfermagem-1780007246385-0","Processo de Enfermagem","processo-de-enfermagem-lote-06","stub_markers"
"local","cpcon-uepb-enfermagem-processo-de-enfermagem-1780007246385-1","Processo de Enfermagem","processo-de-enfermagem-lote-07","stub_markers"
"local","cpcon-uepb-enfermagem-processo-de-enfermagem-1780007246385-3","Processo de Enfermagem","processo-de-enfermagem-lote-07","stub_markers"
"local","decorp-enfermagem-processo-de-enfermagem-1776056158507-1","Processo de Enfermagem","processo-de-enfermagem-lote-07","stub_markers;molde_golden_rule_sem_rows"
"local","decorp-enfermagem-processo-de-enfermagem-1776056158507-2","Processo de Enfermagem","processo-de-enfermagem-lote-07","stub_markers;molde_golden_rule_sem_rows"
"local","educa-pb-enfermagem-processo-de-enfermagem-1776056149404-0","Processo de Enfermagem","processo-de-enfermagem-lote-07","stub_markers;molde_golden_rule_sem_rows"
"local","educa-pb-enfermagem-processo-de-enfermagem-1776056181857-1","Processo de Enfermagem","processo-de-enfermagem-lote-07","stub_markers;molde_golden_rule_sem_rows"
"local","educa-pb-enfermagem-processo-de-enfermagem-1780007246385-4","Processo de Enfermagem","processo-de-enfermagem-lote-07","stub_markers"
"local","educa-pb-enfermagem-processo-de-enfermagem-1780007246385-5","Processo de Enfermagem","processo-de-enfermagem-lote-07","stub_markers"
"local","educa-pb-enfermagem-processo-de-enfermagem-1780007246385-6","Processo de Enfermagem","processo-de-enfermagem-lote-07","stub_markers"
"local","educa-pb-enfermagem-processo-de-enfermagem-1780007246385-7","Processo de Enfermagem","processo-de-enfermagem-lote-07","stub_markers"
"local","educa-pb-enfermagem-processo-de-enfermagem-1780007246385-8","Processo de Enfermagem","processo-de-enfermagem-lote-07","stub_markers"
"local","educa-pb-enfermagem-processo-de-enfermagem-1780007246385-9","Processo de Enfermagem","processo-de-enfermagem-lote-07","stub_markers"
"local","educa-pb-enfermagem-processo-de-enfermagem-1780008197597-0","Processo de Enfermagem","processo-de-enfermagem-lote-07","stub_markers"
"local","educa-pb-enfermagem-processo-de-enfermagem-1780008197597-1","Processo de Enfermagem","processo-de-enfermagem-lote-07","stub_markers"
"local","educa-pb-enfermagem-processo-de-enfermagem-1780008197597-2","Processo de Enfermagem","processo-de-enfermagem-lote-07","stub_markers"
"local","facet-enfermagem-processo-de-enfermagem-1776056129848-8","Processo de Enfermagem","processo-de-enfermagem-lote-07","stub_markers;molde_golden_rule_sem_rows"
"local","fafipa-enfermagem-processo-de-enfermagem-1780009379028-6","Processo de Enfermagem","processo-de-enfermagem-lote-07","stub_markers"
"local","fafipa-enfermagem-processo-de-enfermagem-1780009379028-7","Processo de Enfermagem","processo-de-enfermagem-lote-07","stub_markers"
"local","fafipa-enfermagem-processo-de-enfermagem-1780009379028-8","Processo de Enfermagem","processo-de-enfermagem-lote-07","stub_markers"
"local","fafipa-enfermagem-processo-de-enfermagem-1780009379028-9","Processo de Enfermagem","processo-de-enfermagem-lote-07","stub_markers"
"local","fafipa-enfermagem-processo-de-enfermagem-1780009386446-0","Processo de Enfermagem","processo-de-enfermagem-lote-07","stub_markers"
"local","fafipa-enfermagem-processo-de-enfermagem-1780009386446-1","Processo de Enfermagem","processo-de-enfermagem-lote-07","stub_markers"
"local","fafipa-enfermagem-processo-de-enfermagem-1780009386446-2","Processo de Enfermagem","processo-de-enfermagem-lote-07","stub_markers"
"local","fafipa-enfermagem-processo-de-enfermagem-1780009386446-3","Processo de Enfermagem","processo-de-enfermagem-lote-07","stub_markers"
"local","fafipa-enfermagem-processo-de-enfermagem-1780009386446-4","Processo de Enfermagem","processo-de-enfermagem-lote-07","stub_markers"
"local","fafipa-enfermagem-processo-de-enfermagem-1780009386446-5","Processo de Enfermagem","processo-de-enfermagem-lote-07","stub_markers"
"local","fafipa-enfermagem-processo-de-enfermagem-1780009386446-6","Processo de Enfermagem","processo-de-enfermagem-lote-07","stub_markers"
"local","fafipa-enfermagem-processo-de-enfermagem-1780009386446-7","Processo de Enfermagem","processo-de-enfermagem-lote-07","stub_markers"
"local","fafipa-enfermagem-processo-de-enfermagem-1780009386446-8","Processo de Enfermagem","processo-de-enfermagem-lote-07","stub_markers"
"local","fafipa-enfermagem-processo-de-enfermagem-1780009386446-9","Processo de Enfermagem","processo-de-enfermagem-lote-07","stub_markers"
"local","fafipa-enfermagem-processo-de-enfermagem-1780009392850-0","Processo de Enfermagem","processo-de-enfermagem-lote-07","stub_markers"
"local","fafipa-enfermagem-processo-de-enfermagem-1780009392850-1","Processo de Enfermagem","processo-de-enfermagem-lote-07","stub_markers"
"local","fafipa-enfermagem-processo-de-enfermagem-1780009392850-2","Processo de Enfermagem","processo-de-enfermagem-lote-07","stub_markers"
"local","fafipa-enfermagem-processo-de-enfermagem-1780009392850-3","Processo de Enfermagem","processo-de-enfermagem-lote-07","stub_markers"
"local","fafipa-enfermagem-processo-de-enfermagem-1780009392850-4","Processo de Enfermagem","processo-de-enfermagem-lote-07","stub_markers"
"local","fau-unicentro-enfermagem-processo-de-enfermagem-1776056129848-3","Processo de Enfermagem","processo-de-enfermagem-lote-07","stub_markers;molde_golden_rule_sem_rows"
"local","fau-unicentro-enfermagem-processo-de-enfermagem-1780002217274-5","Processo de Enfermagem","processo-de-enfermagem-lote-07","stub_markers"
"local","fau-unicentro-enfermagem-processo-de-enfermagem-1780002217274-6","Processo de Enfermagem","processo-de-enfermagem-lote-07","stub_markers"
"local","fau-unicentro-enfermagem-processo-de-enfermagem-1780002217274-7","Processo de Enfermagem","processo-de-enfermagem-lote-07","stub_markers"
"local","fau-unicentro-enfermagem-processo-de-enfermagem-1780002217274-8","Processo de Enfermagem","processo-de-enfermagem-lote-07","stub_markers"
"local","fau-unicentro-enfermagem-processo-de-enfermagem-1780002217274-9","Processo de Enfermagem","processo-de-enfermagem-lote-07","stub_markers"
"local","fau-unicentro-enfermagem-processo-de-enfermagem-1780002375665-0","Processo de Enfermagem","processo-de-enfermagem-lote-07","stub_markers"
"local","fau-unicentro-enfermagem-processo-de-enfermagem-1780002375665-1","Processo de Enfermagem","processo-de-enfermagem-lote-07","stub_markers"
"local","fau-unicentro-enfermagem-processo-de-enfermagem-1780002375665-2","Processo de Enfermagem","processo-de-enfermagem-lote-07","stub_markers"
"local","fau-unicentro-enfermagem-processo-de-enfermagem-1780002375665-3","Processo de Enfermagem","processo-de-enfermagem-lote-07","stub_markers"
"local","fau-unicentro-enfermagem-processo-de-enfermagem-1780002375665-4","Processo de Enfermagem","processo-de-enfermagem-lote-07","stub_markers"
"local","fau-unicentro-enfermagem-processo-de-enfermagem-1780002375665-5","Processo de Enfermagem","processo-de-enfermagem-lote-07","stub_markers"
"local","fau-unicentro-enfermagem-processo-de-enfermagem-1780002375665-6","Processo de Enfermagem","processo-de-enfermagem-lote-07","stub_markers"
"local","fau-unicentro-enfermagem-processo-de-enfermagem-1780002375665-7","Processo de Enfermagem","processo-de-enfermagem-lote-07","stub_markers"
"local","fau-unicentro-enfermagem-processo-de-enfermagem-1780002375665-8","Processo de Enfermagem","processo-de-enfermagem-lote-08","stub_markers"
"local","fau-unicentro-enfermagem-processo-de-enfermagem-1780002375665-9","Processo de Enfermagem","processo-de-enfermagem-lote-08","stub_markers"
"local","fau-unicentro-enfermagem-processo-de-enfermagem-1780002549800-5","Processo de Enfermagem","processo-de-enfermagem-lote-08","stub_markers"
"local","fau-unicentro-enfermagem-processo-de-enfermagem-1780002549800-6","Processo de Enfermagem","processo-de-enfermagem-lote-08","stub_markers"
"local","fau-unicentro-enfermagem-processo-de-enfermagem-1780002549800-7","Processo de Enfermagem","processo-de-enfermagem-lote-08","stub_markers"
"local","fau-unicentro-enfermagem-processo-de-enfermagem-1780002549800-8","Processo de Enfermagem","processo-de-enfermagem-lote-08","stub_markers"
"local","fau-unicentro-enfermagem-processo-de-enfermagem-1780002549800-9","Processo de Enfermagem","processo-de-enfermagem-lote-08","stub_markers"
"local","fau-unicentro-enfermagem-processo-de-enfermagem-1780002704012-0","Processo de Enfermagem","processo-de-enfermagem-lote-08","stub_markers"
"local","fau-unicentro-enfermagem-processo-de-enfermagem-1780002704012-1","Processo de Enfermagem","processo-de-enfermagem-lote-08","stub_markers"
"local","fau-unicentro-enfermagem-processo-de-enfermagem-1780002704012-2","Processo de Enfermagem","processo-de-enfermagem-lote-08","stub_markers"
"local","fau-unicentro-enfermagem-processo-de-enfermagem-1780002704012-3","Processo de Enfermagem","processo-de-enfermagem-lote-08","stub_markers"
"local","fau-unicentro-enfermagem-processo-de-enfermagem-1780002704012-4","Processo de Enfermagem","processo-de-enfermagem-lote-08","stub_markers"
"local","fau-unicentro-enfermagem-processo-de-enfermagem-1780002704012-5","Processo de Enfermagem","processo-de-enfermagem-lote-08","stub_markers"
"local","fau-unicentro-enfermagem-processo-de-enfermagem-1780002704012-6","Processo de Enfermagem","processo-de-enfermagem-lote-08","stub_markers"
"local","fau-unicentro-enfermagem-processo-de-enfermagem-1780002704012-7","Processo de Enfermagem","processo-de-enfermagem-lote-08","stub_markers"
"local","fau-unicentro-enfermagem-processo-de-enfermagem-1780002704012-8","Processo de Enfermagem","processo-de-enfermagem-lote-08","stub_markers"
"local","fau-unicentro-enfermagem-processo-de-enfermagem-1780002704012-9","Processo de Enfermagem","processo-de-enfermagem-lote-08","stub_markers"
"local","fau-unicentro-enfermagem-processo-de-enfermagem-1780009366805-0","Processo de Enfermagem","processo-de-enfermagem-lote-08","stub_markers"
"local","fau-unicentro-enfermagem-processo-de-enfermagem-1780009366805-1","Processo de Enfermagem","processo-de-enfermagem-lote-08","stub_markers"
"local","fau-unicentro-enfermagem-processo-de-enfermagem-1780009366805-2","Processo de Enfermagem","processo-de-enfermagem-lote-08","stub_markers"
"local","fau-unicentro-enfermagem-processo-de-enfermagem-1780009366805-3","Processo de Enfermagem","processo-de-enfermagem-lote-08","stub_markers"
"local","fau-unicentro-enfermagem-processo-de-enfermagem-1780009366805-4","Processo de Enfermagem","processo-de-enfermagem-lote-08","stub_markers"
"local","fau-unicentro-enfermagem-processo-de-enfermagem-1780009366805-5","Processo de Enfermagem","processo-de-enfermagem-lote-08","stub_markers"
"local","fau-unicentro-enfermagem-processo-de-enfermagem-1780009366805-6","Processo de Enfermagem","processo-de-enfermagem-lote-08","stub_markers"
"local","fau-unicentro-enfermagem-processo-de-enfermagem-1780009366805-7","Processo de Enfermagem","processo-de-enfermagem-lote-08","stub_markers"
"local","fau-unicentro-enfermagem-processo-de-enfermagem-1780009366805-8","Processo de Enfermagem","processo-de-enfermagem-lote-08","stub_markers"
"local","fau-unicentro-enfermagem-processo-de-enfermagem-1780009366805-9","Processo de Enfermagem","processo-de-enfermagem-lote-08","stub_markers"
"local","fau-unicentro-enfermagem-processo-de-enfermagem-1780009379028-0","Processo de Enfermagem","processo-de-enfermagem-lote-08","stub_markers"
"local","fau-unicentro-enfermagem-processo-de-enfermagem-1780009379028-1","Processo de Enfermagem","processo-de-enfermagem-lote-08","stub_markers"
"local","fau-unicentro-enfermagem-processo-de-enfermagem-1780009379028-2","Processo de Enfermagem","processo-de-enfermagem-lote-08","stub_markers"
"local","fau-unicentro-enfermagem-processo-de-enfermagem-1780009379028-3","Processo de Enfermagem","processo-de-enfermagem-lote-08","stub_markers"
"local","fau-unicentro-enfermagem-processo-de-enfermagem-1780009379028-4","Processo de Enfermagem","processo-de-enfermagem-lote-08","stub_markers"
"local","fau-unicentro-enfermagem-processo-de-enfermagem-1780009379028-5","Processo de Enfermagem","processo-de-enfermagem-lote-08","stub_markers"
"local","fcc-enfermagem-processo-de-enfermagem-1776056140199-5","Processo de Enfermagem","processo-de-enfermagem-lote-08","stub_markers;molde_golden_rule_sem_rows"
"local","fcpc-enfermagem-processo-de-enfermagem-1780004602717-2","Processo de Enfermagem","processo-de-enfermagem-lote-08","stub_markers"
"local","fcpc-enfermagem-processo-de-enfermagem-1780004602717-3","Processo de Enfermagem","processo-de-enfermagem-lote-08","stub_markers"
"local","fcpc-enfermagem-processo-de-enfermagem-1780004602717-4","Processo de Enfermagem","processo-de-enfermagem-lote-08","stub_markers"
"local","fcpc-enfermagem-processo-de-enfermagem-1780004602717-5","Processo de Enfermagem","processo-de-enfermagem-lote-08","stub_markers"
"local","fcpc-enfermagem-processo-de-enfermagem-1780004602717-6","Processo de Enfermagem","processo-de-enfermagem-lote-08","stub_markers"
"local","fcpc-enfermagem-processo-de-enfermagem-1780004602717-7","Processo de Enfermagem","processo-de-enfermagem-lote-08","stub_markers"
"local","fcpc-enfermagem-processo-de-enfermagem-1780004602717-8","Processo de Enfermagem","processo-de-enfermagem-lote-08","stub_markers"
"local","fcpc-enfermagem-processo-de-enfermagem-1780004602717-9","Processo de Enfermagem","processo-de-enfermagem-lote-08","stub_markers"
"local","fcpc-enfermagem-processo-de-enfermagem-1780004628956-0","Processo de Enfermagem","processo-de-enfermagem-lote-08","stub_markers"
"local","fcpc-enfermagem-processo-de-enfermagem-1780004628956-1","Processo de Enfermagem","processo-de-enfermagem-lote-08","stub_markers"
"local","fcpc-enfermagem-processo-de-enfermagem-1780004628956-2","Processo de Enfermagem","processo-de-enfermagem-lote-08","stub_markers"
"local","fcpc-enfermagem-processo-de-enfermagem-1780004628956-3","Processo de Enfermagem","processo-de-enfermagem-lote-08","stub_markers"
"local","fcpc-enfermagem-processo-de-enfermagem-1780004628956-4","Processo de Enfermagem","processo-de-enfermagem-lote-08","stub_markers"
"local","fcpc-enfermagem-processo-de-enfermagem-1780004628956-5","Processo de Enfermagem","processo-de-enfermagem-lote-08","stub_markers"
"local","fcpc-enfermagem-processo-de-enfermagem-1780004628956-6","Processo de Enfermagem","processo-de-enfermagem-lote-08","stub_markers"
"local","fcpc-enfermagem-processo-de-enfermagem-1780004628956-7","Processo de Enfermagem","processo-de-enfermagem-lote-08","stub_markers"
"local","fcpc-enfermagem-processo-de-enfermagem-1780004628956-8","Processo de Enfermagem","processo-de-enfermagem-lote-09","stub_markers"
"local","fcpc-enfermagem-processo-de-enfermagem-1780004628956-9","Processo de Enfermagem","processo-de-enfermagem-lote-09","stub_markers"
"local","fcpc-enfermagem-processo-de-enfermagem-1780004906875-0","Processo de Enfermagem","processo-de-enfermagem-lote-09","stub_markers"
"local","fcpc-enfermagem-processo-de-enfermagem-1780004906875-1","Processo de Enfermagem","processo-de-enfermagem-lote-09","stub_markers"
"local","fcpc-enfermagem-processo-de-enfermagem-1780004906875-2","Processo de Enfermagem","processo-de-enfermagem-lote-09","stub_markers"
"local","fcpc-enfermagem-processo-de-enfermagem-1780004906875-3","Processo de Enfermagem","processo-de-enfermagem-lote-09","stub_markers"
"local","fcpc-enfermagem-processo-de-enfermagem-1780004906875-4","Processo de Enfermagem","processo-de-enfermagem-lote-09","stub_markers"
"local","fcpc-enfermagem-processo-de-enfermagem-1780004906875-5","Processo de Enfermagem","processo-de-enfermagem-lote-09","stub_markers"
"local","fcpc-enfermagem-processo-de-enfermagem-1780004906875-6","Processo de Enfermagem","processo-de-enfermagem-lote-09","stub_markers"
"local","fcpc-enfermagem-processo-de-enfermagem-1780004906875-7","Processo de Enfermagem","processo-de-enfermagem-lote-09","stub_markers"
"local","fcpc-enfermagem-processo-de-enfermagem-1780004906875-8","Processo de Enfermagem","processo-de-enfermagem-lote-09","stub_markers"
"local","fcpc-enfermagem-processo-de-enfermagem-1780004906875-9","Processo de Enfermagem","processo-de-enfermagem-lote-09","stub_markers"
"local","fenix-instituto-enfermagem-processo-de-enfermagem-1780001790945-9","Processo de Enfermagem","processo-de-enfermagem-lote-09","stub_markers"
"local","fenix-instituto-enfermagem-processo-de-enfermagem-1780001846202-0","Processo de Enfermagem","processo-de-enfermagem-lote-09","stub_markers"
"local","fenix-instituto-enfermagem-processo-de-enfermagem-1780001846202-1","Processo de Enfermagem","processo-de-enfermagem-lote-09","stub_markers"
"local","fenix-instituto-enfermagem-processo-de-enfermagem-1780001846202-2","Processo de Enfermagem","processo-de-enfermagem-lote-09","stub_markers"
"local","fenix-instituto-enfermagem-processo-de-enfermagem-1780001846202-3","Processo de Enfermagem","processo-de-enfermagem-lote-09","stub_markers"
"local","fenix-instituto-enfermagem-processo-de-enfermagem-1780001846202-4","Processo de Enfermagem","processo-de-enfermagem-lote-09","stub_markers"
"local","fenix-instituto-enfermagem-processo-de-enfermagem-1780001846202-5","Processo de Enfermagem","processo-de-enfermagem-lote-09","stub_markers"
"local","fenix-instituto-enfermagem-processo-de-enfermagem-1780001846202-6","Processo de Enfermagem","processo-de-enfermagem-lote-09","stub_markers"
"local","fenix-instituto-enfermagem-processo-de-enfermagem-1780001846202-7","Processo de Enfermagem","processo-de-enfermagem-lote-09","stub_markers"
"local","fenix-instituto-enfermagem-processo-de-enfermagem-1780001846202-8","Processo de Enfermagem","processo-de-enfermagem-lote-09","stub_markers"
"local","fenix-instituto-enfermagem-processo-de-enfermagem-1780001903454-0","Processo de Enfermagem","processo-de-enfermagem-lote-09","stub_markers"
"local","fenix-instituto-enfermagem-processo-de-enfermagem-1780006456417-9","Processo de Enfermagem","processo-de-enfermagem-lote-09","stub_markers"
"local","fenix-instituto-enfermagem-processo-de-enfermagem-1780006471061-0","Processo de Enfermagem","processo-de-enfermagem-lote-09","stub_markers"
"local","fenix-instituto-enfermagem-processo-de-enfermagem-1780006471061-1","Processo de Enfermagem","processo-de-enfermagem-lote-09","stub_markers"
"local","fenix-instituto-enfermagem-processo-de-enfermagem-1780006471061-2","Processo de Enfermagem","processo-de-enfermagem-lote-09","stub_markers"
"local","fenix-instituto-enfermagem-processo-de-enfermagem-1780006471061-3","Processo de Enfermagem","processo-de-enfermagem-lote-09","stub_markers"
"local","fenix-instituto-enfermagem-processo-de-enfermagem-1780006471061-4","Processo de Enfermagem","processo-de-enfermagem-lote-09","stub_markers"
"local","fenix-instituto-enfermagem-processo-de-enfermagem-1780006471061-5","Processo de Enfermagem","processo-de-enfermagem-lote-09","stub_markers"
"local","fenix-instituto-enfermagem-processo-de-enfermagem-1780006471061-6","Processo de Enfermagem","processo-de-enfermagem-lote-09","stub_markers"
"local","fenix-instituto-enfermagem-processo-de-enfermagem-1780006471061-7","Processo de Enfermagem","processo-de-enfermagem-lote-09","stub_markers"
"local","fenix-instituto-enfermagem-processo-de-enfermagem-1780006471061-8","Processo de Enfermagem","processo-de-enfermagem-lote-09","stub_markers"
"local","fenix-instituto-enfermagem-processo-de-enfermagem-1780006471061-9","Processo de Enfermagem","processo-de-enfermagem-lote-09","stub_markers"
"local","fenix-instituto-enfermagem-processo-de-enfermagem-1780006480333-0","Processo de Enfermagem","processo-de-enfermagem-lote-09","stub_markers"
"local","fenix-instituto-enfermagem-processo-de-enfermagem-1780006480333-1","Processo de Enfermagem","processo-de-enfermagem-lote-09","stub_markers"
"local","fenix-instituto-enfermagem-processo-de-enfermagem-1780006480333-2","Processo de Enfermagem","processo-de-enfermagem-lote-09","stub_markers"
"local","fenix-instituto-enfermagem-processo-de-enfermagem-1780006480333-3","Processo de Enfermagem","processo-de-enfermagem-lote-09","stub_markers"
"local","fenix-instituto-enfermagem-processo-de-enfermagem-1780006480333-4","Processo de Enfermagem","processo-de-enfermagem-lote-09","stub_markers"
"local","fenix-instituto-enfermagem-processo-de-enfermagem-1780006480333-5","Processo de Enfermagem","processo-de-enfermagem-lote-09","stub_markers"
"local","fenix-instituto-enfermagem-processo-de-enfermagem-1780006480333-6","Processo de Enfermagem","processo-de-enfermagem-lote-09","stub_markers"
"local","fenix-instituto-enfermagem-processo-de-enfermagem-1780006480333-7","Processo de Enfermagem","processo-de-enfermagem-lote-09","stub_markers"
"local","fenix-instituto-enfermagem-processo-de-enfermagem-1780006480333-8","Processo de Enfermagem","processo-de-enfermagem-lote-09","stub_markers"
"local","fepese-enfermagem-processo-de-enfermagem-1780002110600-7","Processo de Enfermagem","processo-de-enfermagem-lote-09","stub_markers"
"local","fepese-enfermagem-processo-de-enfermagem-1780002110600-8","Processo de Enfermagem","processo-de-enfermagem-lote-09","stub_markers"
"local","fepese-enfermagem-processo-de-enfermagem-1780002110600-9","Processo de Enfermagem","processo-de-enfermagem-lote-09","stub_markers"
"local","fepese-enfermagem-processo-de-enfermagem-1780002217274-0","Processo de Enfermagem","processo-de-enfermagem-lote-09","stub_markers"
"local","fepese-enfermagem-processo-de-enfermagem-1780002217274-1","Processo de Enfermagem","processo-de-enfermagem-lote-09","stub_markers"
"local","fepese-enfermagem-processo-de-enfermagem-1780002217274-2","Processo de Enfermagem","processo-de-enfermagem-lote-09","stub_markers"
"local","fepese-enfermagem-processo-de-enfermagem-1780002217274-3","Processo de Enfermagem","processo-de-enfermagem-lote-09","stub_markers"
"local","fepese-enfermagem-processo-de-enfermagem-1780002217274-4","Processo de Enfermagem","processo-de-enfermagem-lote-10","stub_markers"
"local","fepese-enfermagem-processo-de-enfermagem-1780004602717-0","Processo de Enfermagem","processo-de-enfermagem-lote-10","stub_markers"
"local","fepese-enfermagem-processo-de-enfermagem-1780004602717-1","Processo de Enfermagem","processo-de-enfermagem-lote-10","stub_markers"
"local","fepese-enfermagem-processo-de-enfermagem-1780008232871-6","Processo de Enfermagem","processo-de-enfermagem-lote-10","stub_markers"
"local","fepese-enfermagem-processo-de-enfermagem-1780008232871-7","Processo de Enfermagem","processo-de-enfermagem-lote-10","stub_markers"
"local","fepese-enfermagem-processo-de-enfermagem-1780008232871-8","Processo de Enfermagem","processo-de-enfermagem-lote-10","stub_markers"
"local","fepese-enfermagem-processo-de-enfermagem-1780008232871-9","Processo de Enfermagem","processo-de-enfermagem-lote-10","stub_markers"
"local","fepese-enfermagem-processo-de-enfermagem-1780008241722-0","Processo de Enfermagem","processo-de-enfermagem-lote-10","stub_markers"
"local","fepese-enfermagem-processo-de-enfermagem-1780008241722-1","Processo de Enfermagem","processo-de-enfermagem-lote-10","stub_markers"
"local","fgv-enfermagem-processo-de-enfermagem-1780001988576-4","Processo de Enfermagem","processo-de-enfermagem-lote-10","stub_markers"
"local","fgv-enfermagem-processo-de-enfermagem-1780001988576-5","Processo de Enfermagem","processo-de-enfermagem-lote-10","stub_markers"
"local","fgv-enfermagem-processo-de-enfermagem-1780001988576-6","Processo de Enfermagem","processo-de-enfermagem-lote-10","stub_markers"
"local","fgv-enfermagem-processo-de-enfermagem-1780001988576-7","Processo de Enfermagem","processo-de-enfermagem-lote-10","stub_markers"
"local","fgv-enfermagem-processo-de-enfermagem-1780001988576-8","Processo de Enfermagem","processo-de-enfermagem-lote-10","stub_markers"
"local","fgv-enfermagem-processo-de-enfermagem-1780001988576-9","Processo de Enfermagem","processo-de-enfermagem-lote-10","stub_markers"
"local","fgv-enfermagem-processo-de-enfermagem-1780002110600-0","Processo de Enfermagem","processo-de-enfermagem-lote-10","stub_markers"
"local","fgv-enfermagem-processo-de-enfermagem-1780002110600-1","Processo de Enfermagem","processo-de-enfermagem-lote-10","stub_markers"
"local","fgv-enfermagem-processo-de-enfermagem-1780002110600-2","Processo de Enfermagem","processo-de-enfermagem-lote-10","stub_markers"
"local","fgv-enfermagem-processo-de-enfermagem-1780002110600-3","Processo de Enfermagem","processo-de-enfermagem-lote-10","stub_markers"
"local","fgv-enfermagem-processo-de-enfermagem-1780002110600-4","Processo de Enfermagem","processo-de-enfermagem-lote-10","stub_markers"
"local","fgv-enfermagem-processo-de-enfermagem-1780002110600-5","Processo de Enfermagem","processo-de-enfermagem-lote-10","stub_markers"
"local","fgv-enfermagem-processo-de-enfermagem-1780002110600-6","Processo de Enfermagem","processo-de-enfermagem-lote-10","stub_markers"
"local","funatec-enfermagem-processo-de-enfermagem-1776055865890-3","Processo de Enfermagem","processo-de-enfermagem-lote-10","stub_markers;molde_golden_rule_sem_rows"
"local","funatec-enfermagem-processo-de-enfermagem-1776055865890-4","Processo de Enfermagem","processo-de-enfermagem-lote-10","stub_markers;molde_golden_rule_sem_rows"
"local","funatec-enfermagem-processo-de-enfermagem-1776055865890-5","Processo de Enfermagem","processo-de-enfermagem-lote-10","stub_markers;molde_golden_rule_sem_rows"
"local","funatec-enfermagem-processo-de-enfermagem-1776055865890-6","Processo de Enfermagem","processo-de-enfermagem-lote-10","stub_markers;molde_golden_rule_sem_rows"
"local","funatec-enfermagem-processo-de-enfermagem-1776055865890-7","Processo de Enfermagem","processo-de-enfermagem-lote-10","stub_markers;molde_golden_rule_sem_rows"
"local","funatec-enfermagem-processo-de-enfermagem-1776056173194-0","Processo de Enfermagem","processo-de-enfermagem-lote-10","stub_markers;molde_golden_rule_sem_rows"
"local","fundatec-enfermagem-processo-de-enfermagem-1776056009428-7","Processo de Enfermagem","processo-de-enfermagem-lote-10","stub_markers;molde_golden_rule_sem_rows"
"local","fundatec-enfermagem-processo-de-enfermagem-1776056129848-2","Processo de Enfermagem","processo-de-enfermagem-lote-10","stub_markers;molde_golden_rule_sem_rows"
"local","fundatec-enfermagem-processo-de-enfermagem-1776056158507-3","Processo de Enfermagem","processo-de-enfermagem-lote-10","stub_markers;molde_golden_rule_sem_rows"
"local","fundatec-enfermagem-processo-de-enfermagem-1776056181857-8","Processo de Enfermagem","processo-de-enfermagem-lote-10","stub_markers;molde_golden_rule_sem_rows"
"local","fundatec-enfermagem-processo-de-enfermagem-1780001903454-1","Processo de Enfermagem","processo-de-enfermagem-lote-10","stub_markers"
"local","fundatec-enfermagem-processo-de-enfermagem-1780001903454-2","Processo de Enfermagem","processo-de-enfermagem-lote-10","stub_markers"
"local","fundatec-enfermagem-processo-de-enfermagem-1780001903454-3","Processo de Enfermagem","processo-de-enfermagem-lote-10","stub_markers"
"local","fundatec-enfermagem-processo-de-enfermagem-1780006947080-1","Processo de Enfermagem","processo-de-enfermagem-lote-10","stub_markers"
"local","fundatec-enfermagem-processo-de-enfermagem-1780006947080-2","Processo de Enfermagem","processo-de-enfermagem-lote-10","stub_markers"
"local","fundatec-enfermagem-processo-de-enfermagem-1780006947080-3","Processo de Enfermagem","processo-de-enfermagem-lote-10","stub_markers"
"local","fundatec-enfermagem-processo-de-enfermagem-1780006947080-4","Processo de Enfermagem","processo-de-enfermagem-lote-10","stub_markers"
"local","fundatec-enfermagem-processo-de-enfermagem-1780006947080-5","Processo de Enfermagem","processo-de-enfermagem-lote-10","stub_markers"
"local","fundatec-enfermagem-processo-de-enfermagem-1780006947080-6","Processo de Enfermagem","processo-de-enfermagem-lote-10","stub_markers"
"local","fundatec-enfermagem-processo-de-enfermagem-1780006947080-7","Processo de Enfermagem","processo-de-enfermagem-lote-10","stub_markers"
"local","fundatec-enfermagem-processo-de-enfermagem-1780006947080-8","Processo de Enfermagem","processo-de-enfermagem-lote-10","stub_markers"
"local","fundatec-enfermagem-processo-de-enfermagem-1780006947080-9","Processo de Enfermagem","processo-de-enfermagem-lote-10","stub_markers"
"local","fundatec-enfermagem-processo-de-enfermagem-1780006954613-0","Processo de Enfermagem","processo-de-enfermagem-lote-10","stub_markers"
"local","fundatec-enfermagem-processo-de-enfermagem-1780006954613-1","Processo de Enfermagem","processo-de-enfermagem-lote-10","stub_markers"
"local","fundatec-enfermagem-processo-de-enfermagem-1780006954613-2","Processo de Enfermagem","processo-de-enfermagem-lote-10","stub_markers"
"local","fundatec-enfermagem-processo-de-enfermagem-1780006954613-3","Processo de Enfermagem","processo-de-enfermagem-lote-10","stub_markers"
"local","fundatec-enfermagem-processo-de-enfermagem-1780006954613-4","Processo de Enfermagem","processo-de-enfermagem-lote-10","stub_markers"
"local","fundatec-enfermagem-processo-de-enfermagem-1780006954613-5","Processo de Enfermagem","processo-de-enfermagem-lote-10","stub_markers"
"local","fundatec-enfermagem-processo-de-enfermagem-1780006954613-6","Processo de Enfermagem","processo-de-enfermagem-lote-11","stub_markers"
"local","fundatec-enfermagem-processo-de-enfermagem-1780006954613-7","Processo de Enfermagem","processo-de-enfermagem-lote-11","stub_markers"
"local","fundatec-enfermagem-processo-de-enfermagem-1780006954613-8","Processo de Enfermagem","processo-de-enfermagem-lote-11","stub_markers"
"local","fundatec-enfermagem-processo-de-enfermagem-1780006954613-9","Processo de Enfermagem","processo-de-enfermagem-lote-11","stub_markers"
"local","fundatec-enfermagem-processo-de-enfermagem-1780006962671-0","Processo de Enfermagem","processo-de-enfermagem-lote-11","stub_markers"
"local","fundatec-enfermagem-processo-de-enfermagem-1780006962671-1","Processo de Enfermagem","processo-de-enfermagem-lote-11","stub_markers"
"local","fundatec-enfermagem-processo-de-enfermagem-1780006962671-2","Processo de Enfermagem","processo-de-enfermagem-lote-11","stub_markers"
"local","fundatec-enfermagem-processo-de-enfermagem-1780006962671-3","Processo de Enfermagem","processo-de-enfermagem-lote-11","stub_markers"
"local","fundatec-enfermagem-processo-de-enfermagem-1780006962671-4","Processo de Enfermagem","processo-de-enfermagem-lote-11","stub_markers"
"local","fundatec-enfermagem-processo-de-enfermagem-1780006962671-5","Processo de Enfermagem","processo-de-enfermagem-lote-11","stub_markers"
"local","fundatec-enfermagem-processo-de-enfermagem-1780006962671-6","Processo de Enfermagem","processo-de-enfermagem-lote-11","stub_markers"
"local","fundatec-enfermagem-processo-de-enfermagem-1780006969552-3","Processo de Enfermagem","processo-de-enfermagem-lote-11","stub_markers"
"local","fundatec-enfermagem-processo-de-enfermagem-1780006969552-4","Processo de Enfermagem","processo-de-enfermagem-lote-11","stub_markers"
"local","fundatec-enfermagem-processo-de-enfermagem-1780006969552-5","Processo de Enfermagem","processo-de-enfermagem-lote-11","stub_markers"
"local","fundatec-enfermagem-processo-de-enfermagem-1780006969552-6","Processo de Enfermagem","processo-de-enfermagem-lote-11","stub_markers"
"local","fundatec-enfermagem-processo-de-enfermagem-1780006969552-7","Processo de Enfermagem","processo-de-enfermagem-lote-11","stub_markers"
"local","fundatec-enfermagem-processo-de-enfermagem-1780006969552-8","Processo de Enfermagem","processo-de-enfermagem-lote-11","stub_markers"
"local","fundatec-enfermagem-processo-de-enfermagem-1780006969552-9","Processo de Enfermagem","processo-de-enfermagem-lote-11","stub_markers"
"local","fundatec-enfermagem-processo-de-enfermagem-1780006976703-0","Processo de Enfermagem","processo-de-enfermagem-lote-11","stub_markers"
"local","fundatec-enfermagem-processo-de-enfermagem-1780006976703-1","Processo de Enfermagem","processo-de-enfermagem-lote-11","stub_markers"
"local","fundatec-enfermagem-processo-de-enfermagem-1780006976703-2","Processo de Enfermagem","processo-de-enfermagem-lote-11","stub_markers"
"local","fundatec-enfermagem-processo-de-enfermagem-1780006976703-3","Processo de Enfermagem","processo-de-enfermagem-lote-11","stub_markers"
"local","fundatec-enfermagem-processo-de-enfermagem-1780006976703-4","Processo de Enfermagem","processo-de-enfermagem-lote-11","stub_markers"
"local","fundatec-enfermagem-processo-de-enfermagem-1780006976703-5","Processo de Enfermagem","processo-de-enfermagem-lote-11","stub_markers"
"local","fundatec-enfermagem-processo-de-enfermagem-1780006976703-6","Processo de Enfermagem","processo-de-enfermagem-lote-11","stub_markers"
"local","fundatec-enfermagem-processo-de-enfermagem-1780006976703-7","Processo de Enfermagem","processo-de-enfermagem-lote-11","stub_markers"
"local","fundatec-enfermagem-processo-de-enfermagem-1780006976703-8","Processo de Enfermagem","processo-de-enfermagem-lote-11","stub_markers"
"local","fundatec-enfermagem-processo-de-enfermagem-1780006976703-9","Processo de Enfermagem","processo-de-enfermagem-lote-11","stub_markers"
"local","fundatec-enfermagem-processo-de-enfermagem-1780007230169-0","Processo de Enfermagem","processo-de-enfermagem-lote-11","stub_markers"
"local","fundatec-enfermagem-processo-de-enfermagem-1780007230169-1","Processo de Enfermagem","processo-de-enfermagem-lote-11","stub_markers"
"local","fundatec-enfermagem-processo-de-enfermagem-1780007230169-2","Processo de Enfermagem","processo-de-enfermagem-lote-11","stub_markers"
"local","fundatec-enfermagem-processo-de-enfermagem-1780007230169-3","Processo de Enfermagem","processo-de-enfermagem-lote-11","stub_markers"
"local","fundatec-enfermagem-processo-de-enfermagem-1780007230169-4","Processo de Enfermagem","processo-de-enfermagem-lote-11","stub_markers"
"local","fundatec-enfermagem-processo-de-enfermagem-1780007230169-5","Processo de Enfermagem","processo-de-enfermagem-lote-11","stub_markers"
"local","fundatec-enfermagem-processo-de-enfermagem-1780007230169-6","Processo de Enfermagem","processo-de-enfermagem-lote-11","stub_markers"
"local","fundatec-enfermagem-processo-de-enfermagem-1780007230169-7","Processo de Enfermagem","processo-de-enfermagem-lote-11","stub_markers"
"local","fundatec-enfermagem-processo-de-enfermagem-1780011956256-4","Processo de Enfermagem","processo-de-enfermagem-lote-11","stub_markers"
"local","fundatec-enfermagem-processo-de-enfermagem-1780011956256-5","Processo de Enfermagem","processo-de-enfermagem-lote-11","stub_markers"
"local","fundatec-enfermagem-processo-de-enfermagem-1780011956256-6","Processo de Enfermagem","processo-de-enfermagem-lote-11","stub_markers"
"local","fundatec-enfermagem-processo-de-enfermagem-1780011956256-7","Processo de Enfermagem","processo-de-enfermagem-lote-11","stub_markers"
"local","fundatec-enfermagem-processo-de-enfermagem-1780011956256-8","Processo de Enfermagem","processo-de-enfermagem-lote-11","stub_markers"
"local","fundatec-enfermagem-processo-de-enfermagem-1780011956256-9","Processo de Enfermagem","processo-de-enfermagem-lote-11","stub_markers"
"local","fundatec-enfermagem-processo-de-enfermagem-1780011961798-0","Processo de Enfermagem","processo-de-enfermagem-lote-11","stub_markers"
"local","fundatec-enfermagem-processo-de-enfermagem-1780011961798-1","Processo de Enfermagem","processo-de-enfermagem-lote-11","stub_markers"
"local","fundepes-copeve-ufal-enfermagem-processo-de-enfermagem-1776056149404-3","Processo de Enfermagem","processo-de-enfermagem-lote-11","stub_markers;molde_golden_rule_sem_rows"
"local","fundepes-copeve-ufal-enfermagem-processo-de-enfermagem-1776056173194-1","Processo de Enfermagem","processo-de-enfermagem-lote-11","stub_markers;molde_golden_rule_sem_rows"
"local","fundepes-copeve-ufal-enfermagem-processo-de-enfermagem-1776056173194-2","Processo de Enfermagem","processo-de-enfermagem-lote-11","stub_markers;molde_golden_rule_sem_rows"
"local","fundepes-copeve-ufal-enfermagem-processo-de-enfermagem-1776056173194-3","Processo de Enfermagem","processo-de-enfermagem-lote-11","stub_markers;molde_golden_rule_sem_rows"
"local","fundepes-copeve-ufal-enfermagem-processo-de-enfermagem-1776056173194-4","Processo de Enfermagem","processo-de-enfermagem-lote-11","stub_markers;molde_golden_rule_sem_rows"
"local","furb-enfermagem-processo-de-enfermagem-1776056129848-1","Processo de Enfermagem","processo-de-enfermagem-lote-11","stub_markers;molde_golden_rule_sem_rows"
"local","furb-enfermagem-processo-de-enfermagem-1780011887822-5","Processo de Enfermagem","processo-de-enfermagem-lote-12","stub_markers"
"local","furb-enfermagem-processo-de-enfermagem-1780011887822-6","Processo de Enfermagem","processo-de-enfermagem-lote-12","stub_markers"
"local","furb-enfermagem-processo-de-enfermagem-1780011887822-7","Processo de Enfermagem","processo-de-enfermagem-lote-12","stub_markers"
"local","furb-enfermagem-processo-de-enfermagem-1780011887822-8","Processo de Enfermagem","processo-de-enfermagem-lote-12","stub_markers"
"local","furb-enfermagem-processo-de-enfermagem-1780011887822-9","Processo de Enfermagem","processo-de-enfermagem-lote-12","stub_markers"
"local","furb-enfermagem-processo-de-enfermagem-1780011908736-0","Processo de Enfermagem","processo-de-enfermagem-lote-12","stub_markers"
"local","furb-enfermagem-processo-de-enfermagem-1780011908736-1","Processo de Enfermagem","processo-de-enfermagem-lote-12","stub_markers"
"local","furb-enfermagem-processo-de-enfermagem-1780011908736-2","Processo de Enfermagem","processo-de-enfermagem-lote-12","stub_markers"
"local","furb-enfermagem-processo-de-enfermagem-1780011908736-3","Processo de Enfermagem","processo-de-enfermagem-lote-12","stub_markers"
"local","furb-enfermagem-processo-de-enfermagem-1780011908736-4","Processo de Enfermagem","processo-de-enfermagem-lote-12","stub_markers"
"local","furb-enfermagem-processo-de-enfermagem-1780011908736-5","Processo de Enfermagem","processo-de-enfermagem-lote-12","stub_markers"
"local","furb-enfermagem-processo-de-enfermagem-1780011908736-6","Processo de Enfermagem","processo-de-enfermagem-lote-12","stub_markers"
"local","furb-enfermagem-processo-de-enfermagem-1780011908736-7","Processo de Enfermagem","processo-de-enfermagem-lote-12","stub_markers"
"local","furb-enfermagem-processo-de-enfermagem-1780011908736-8","Processo de Enfermagem","processo-de-enfermagem-lote-12","stub_markers"
"local","furb-enfermagem-processo-de-enfermagem-1780011908736-9","Processo de Enfermagem","processo-de-enfermagem-lote-12","stub_markers"
"local","furb-enfermagem-processo-de-enfermagem-1780011915153-0","Processo de Enfermagem","processo-de-enfermagem-lote-12","stub_markers"
"local","furb-enfermagem-processo-de-enfermagem-1780011915153-1","Processo de Enfermagem","processo-de-enfermagem-lote-12","stub_markers"
"local","furb-enfermagem-processo-de-enfermagem-1780011915153-2","Processo de Enfermagem","processo-de-enfermagem-lote-12","stub_markers"
"local","furb-enfermagem-processo-de-enfermagem-1780011915153-3","Processo de Enfermagem","processo-de-enfermagem-lote-12","stub_markers"
"local","furb-enfermagem-processo-de-enfermagem-1780011915153-4","Processo de Enfermagem","processo-de-enfermagem-lote-12","stub_markers"
"local","furb-enfermagem-processo-de-enfermagem-1780011915153-5","Processo de Enfermagem","processo-de-enfermagem-lote-12","stub_markers"
"local","furb-enfermagem-processo-de-enfermagem-1780011915153-6","Processo de Enfermagem","processo-de-enfermagem-lote-12","stub_markers"
"local","furb-enfermagem-processo-de-enfermagem-1780011915153-7","Processo de Enfermagem","processo-de-enfermagem-lote-12","stub_markers"
"local","furb-enfermagem-processo-de-enfermagem-1780011915153-8","Processo de Enfermagem","processo-de-enfermagem-lote-12","stub_markers"
"local","grupo-talent-enfermagem-processo-de-enfermagem-1780009359555-1","Processo de Enfermagem","processo-de-enfermagem-lote-12","stub_markers"
"local","grupo-talent-enfermagem-processo-de-enfermagem-1780009359555-2","Processo de Enfermagem","processo-de-enfermagem-lote-12","stub_markers"
"local","grupo-talent-enfermagem-processo-de-enfermagem-1780009359555-3","Processo de Enfermagem","processo-de-enfermagem-lote-12","stub_markers"
"local","grupo-talent-enfermagem-processo-de-enfermagem-1780009359555-4","Processo de Enfermagem","processo-de-enfermagem-lote-12","stub_markers"
"local","grupo-talent-enfermagem-processo-de-enfermagem-1780009359555-5","Processo de Enfermagem","processo-de-enfermagem-lote-12","stub_markers"
"local","grupo-talent-enfermagem-processo-de-enfermagem-1780009359555-6","Processo de Enfermagem","processo-de-enfermagem-lote-12","stub_markers"
"local","grupo-talent-enfermagem-processo-de-enfermagem-1780009359555-7","Processo de Enfermagem","processo-de-enfermagem-lote-12","stub_markers"
"local","grupo-talent-enfermagem-processo-de-enfermagem-1780009359555-8","Processo de Enfermagem","processo-de-enfermagem-lote-12","stub_markers"
"local","iaupe-enfermagem-processo-de-enfermagem-1776056149404-2","Processo de Enfermagem","processo-de-enfermagem-lote-12","stub_markers;molde_golden_rule_sem_rows"
"local","ibade-enfermagem-processo-de-enfermagem-1780005128081-7","Processo de Enfermagem","processo-de-enfermagem-lote-12","stub_markers"
"local","ibade-enfermagem-processo-de-enfermagem-1780005128081-8","Processo de Enfermagem","processo-de-enfermagem-lote-12","stub_markers"
"local","ibade-enfermagem-processo-de-enfermagem-1780005128081-9","Processo de Enfermagem","processo-de-enfermagem-lote-12","stub_markers"
"local","ibade-enfermagem-processo-de-enfermagem-1780005137458-0","Processo de Enfermagem","processo-de-enfermagem-lote-12","stub_markers"
"local","ibade-enfermagem-processo-de-enfermagem-1780005137458-1","Processo de Enfermagem","processo-de-enfermagem-lote-12","stub_markers"
"local","ibade-enfermagem-processo-de-enfermagem-1780005137458-2","Processo de Enfermagem","processo-de-enfermagem-lote-12","stub_markers"
"local","ibade-enfermagem-processo-de-enfermagem-1780005137458-3","Processo de Enfermagem","processo-de-enfermagem-lote-12","stub_markers"
"local","ibade-enfermagem-processo-de-enfermagem-1780005137458-4","Processo de Enfermagem","processo-de-enfermagem-lote-12","stub_markers"
"local","ibade-enfermagem-processo-de-enfermagem-1780005137458-5","Processo de Enfermagem","processo-de-enfermagem-lote-12","stub_markers"
"local","ibade-enfermagem-processo-de-enfermagem-1780005137458-6","Processo de Enfermagem","processo-de-enfermagem-lote-12","stub_markers"
"local","ibade-enfermagem-processo-de-enfermagem-1780005137458-7","Processo de Enfermagem","processo-de-enfermagem-lote-12","stub_markers"
"local","ibade-enfermagem-processo-de-enfermagem-1780005137458-8","Processo de Enfermagem","processo-de-enfermagem-lote-12","stub_markers"
"local","ibade-enfermagem-processo-de-enfermagem-1780005311822-0","Processo de Enfermagem","processo-de-enfermagem-lote-12","stub_markers"
"local","ibade-enfermagem-processo-de-enfermagem-1780005311822-1","Processo de Enfermagem","processo-de-enfermagem-lote-12","stub_markers"
"local","ibade-enfermagem-processo-de-enfermagem-1780005311822-2","Processo de Enfermagem","processo-de-enfermagem-lote-12","stub_markers"
"local","ibfc-enfermagem-processo-de-enfermagem-1776056149404-4","Processo de Enfermagem","processo-de-enfermagem-lote-12","stub_markers;molde_golden_rule_sem_rows"
"local","icece-enfermagem-processo-de-enfermagem-1776056009428-4","Processo de Enfermagem","processo-de-enfermagem-lote-12","stub_markers;molde_golden_rule_sem_rows"
"local","idcap-enfermagem-processo-de-enfermagem-1776056021381-6","Processo de Enfermagem","processo-de-enfermagem-lote-13","stub_markers;molde_golden_rule_sem_rows"
"local","idcap-enfermagem-processo-de-enfermagem-1776056021381-7","Processo de Enfermagem","processo-de-enfermagem-lote-13","stub_markers;molde_golden_rule_sem_rows"
"local","idecan-enfermagem-processo-de-enfermagem-1778712122855-5","Processo de Enfermagem","processo-de-enfermagem-lote-13","molde_golden_rule_sem_rows"
"local","idecan-enfermagem-processo-de-enfermagem-1780066909125-1","Processo de Enfermagem","processo-de-enfermagem-lote-13","stub_markers"
"local","idecan-enfermagem-processo-de-enfermagem-1780066909125-2","Processo de Enfermagem","processo-de-enfermagem-lote-13","stub_markers"
"local","idib-enfermagem-processo-de-enfermagem-1778934863952-2","Processo de Enfermagem","processo-de-enfermagem-lote-13","stub_markers;molde_golden_rule_sem_rows"
"local","idib-enfermagem-processo-de-enfermagem-1778934863952-3","Processo de Enfermagem","processo-de-enfermagem-lote-13","stub_markers;molde_golden_rule_sem_rows"
"local","idib-enfermagem-processo-de-enfermagem-1778934863952-4","Processo de Enfermagem","processo-de-enfermagem-lote-13","stub_markers;molde_golden_rule_sem_rows"
"local","igecap-enfermagem-processo-de-enfermagem-1780004280851-9","Processo de Enfermagem","processo-de-enfermagem-lote-13","stub_markers"
"local","igecap-enfermagem-processo-de-enfermagem-1780004293191-0","Processo de Enfermagem","processo-de-enfermagem-lote-13","stub_markers"
"local","igecap-enfermagem-processo-de-enfermagem-1780004293191-1","Processo de Enfermagem","processo-de-enfermagem-lote-13","stub_markers"
"local","igecap-enfermagem-processo-de-enfermagem-1780004293191-2","Processo de Enfermagem","processo-de-enfermagem-lote-13","stub_markers"
"local","igecap-enfermagem-processo-de-enfermagem-1780004293191-3","Processo de Enfermagem","processo-de-enfermagem-lote-13","stub_markers"
"local","igecap-enfermagem-processo-de-enfermagem-1780004293191-4","Processo de Enfermagem","processo-de-enfermagem-lote-13","stub_markers"
"local","igecap-enfermagem-processo-de-enfermagem-1780004293191-5","Processo de Enfermagem","processo-de-enfermagem-lote-13","stub_markers"
"local","igecap-enfermagem-processo-de-enfermagem-1780004293191-6","Processo de Enfermagem","processo-de-enfermagem-lote-13","stub_markers"
"local","igecap-enfermagem-processo-de-enfermagem-1780004293191-7","Processo de Enfermagem","processo-de-enfermagem-lote-13","stub_markers"
"local","igecap-enfermagem-processo-de-enfermagem-1780004293191-8","Processo de Enfermagem","processo-de-enfermagem-lote-13","stub_markers"
"local","igecap-enfermagem-processo-de-enfermagem-1780004452857-0","Processo de Enfermagem","processo-de-enfermagem-lote-13","stub_markers"
"local","igecap-enfermagem-processo-de-enfermagem-1780004452857-1","Processo de Enfermagem","processo-de-enfermagem-lote-13","stub_markers"
"local","igecap-enfermagem-processo-de-enfermagem-1780004452857-2","Processo de Enfermagem","processo-de-enfermagem-lote-13","stub_markers"
"local","igecap-enfermagem-processo-de-enfermagem-1780004452857-3","Processo de Enfermagem","processo-de-enfermagem-lote-13","stub_markers"
"local","igecap-enfermagem-processo-de-enfermagem-1780007230169-8","Processo de Enfermagem","processo-de-enfermagem-lote-13","stub_markers"
"local","igecap-enfermagem-processo-de-enfermagem-1780007230169-9","Processo de Enfermagem","processo-de-enfermagem-lote-13","stub_markers"
"local","igeduc-enfermagem-processo-de-enfermagem-1780001148264-3","Processo de Enfermagem","processo-de-enfermagem-lote-13","stub_markers"
"local","igeduc-enfermagem-processo-de-enfermagem-1780009392850-5","Processo de Enfermagem","processo-de-enfermagem-lote-13","stub_markers"
"local","igeduc-enfermagem-processo-de-enfermagem-1780009392850-6","Processo de Enfermagem","processo-de-enfermagem-lote-13","stub_markers"
"local","igeduc-enfermagem-processo-de-enfermagem-1780009392850-7","Processo de Enfermagem","processo-de-enfermagem-lote-13","stub_markers"
"local","igeduc-enfermagem-processo-de-enfermagem-1780009392850-8","Processo de Enfermagem","processo-de-enfermagem-lote-13","stub_markers"
"local","igeduc-enfermagem-processo-de-enfermagem-1780009392850-9","Processo de Enfermagem","processo-de-enfermagem-lote-13","stub_markers"
"local","igeduc-enfermagem-processo-de-enfermagem-1780010559720-0","Processo de Enfermagem","processo-de-enfermagem-lote-13","stub_markers"
"local","igeduc-enfermagem-processo-de-enfermagem-1780010559720-1","Processo de Enfermagem","processo-de-enfermagem-lote-13","stub_markers"
"local","igeduc-enfermagem-processo-de-enfermagem-1780010559720-2","Processo de Enfermagem","processo-de-enfermagem-lote-13","stub_markers"
"local","igeduc-enfermagem-processo-de-enfermagem-1780010559720-3","Processo de Enfermagem","processo-de-enfermagem-lote-13","stub_markers"
"local","igeduc-enfermagem-processo-de-enfermagem-1780010559720-4","Processo de Enfermagem","processo-de-enfermagem-lote-13","stub_markers"
"local","igeduc-enfermagem-processo-de-enfermagem-1780010559720-5","Processo de Enfermagem","processo-de-enfermagem-lote-13","stub_markers"
"local","igeduc-enfermagem-processo-de-enfermagem-1780010559720-6","Processo de Enfermagem","processo-de-enfermagem-lote-13","stub_markers"
"local","igeduc-enfermagem-processo-de-enfermagem-1780010559720-7","Processo de Enfermagem","processo-de-enfermagem-lote-13","stub_markers"
"local","igeduc-enfermagem-processo-de-enfermagem-1780010559720-8","Processo de Enfermagem","processo-de-enfermagem-lote-13","stub_markers"
"local","igeduc-enfermagem-processo-de-enfermagem-1780010566816-0","Processo de Enfermagem","processo-de-enfermagem-lote-13","stub_markers"
"local","igeduc-enfermagem-processo-de-enfermagem-1780010566816-1","Processo de Enfermagem","processo-de-enfermagem-lote-13","stub_markers"
"local","igeduc-enfermagem-processo-de-enfermagem-1780010566816-2","Processo de Enfermagem","processo-de-enfermagem-lote-13","stub_markers"
"local","igeduc-enfermagem-processo-de-enfermagem-1780010566816-3","Processo de Enfermagem","processo-de-enfermagem-lote-13","stub_markers"
"local","igeduc-enfermagem-processo-de-enfermagem-1780010917301-2","Processo de Enfermagem","processo-de-enfermagem-lote-13","stub_markers"
"local","igeduc-enfermagem-processo-de-enfermagem-1780010917301-3","Processo de Enfermagem","processo-de-enfermagem-lote-13","stub_markers"
"local","igeduc-enfermagem-processo-de-enfermagem-1780010917301-4","Processo de Enfermagem","processo-de-enfermagem-lote-13","stub_markers"
"local","igeduc-enfermagem-processo-de-enfermagem-1780010917301-5","Processo de Enfermagem","processo-de-enfermagem-lote-13","stub_markers"
"local","igeduc-enfermagem-processo-de-enfermagem-1780010917301-6","Processo de Enfermagem","processo-de-enfermagem-lote-13","stub_markers"
"local","igeduc-enfermagem-processo-de-enfermagem-1780010917301-7","Processo de Enfermagem","processo-de-enfermagem-lote-13","stub_markers"
"local","igeduc-enfermagem-processo-de-enfermagem-1780010917301-8","Processo de Enfermagem","processo-de-enfermagem-lote-13","stub_markers"
"local","igeduc-enfermagem-processo-de-enfermagem-1780011859940-0","Processo de Enfermagem","processo-de-enfermagem-lote-14","stub_markers"
"local","igeduc-enfermagem-processo-de-enfermagem-1780011859940-1","Processo de Enfermagem","processo-de-enfermagem-lote-14","stub_markers"
"local","igeduc-enfermagem-processo-de-enfermagem-1780011859940-2","Processo de Enfermagem","processo-de-enfermagem-lote-14","stub_markers"
"local","igeduc-enfermagem-processo-de-enfermagem-1780011859940-3","Processo de Enfermagem","processo-de-enfermagem-lote-14","stub_markers"
"local","igeduc-enfermagem-processo-de-enfermagem-1780011872350-7","Processo de Enfermagem","processo-de-enfermagem-lote-14","stub_markers"
"local","igeduc-enfermagem-processo-de-enfermagem-1780011872350-8","Processo de Enfermagem","processo-de-enfermagem-lote-14","stub_markers"
"local","igeduc-enfermagem-processo-de-enfermagem-1780011872350-9","Processo de Enfermagem","processo-de-enfermagem-lote-14","stub_markers"
"local","igeduc-enfermagem-processo-de-enfermagem-1780011879977-0","Processo de Enfermagem","processo-de-enfermagem-lote-14","stub_markers"
"local","igeduc-enfermagem-processo-de-enfermagem-1780011879977-1","Processo de Enfermagem","processo-de-enfermagem-lote-14","stub_markers"
"local","igeduc-enfermagem-processo-de-enfermagem-1780011879977-2","Processo de Enfermagem","processo-de-enfermagem-lote-14","stub_markers"
"local","igeduc-enfermagem-processo-de-enfermagem-1780011879977-3","Processo de Enfermagem","processo-de-enfermagem-lote-14","stub_markers"
"local","igeduc-enfermagem-processo-de-enfermagem-1780011879977-4","Processo de Enfermagem","processo-de-enfermagem-lote-14","stub_markers"
"local","inaz-do-para-enfermagem-processo-de-enfermagem-1776056140199-7","Processo de Enfermagem","processo-de-enfermagem-lote-14","stub_markers;molde_golden_rule_sem_rows"
"local","inaz-do-para-enfermagem-processo-de-enfermagem-1780011915153-9","Processo de Enfermagem","processo-de-enfermagem-lote-14","stub_markers"
"local","inaz-do-para-enfermagem-processo-de-enfermagem-1780011947286-0","Processo de Enfermagem","processo-de-enfermagem-lote-14","stub_markers"
"local","inaz-do-para-enfermagem-processo-de-enfermagem-1780011947286-1","Processo de Enfermagem","processo-de-enfermagem-lote-14","stub_markers"
"local","inaz-do-para-enfermagem-processo-de-enfermagem-1780011947286-2","Processo de Enfermagem","processo-de-enfermagem-lote-14","stub_markers"
"local","inaz-do-para-enfermagem-processo-de-enfermagem-1780011947286-3","Processo de Enfermagem","processo-de-enfermagem-lote-14","stub_markers"
"local","inaz-do-para-enfermagem-processo-de-enfermagem-1780011947286-4","Processo de Enfermagem","processo-de-enfermagem-lote-14","stub_markers"
"local","inaz-do-para-enfermagem-processo-de-enfermagem-1780011947286-5","Processo de Enfermagem","processo-de-enfermagem-lote-14","stub_markers"
"local","inaz-do-para-enfermagem-processo-de-enfermagem-1780011947286-6","Processo de Enfermagem","processo-de-enfermagem-lote-14","stub_markers"
"local","inaz-do-para-enfermagem-processo-de-enfermagem-1780011947286-7","Processo de Enfermagem","processo-de-enfermagem-lote-14","stub_markers"
"local","inaz-do-para-enfermagem-processo-de-enfermagem-1780011947286-8","Processo de Enfermagem","processo-de-enfermagem-lote-14","stub_markers"
"local","inaz-do-para-enfermagem-processo-de-enfermagem-1780011947286-9","Processo de Enfermagem","processo-de-enfermagem-lote-14","stub_markers"
"local","inaz-do-para-enfermagem-processo-de-enfermagem-1780011956256-0","Processo de Enfermagem","processo-de-enfermagem-lote-14","stub_markers"
"local","inaz-do-para-enfermagem-processo-de-enfermagem-1780011956256-1","Processo de Enfermagem","processo-de-enfermagem-lote-14","stub_markers"
"local","inaz-do-para-enfermagem-processo-de-enfermagem-1780011956256-2","Processo de Enfermagem","processo-de-enfermagem-lote-14","stub_markers"
"local","inaz-do-para-enfermagem-processo-de-enfermagem-1780011956256-3","Processo de Enfermagem","processo-de-enfermagem-lote-14","stub_markers"
"local","instituto-access-enfermagem-processo-de-enfermagem-1776056140199-2","Processo de Enfermagem","processo-de-enfermagem-lote-14","stub_markers;molde_golden_rule_sem_rows"
"local","instituto-access-enfermagem-processo-de-enfermagem-1780005791580-9","Processo de Enfermagem","processo-de-enfermagem-lote-14","stub_markers"
"local","instituto-access-enfermagem-processo-de-enfermagem-1780005797734-0","Processo de Enfermagem","processo-de-enfermagem-lote-14","stub_markers"
"local","instituto-access-enfermagem-processo-de-enfermagem-1780005797734-1","Processo de Enfermagem","processo-de-enfermagem-lote-14","stub_markers"
"local","instituto-access-enfermagem-processo-de-enfermagem-1780005797734-2","Processo de Enfermagem","processo-de-enfermagem-lote-14","stub_markers"
"local","instituto-access-enfermagem-processo-de-enfermagem-1780005797734-3","Processo de Enfermagem","processo-de-enfermagem-lote-14","stub_markers"
"local","instituto-access-enfermagem-processo-de-enfermagem-1780005797734-4","Processo de Enfermagem","processo-de-enfermagem-lote-14","stub_markers"
"local","instituto-access-enfermagem-processo-de-enfermagem-1780005797734-5","Processo de Enfermagem","processo-de-enfermagem-lote-14","stub_markers"
"local","instituto-access-enfermagem-processo-de-enfermagem-1780005797734-6","Processo de Enfermagem","processo-de-enfermagem-lote-14","stub_markers"
"local","instituto-access-enfermagem-processo-de-enfermagem-1780005797734-7","Processo de Enfermagem","processo-de-enfermagem-lote-14","stub_markers"
"local","instituto-access-enfermagem-processo-de-enfermagem-1780005797734-8","Processo de Enfermagem","processo-de-enfermagem-lote-14","stub_markers"
"local","instituto-access-enfermagem-processo-de-enfermagem-1780005797734-9","Processo de Enfermagem","processo-de-enfermagem-lote-14","stub_markers"
"local","instituto-aocp-enfermagem-processo-de-enfermagem-1776056140199-3","Processo de Enfermagem","processo-de-enfermagem-lote-14","stub_markers;molde_golden_rule_sem_rows"
"local","instituto-aocp-enfermagem-processo-de-enfermagem-1776056140199-4","Processo de Enfermagem","processo-de-enfermagem-lote-14","stub_markers;molde_golden_rule_sem_rows"
"local","instituto-aocp-enfermagem-processo-de-enfermagem-1780003868364-7","Processo de Enfermagem","processo-de-enfermagem-lote-14","stub_markers"
"local","instituto-aocp-enfermagem-processo-de-enfermagem-1780003868364-8","Processo de Enfermagem","processo-de-enfermagem-lote-14","stub_markers"
"local","instituto-aocp-enfermagem-processo-de-enfermagem-1780003868364-9","Processo de Enfermagem","processo-de-enfermagem-lote-14","stub_markers"
"local","instituto-aocp-enfermagem-processo-de-enfermagem-1780003950945-0","Processo de Enfermagem","processo-de-enfermagem-lote-14","stub_markers"
"local","instituto-aocp-enfermagem-processo-de-enfermagem-1780003950945-1","Processo de Enfermagem","processo-de-enfermagem-lote-14","stub_markers"
"local","instituto-aocp-enfermagem-processo-de-enfermagem-1780003950945-2","Processo de Enfermagem","processo-de-enfermagem-lote-14","stub_markers"
"local","instituto-aocp-enfermagem-processo-de-enfermagem-1780003950945-3","Processo de Enfermagem","processo-de-enfermagem-lote-14","stub_markers"
"local","instituto-aocp-enfermagem-processo-de-enfermagem-1780003950945-4","Processo de Enfermagem","processo-de-enfermagem-lote-14","stub_markers"
"local","instituto-aocp-enfermagem-processo-de-enfermagem-1780003950945-5","Processo de Enfermagem","processo-de-enfermagem-lote-15","stub_markers"
"local","instituto-aocp-enfermagem-processo-de-enfermagem-1780003950945-6","Processo de Enfermagem","processo-de-enfermagem-lote-15","stub_markers"
"local","instituto-aocp-enfermagem-processo-de-enfermagem-1780003950945-7","Processo de Enfermagem","processo-de-enfermagem-lote-15","stub_markers"
"local","instituto-aocp-enfermagem-processo-de-enfermagem-1780003950945-8","Processo de Enfermagem","processo-de-enfermagem-lote-15","stub_markers"
"local","instituto-aocp-enfermagem-processo-de-enfermagem-1780003950945-9","Processo de Enfermagem","processo-de-enfermagem-lote-15","stub_markers"
"local","instituto-aocp-enfermagem-processo-de-enfermagem-1780004272097-0","Processo de Enfermagem","processo-de-enfermagem-lote-15","stub_markers"
"local","instituto-aocp-enfermagem-processo-de-enfermagem-1780004272097-1","Processo de Enfermagem","processo-de-enfermagem-lote-15","stub_markers"
"local","instituto-aocp-enfermagem-processo-de-enfermagem-1780004272097-2","Processo de Enfermagem","processo-de-enfermagem-lote-15","stub_markers"
"local","instituto-aocp-enfermagem-processo-de-enfermagem-1780004272097-3","Processo de Enfermagem","processo-de-enfermagem-lote-15","stub_markers"
"local","instituto-aocp-enfermagem-processo-de-enfermagem-1780004272097-4","Processo de Enfermagem","processo-de-enfermagem-lote-15","stub_markers"
"local","instituto-aocp-enfermagem-processo-de-enfermagem-1780004272097-5","Processo de Enfermagem","processo-de-enfermagem-lote-15","stub_markers"
"local","instituto-aocp-enfermagem-processo-de-enfermagem-1780004272097-6","Processo de Enfermagem","processo-de-enfermagem-lote-15","stub_markers"
"local","instituto-aocp-enfermagem-processo-de-enfermagem-1780004272097-7","Processo de Enfermagem","processo-de-enfermagem-lote-15","stub_markers"
"local","instituto-aocp-enfermagem-processo-de-enfermagem-1780004272097-8","Processo de Enfermagem","processo-de-enfermagem-lote-15","stub_markers"
"local","instituto-aocp-enfermagem-processo-de-enfermagem-1780005320352-9","Processo de Enfermagem","processo-de-enfermagem-lote-15","stub_markers"
"local","instituto-aocp-enfermagem-processo-de-enfermagem-1780005540776-0","Processo de Enfermagem","processo-de-enfermagem-lote-15","stub_markers"
"local","instituto-aocp-enfermagem-processo-de-enfermagem-1780005540776-1","Processo de Enfermagem","processo-de-enfermagem-lote-15","stub_markers"
"local","instituto-aocp-enfermagem-processo-de-enfermagem-1780005540776-2","Processo de Enfermagem","processo-de-enfermagem-lote-15","stub_markers"
"local","instituto-aocp-enfermagem-processo-de-enfermagem-1780005540776-3","Processo de Enfermagem","processo-de-enfermagem-lote-15","stub_markers"
"local","instituto-aocp-enfermagem-processo-de-enfermagem-1780005540776-4","Processo de Enfermagem","processo-de-enfermagem-lote-15","stub_markers"
"local","instituto-aocp-enfermagem-processo-de-enfermagem-1780005540776-5","Processo de Enfermagem","processo-de-enfermagem-lote-15","stub_markers"
"local","instituto-aocp-enfermagem-processo-de-enfermagem-1780005540776-6","Processo de Enfermagem","processo-de-enfermagem-lote-15","stub_markers"
"local","instituto-aocp-enfermagem-processo-de-enfermagem-1780005540776-7","Processo de Enfermagem","processo-de-enfermagem-lote-15","stub_markers"
"local","instituto-aocp-enfermagem-processo-de-enfermagem-1780005540776-8","Processo de Enfermagem","processo-de-enfermagem-lote-15","stub_markers"
"local","instituto-aocp-enfermagem-processo-de-enfermagem-1780005540776-9","Processo de Enfermagem","processo-de-enfermagem-lote-15","stub_markers"
"local","instituto-aocp-enfermagem-processo-de-enfermagem-1780005550040-0","Processo de Enfermagem","processo-de-enfermagem-lote-15","stub_markers"
"local","instituto-aocp-enfermagem-processo-de-enfermagem-1780005550040-1","Processo de Enfermagem","processo-de-enfermagem-lote-15","stub_markers"
"local","instituto-aocp-enfermagem-processo-de-enfermagem-1780005550040-2","Processo de Enfermagem","processo-de-enfermagem-lote-15","stub_markers"
"local","instituto-aocp-enfermagem-processo-de-enfermagem-1780005550040-3","Processo de Enfermagem","processo-de-enfermagem-lote-15","stub_markers"
"local","instituto-aocp-enfermagem-processo-de-enfermagem-1780005550040-4","Processo de Enfermagem","processo-de-enfermagem-lote-15","stub_markers"
"local","instituto-aocp-enfermagem-processo-de-enfermagem-1780005550040-5","Processo de Enfermagem","processo-de-enfermagem-lote-15","stub_markers"
"local","instituto-aocp-enfermagem-processo-de-enfermagem-1780005550040-6","Processo de Enfermagem","processo-de-enfermagem-lote-15","stub_markers"
"local","instituto-aocp-enfermagem-processo-de-enfermagem-1780005550040-7","Processo de Enfermagem","processo-de-enfermagem-lote-15","stub_markers"
"local","instituto-aocp-enfermagem-processo-de-enfermagem-1780005550040-8","Processo de Enfermagem","processo-de-enfermagem-lote-15","stub_markers"
"local","instituto-aocp-enfermagem-processo-de-enfermagem-1780005550040-9","Processo de Enfermagem","processo-de-enfermagem-lote-15","stub_markers"
"local","instituto-aocp-enfermagem-processo-de-enfermagem-1780005556782-0","Processo de Enfermagem","processo-de-enfermagem-lote-15","stub_markers"
"local","instituto-aocp-enfermagem-processo-de-enfermagem-1780005556782-1","Processo de Enfermagem","processo-de-enfermagem-lote-15","stub_markers"
"local","instituto-aocp-enfermagem-processo-de-enfermagem-1780005556782-2","Processo de Enfermagem","processo-de-enfermagem-lote-15","stub_markers"
"local","instituto-aocp-enfermagem-processo-de-enfermagem-1780005556782-3","Processo de Enfermagem","processo-de-enfermagem-lote-15","stub_markers"
"local","instituto-aocp-enfermagem-processo-de-enfermagem-1780005556782-4","Processo de Enfermagem","processo-de-enfermagem-lote-15","stub_markers"
"local","instituto-consulpam-enfermagem-processo-de-enfermagem-1776056149404-6","Processo de Enfermagem","processo-de-enfermagem-lote-15","stub_markers;molde_golden_rule_sem_rows"
"local","instituto-consulpam-enfermagem-processo-de-enfermagem-1780005311822-3","Processo de Enfermagem","processo-de-enfermagem-lote-15","stub_markers"
"local","instituto-consulpam-enfermagem-processo-de-enfermagem-1780005311822-4","Processo de Enfermagem","processo-de-enfermagem-lote-15","stub_markers"
"local","instituto-consulpam-enfermagem-processo-de-enfermagem-1780005311822-5","Processo de Enfermagem","processo-de-enfermagem-lote-15","stub_markers"
"local","instituto-consulpam-enfermagem-processo-de-enfermagem-1780005311822-6","Processo de Enfermagem","processo-de-enfermagem-lote-15","stub_markers"
"local","instituto-consulpam-enfermagem-processo-de-enfermagem-1780005311822-7","Processo de Enfermagem","processo-de-enfermagem-lote-15","stub_markers"
"local","instituto-consulpam-enfermagem-processo-de-enfermagem-1780005311822-8","Processo de Enfermagem","processo-de-enfermagem-lote-15","stub_markers"
"local","instituto-consulpam-enfermagem-processo-de-enfermagem-1780005311822-9","Processo de Enfermagem","processo-de-enfermagem-lote-15","stub_markers"
"local","instituto-consulpam-enfermagem-processo-de-enfermagem-1780005320352-0","Processo de Enfermagem","processo-de-enfermagem-lote-15","stub_markers"
"local","instituto-consulpam-enfermagem-processo-de-enfermagem-1780005320352-1","Processo de Enfermagem","processo-de-enfermagem-lote-15","stub_markers"
"local","instituto-consulpam-enfermagem-processo-de-enfermagem-1780005320352-2","Processo de Enfermagem","processo-de-enfermagem-lote-16","stub_markers"
"local","instituto-consulpam-enfermagem-processo-de-enfermagem-1780005320352-3","Processo de Enfermagem","processo-de-enfermagem-lote-16","stub_markers"
"local","instituto-consulpam-enfermagem-processo-de-enfermagem-1780005320352-4","Processo de Enfermagem","processo-de-enfermagem-lote-16","stub_markers"
"local","instituto-consulpam-enfermagem-processo-de-enfermagem-1780005320352-5","Processo de Enfermagem","processo-de-enfermagem-lote-16","stub_markers"
"local","instituto-consulpam-enfermagem-processo-de-enfermagem-1780005320352-6","Processo de Enfermagem","processo-de-enfermagem-lote-16","stub_markers"
"local","instituto-consulpam-enfermagem-processo-de-enfermagem-1780005320352-7","Processo de Enfermagem","processo-de-enfermagem-lote-16","stub_markers"
"local","instituto-consulpam-enfermagem-processo-de-enfermagem-1780005320352-8","Processo de Enfermagem","processo-de-enfermagem-lote-16","stub_markers"
"local","instituto-consulpam-enfermagem-processo-de-enfermagem-1780006480333-9","Processo de Enfermagem","processo-de-enfermagem-lote-16","stub_markers"
"local","instituto-consulpam-enfermagem-processo-de-enfermagem-1780006486032-0","Processo de Enfermagem","processo-de-enfermagem-lote-16","stub_markers"
"local","instituto-consulpam-enfermagem-processo-de-enfermagem-1780006486032-1","Processo de Enfermagem","processo-de-enfermagem-lote-16","stub_markers"
"local","instituto-consulpam-enfermagem-processo-de-enfermagem-1780006486032-2","Processo de Enfermagem","processo-de-enfermagem-lote-16","stub_markers"
"local","instituto-consulpam-enfermagem-processo-de-enfermagem-1780006486032-3","Processo de Enfermagem","processo-de-enfermagem-lote-16","stub_markers"
"local","instituto-consulpam-enfermagem-processo-de-enfermagem-1780006486032-4","Processo de Enfermagem","processo-de-enfermagem-lote-16","stub_markers"
"local","instituto-consulpam-enfermagem-processo-de-enfermagem-1780006962671-7","Processo de Enfermagem","processo-de-enfermagem-lote-16","stub_markers"
"local","instituto-consulpam-enfermagem-processo-de-enfermagem-1780006962671-8","Processo de Enfermagem","processo-de-enfermagem-lote-16","stub_markers"
"local","instituto-consulpam-enfermagem-processo-de-enfermagem-1780006962671-9","Processo de Enfermagem","processo-de-enfermagem-lote-16","stub_markers"
"local","instituto-consulpam-enfermagem-processo-de-enfermagem-1780006969552-0","Processo de Enfermagem","processo-de-enfermagem-lote-16","stub_markers"
"local","instituto-consulpam-enfermagem-processo-de-enfermagem-1780006969552-1","Processo de Enfermagem","processo-de-enfermagem-lote-16","stub_markers"
"local","instituto-consulpam-enfermagem-processo-de-enfermagem-1780006969552-2","Processo de Enfermagem","processo-de-enfermagem-lote-16","stub_markers"
"local","instituto-consulplan-enfermagem-processo-de-enfermagem-1776055865890-8","Processo de Enfermagem","processo-de-enfermagem-lote-16","stub_markers;molde_golden_rule_sem_rows"
"local","instituto-consulplan-enfermagem-processo-de-enfermagem-1776056021381-1","Processo de Enfermagem","processo-de-enfermagem-lote-16","stub_markers;molde_golden_rule_sem_rows"
"local","instituto-darwin-enfermagem-processo-de-enfermagem-1776056140199-1","Processo de Enfermagem","processo-de-enfermagem-lote-16","stub_markers;molde_golden_rule_sem_rows"
"local","instituto-iacp-enfermagem-processo-de-enfermagem-1780001903454-4","Processo de Enfermagem","processo-de-enfermagem-lote-16","stub_markers"
"local","instituto-iacp-enfermagem-processo-de-enfermagem-1780001903454-5","Processo de Enfermagem","processo-de-enfermagem-lote-16","stub_markers"
"local","instituto-iacp-enfermagem-processo-de-enfermagem-1780001903454-6","Processo de Enfermagem","processo-de-enfermagem-lote-16","stub_markers"
"local","instituto-iacp-enfermagem-processo-de-enfermagem-1780001903454-7","Processo de Enfermagem","processo-de-enfermagem-lote-16","stub_markers"
"local","instituto-iacp-enfermagem-processo-de-enfermagem-1780001903454-8","Processo de Enfermagem","processo-de-enfermagem-lote-16","stub_markers"
"local","instituto-iacp-enfermagem-processo-de-enfermagem-1780001903454-9","Processo de Enfermagem","processo-de-enfermagem-lote-16","stub_markers"
"local","instituto-iacp-enfermagem-processo-de-enfermagem-1780001988576-0","Processo de Enfermagem","processo-de-enfermagem-lote-16","stub_markers"
"local","instituto-iacp-enfermagem-processo-de-enfermagem-1780001988576-1","Processo de Enfermagem","processo-de-enfermagem-lote-16","stub_markers"
"local","instituto-iacp-enfermagem-processo-de-enfermagem-1780001988576-2","Processo de Enfermagem","processo-de-enfermagem-lote-16","stub_markers"
"local","instituto-iacp-enfermagem-processo-de-enfermagem-1780001988576-3","Processo de Enfermagem","processo-de-enfermagem-lote-16","stub_markers"
"local","instituto-iacp-enfermagem-processo-de-enfermagem-1780003349182-2","Processo de Enfermagem","processo-de-enfermagem-lote-16","stub_markers"
"local","instituto-iacp-enfermagem-processo-de-enfermagem-1780003349182-3","Processo de Enfermagem","processo-de-enfermagem-lote-16","stub_markers"
"local","instituto-iacp-enfermagem-processo-de-enfermagem-1780003349182-4","Processo de Enfermagem","processo-de-enfermagem-lote-16","stub_markers"
"local","instituto-iacp-enfermagem-processo-de-enfermagem-1780003349182-5","Processo de Enfermagem","processo-de-enfermagem-lote-16","stub_markers"
"local","instituto-iacp-enfermagem-processo-de-enfermagem-1780003349182-6","Processo de Enfermagem","processo-de-enfermagem-lote-16","stub_markers"
"local","instituto-iacp-enfermagem-processo-de-enfermagem-1780003349182-7","Processo de Enfermagem","processo-de-enfermagem-lote-16","stub_markers"
"local","instituto-iacp-enfermagem-processo-de-enfermagem-1780003349182-8","Processo de Enfermagem","processo-de-enfermagem-lote-16","stub_markers"
"local","instituto-iacp-enfermagem-processo-de-enfermagem-1780003349182-9","Processo de Enfermagem","processo-de-enfermagem-lote-16","stub_markers"
"local","instituto-iacp-enfermagem-processo-de-enfermagem-1780003637054-0","Processo de Enfermagem","processo-de-enfermagem-lote-16","stub_markers"
"local","instituto-iacp-enfermagem-processo-de-enfermagem-1780003637054-1","Processo de Enfermagem","processo-de-enfermagem-lote-16","stub_markers"
"local","instituto-iacp-enfermagem-processo-de-enfermagem-1780004272097-9","Processo de Enfermagem","processo-de-enfermagem-lote-16","stub_markers"
"local","instituto-iacp-enfermagem-processo-de-enfermagem-1780004280851-0","Processo de Enfermagem","processo-de-enfermagem-lote-16","stub_markers"
"local","instituto-iacp-enfermagem-processo-de-enfermagem-1780004280851-1","Processo de Enfermagem","processo-de-enfermagem-lote-16","stub_markers"
"local","instituto-iacp-enfermagem-processo-de-enfermagem-1780004280851-2","Processo de Enfermagem","processo-de-enfermagem-lote-16","stub_markers"
"local","instituto-iacp-enfermagem-processo-de-enfermagem-1780004280851-3","Processo de Enfermagem","processo-de-enfermagem-lote-16","stub_markers"
"local","instituto-iacp-enfermagem-processo-de-enfermagem-1780004280851-4","Processo de Enfermagem","processo-de-enfermagem-lote-16","stub_markers"
"local","instituto-iacp-enfermagem-processo-de-enfermagem-1780004280851-5","Processo de Enfermagem","processo-de-enfermagem-lote-16","stub_markers"
"local","instituto-iacp-enfermagem-processo-de-enfermagem-1780004280851-6","Processo de Enfermagem","processo-de-enfermagem-lote-16","stub_markers"
"local","instituto-iacp-enfermagem-processo-de-enfermagem-1780004280851-7","Processo de Enfermagem","processo-de-enfermagem-lote-17","stub_markers"
"local","instituto-iacp-enfermagem-processo-de-enfermagem-1780004280851-8","Processo de Enfermagem","processo-de-enfermagem-lote-17","stub_markers"
"local","instituto-ibed-enfermagem-processo-de-enfermagem-1780004917460-8","Processo de Enfermagem","processo-de-enfermagem-lote-17","stub_markers"
"local","instituto-verbena-enfermagem-processo-de-enfermagem-1776056140199-6","Processo de Enfermagem","processo-de-enfermagem-lote-17","stub_markers;molde_golden_rule_sem_rows"
"local","instituto-verbena-enfermagem-processo-de-enfermagem-1776056149404-1","Processo de Enfermagem","processo-de-enfermagem-lote-17","stub_markers;molde_golden_rule_sem_rows"
"local","instituto-verbena-enfermagem-processo-de-enfermagem-1780002389285-9","Processo de Enfermagem","processo-de-enfermagem-lote-17","stub_markers"
"local","instituto-verbena-enfermagem-processo-de-enfermagem-1780002441285-0","Processo de Enfermagem","processo-de-enfermagem-lote-17","stub_markers"
"local","instituto-verbena-enfermagem-processo-de-enfermagem-1780002441285-1","Processo de Enfermagem","processo-de-enfermagem-lote-17","stub_markers"
"local","instituto-verbena-enfermagem-processo-de-enfermagem-1780002441285-2","Processo de Enfermagem","processo-de-enfermagem-lote-17","stub_markers"
"local","instituto-verbena-enfermagem-processo-de-enfermagem-1780002441285-3","Processo de Enfermagem","processo-de-enfermagem-lote-17","stub_markers"
"local","instituto-verbena-enfermagem-processo-de-enfermagem-1780008197597-3","Processo de Enfermagem","processo-de-enfermagem-lote-17","stub_markers"
"local","instituto-verbena-enfermagem-processo-de-enfermagem-1780008197597-4","Processo de Enfermagem","processo-de-enfermagem-lote-17","stub_markers"
"local","instituto-verbena-enfermagem-processo-de-enfermagem-1780008197597-5","Processo de Enfermagem","processo-de-enfermagem-lote-17","stub_markers"
"local","instituto-verbena-enfermagem-processo-de-enfermagem-1780008197597-6","Processo de Enfermagem","processo-de-enfermagem-lote-17","stub_markers"
"local","instituto-verbena-enfermagem-processo-de-enfermagem-1780008197597-7","Processo de Enfermagem","processo-de-enfermagem-lote-17","stub_markers"
"local","instituto-verbena-enfermagem-processo-de-enfermagem-1780008197597-8","Processo de Enfermagem","processo-de-enfermagem-lote-17","stub_markers"
"local","instituto-verbena-enfermagem-processo-de-enfermagem-1780008197597-9","Processo de Enfermagem","processo-de-enfermagem-lote-17","stub_markers"
"local","instituto-verbena-enfermagem-processo-de-enfermagem-1780008210115-0","Processo de Enfermagem","processo-de-enfermagem-lote-17","stub_markers"
"local","instituto-verbena-enfermagem-processo-de-enfermagem-1780008210115-1","Processo de Enfermagem","processo-de-enfermagem-lote-17","stub_markers"
"local","instituto-verbena-enfermagem-processo-de-enfermagem-1780008210115-2","Processo de Enfermagem","processo-de-enfermagem-lote-17","stub_markers"
"local","instituto-verbena-enfermagem-processo-de-enfermagem-1780008210115-3","Processo de Enfermagem","processo-de-enfermagem-lote-17","stub_markers"
"local","instituto-verbena-enfermagem-processo-de-enfermagem-1780008210115-4","Processo de Enfermagem","processo-de-enfermagem-lote-17","stub_markers"
"local","instituto-verbena-enfermagem-processo-de-enfermagem-1780008210115-5","Processo de Enfermagem","processo-de-enfermagem-lote-17","stub_markers"
"local","instituto-verbena-enfermagem-processo-de-enfermagem-1780009303038-0","Processo de Enfermagem","processo-de-enfermagem-lote-17","stub_markers"
"local","instituto-verbena-enfermagem-processo-de-enfermagem-1780009303038-1","Processo de Enfermagem","processo-de-enfermagem-lote-17","stub_markers"
"local","instituto-verbena-enfermagem-processo-de-enfermagem-1780009303038-2","Processo de Enfermagem","processo-de-enfermagem-lote-17","stub_markers"
"local","instituto-verbena-enfermagem-processo-de-enfermagem-1780009303038-3","Processo de Enfermagem","processo-de-enfermagem-lote-17","stub_markers"
"local","instituto-verbena-enfermagem-processo-de-enfermagem-1780009303038-4","Processo de Enfermagem","processo-de-enfermagem-lote-18","stub_markers"
"local","instituto-verbena-enfermagem-processo-de-enfermagem-1780009303038-5","Processo de Enfermagem","processo-de-enfermagem-lote-18","stub_markers"
"local","instituto-verbena-enfermagem-processo-de-enfermagem-1780009303038-6","Processo de Enfermagem","processo-de-enfermagem-lote-18","stub_markers"
"local","instituto-verbena-enfermagem-processo-de-enfermagem-1780009303038-7","Processo de Enfermagem","processo-de-enfermagem-lote-18","stub_markers"
"local","instituto-verbena-enfermagem-processo-de-enfermagem-1780009303038-8","Processo de Enfermagem","processo-de-enfermagem-lote-18","stub_markers"
"local","instituto-verbena-enfermagem-processo-de-enfermagem-1780009303038-9","Processo de Enfermagem","processo-de-enfermagem-lote-18","stub_markers"
"local","instituto-verbena-enfermagem-processo-de-enfermagem-1780009310940-0","Processo de Enfermagem","processo-de-enfermagem-lote-18","stub_markers"
"local","instituto-verbena-enfermagem-processo-de-enfermagem-1780009310940-1","Processo de Enfermagem","processo-de-enfermagem-lote-18","stub_markers"
"local","legalle-enfermagem-processo-de-enfermagem-1780010579953-5","Processo de Enfermagem","processo-de-enfermagem-lote-18","stub_markers"
"local","legalle-enfermagem-processo-de-enfermagem-1780010579953-6","Processo de Enfermagem","processo-de-enfermagem-lote-18","stub_markers"
"local","legalle-enfermagem-processo-de-enfermagem-1780010579953-7","Processo de Enfermagem","processo-de-enfermagem-lote-18","stub_markers"
"local","legalle-enfermagem-processo-de-enfermagem-1780010579953-8","Processo de Enfermagem","processo-de-enfermagem-lote-18","stub_markers"
"local","legalle-enfermagem-processo-de-enfermagem-1780010579953-9","Processo de Enfermagem","processo-de-enfermagem-lote-18","stub_markers"
"local","legalle-enfermagem-processo-de-enfermagem-1780010585356-0","Processo de Enfermagem","processo-de-enfermagem-lote-18","stub_markers"
"local","legalle-enfermagem-processo-de-enfermagem-1780010585356-1","Processo de Enfermagem","processo-de-enfermagem-lote-18","stub_markers"
"local","legalle-enfermagem-processo-de-enfermagem-1780010585356-2","Processo de Enfermagem","processo-de-enfermagem-lote-18","stub_markers"
"local","legalle-enfermagem-processo-de-enfermagem-1780010585356-3","Processo de Enfermagem","processo-de-enfermagem-lote-18","stub_markers"
"local","legalle-enfermagem-processo-de-enfermagem-1780010585356-4","Processo de Enfermagem","processo-de-enfermagem-lote-18","stub_markers"
"local","legalle-enfermagem-processo-de-enfermagem-1780010585356-5","Processo de Enfermagem","processo-de-enfermagem-lote-18","stub_markers"
"local","legalle-enfermagem-processo-de-enfermagem-1780010585356-6","Processo de Enfermagem","processo-de-enfermagem-lote-18","stub_markers"
"local","legalle-enfermagem-processo-de-enfermagem-1780010585356-7","Processo de Enfermagem","processo-de-enfermagem-lote-18","stub_markers"
"local","legalle-enfermagem-processo-de-enfermagem-1780010585356-8","Processo de Enfermagem","processo-de-enfermagem-lote-18","stub_markers"
"local","legalle-enfermagem-processo-de-enfermagem-1780010585356-9","Processo de Enfermagem","processo-de-enfermagem-lote-18","stub_markers"
"local","legalle-enfermagem-processo-de-enfermagem-1780010594524-0","Processo de Enfermagem","processo-de-enfermagem-lote-18","stub_markers"
"local","legalle-enfermagem-processo-de-enfermagem-1780010594524-1","Processo de Enfermagem","processo-de-enfermagem-lote-18","stub_markers"
"local","legalle-enfermagem-processo-de-enfermagem-1780010594524-2","Processo de Enfermagem","processo-de-enfermagem-lote-18","stub_markers"
"local","legalle-enfermagem-processo-de-enfermagem-1780010594524-3","Processo de Enfermagem","processo-de-enfermagem-lote-18","stub_markers"
"local","legalle-enfermagem-processo-de-enfermagem-1780010594524-4","Processo de Enfermagem","processo-de-enfermagem-lote-18","stub_markers"
"local","legalle-enfermagem-processo-de-enfermagem-1780010905023-7","Processo de Enfermagem","processo-de-enfermagem-lote-18","stub_markers"
"local","legalle-enfermagem-processo-de-enfermagem-1780010905023-8","Processo de Enfermagem","processo-de-enfermagem-lote-18","stub_markers"
"local","legalle-enfermagem-processo-de-enfermagem-1780010905023-9","Processo de Enfermagem","processo-de-enfermagem-lote-18","stub_markers"
"local","legalle-enfermagem-processo-de-enfermagem-1780010911471-0","Processo de Enfermagem","processo-de-enfermagem-lote-18","stub_markers"
"local","legalle-enfermagem-processo-de-enfermagem-1780010911471-1","Processo de Enfermagem","processo-de-enfermagem-lote-18","stub_markers"
"local","legalle-enfermagem-processo-de-enfermagem-1780010911471-2","Processo de Enfermagem","processo-de-enfermagem-lote-18","stub_markers"
"local","legalle-enfermagem-processo-de-enfermagem-1780010911471-3","Processo de Enfermagem","processo-de-enfermagem-lote-18","stub_markers"
"local","legalle-enfermagem-processo-de-enfermagem-1780010911471-4","Processo de Enfermagem","processo-de-enfermagem-lote-18","stub_markers"
"local","legalle-enfermagem-processo-de-enfermagem-1780010911471-5","Processo de Enfermagem","processo-de-enfermagem-lote-18","stub_markers"
"local","legalle-enfermagem-processo-de-enfermagem-1780010911471-6","Processo de Enfermagem","processo-de-enfermagem-lote-18","stub_markers"
"local","legalle-enfermagem-processo-de-enfermagem-1780010911471-7","Processo de Enfermagem","processo-de-enfermagem-lote-18","stub_markers"
"local","legalle-enfermagem-processo-de-enfermagem-1780010911471-8","Processo de Enfermagem","processo-de-enfermagem-lote-18","stub_markers"
"local","legalle-enfermagem-processo-de-enfermagem-1780010917301-0","Processo de Enfermagem","processo-de-enfermagem-lote-18","stub_markers"
"local","legalle-enfermagem-processo-de-enfermagem-1780010917301-1","Processo de Enfermagem","processo-de-enfermagem-lote-18","stub_markers"
"local","legalle-enfermagem-processo-de-enfermagem-1780011879977-5","Processo de Enfermagem","processo-de-enfermagem-lote-18","stub_markers"
"local","legalle-enfermagem-processo-de-enfermagem-1780011879977-6","Processo de Enfermagem","processo-de-enfermagem-lote-18","stub_markers"
"local","legalle-enfermagem-processo-de-enfermagem-1780011879977-7","Processo de Enfermagem","processo-de-enfermagem-lote-18","stub_markers"
"local","legalle-enfermagem-processo-de-enfermagem-1780011879977-8","Processo de Enfermagem","processo-de-enfermagem-lote-18","stub_markers"
"local","legalle-enfermagem-processo-de-enfermagem-1780011879977-9","Processo de Enfermagem","processo-de-enfermagem-lote-18","stub_markers"
"local","legalle-enfermagem-processo-de-enfermagem-1780011887822-0","Processo de Enfermagem","processo-de-enfermagem-lote-18","stub_markers"
"local","legalle-enfermagem-processo-de-enfermagem-1780011887822-1","Processo de Enfermagem","processo-de-enfermagem-lote-18","stub_markers"
"local","legalle-enfermagem-processo-de-enfermagem-1780011887822-2","Processo de Enfermagem","processo-de-enfermagem-lote-18","stub_markers"
"local","legalle-enfermagem-processo-de-enfermagem-1780011887822-3","Processo de Enfermagem","processo-de-enfermagem-lote-19","stub_markers"
"local","legalle-enfermagem-processo-de-enfermagem-1780011887822-4","Processo de Enfermagem","processo-de-enfermagem-lote-19","stub_markers"
"local","legalle-enfermagem-processo-de-enfermagem-1780011967989-0","Processo de Enfermagem","processo-de-enfermagem-lote-19","stub_markers"
"local","ms-sarmento-enfermagem-processo-de-enfermagem-1776056021381-2","Processo de Enfermagem","processo-de-enfermagem-lote-19","stub_markers;molde_golden_rule_sem_rows"
"local","ms-sarmento-enfermagem-processo-de-enfermagem-1776056140199-0","Processo de Enfermagem","processo-de-enfermagem-lote-19","stub_markers;molde_golden_rule_sem_rows"
"local","ms-sarmento-enfermagem-processo-de-enfermagem-1780008210115-6","Processo de Enfermagem","processo-de-enfermagem-lote-19","stub_markers"
"local","ms-sarmento-enfermagem-processo-de-enfermagem-1780008210115-7","Processo de Enfermagem","processo-de-enfermagem-lote-19","stub_markers"
"local","ms-sarmento-enfermagem-processo-de-enfermagem-1780008210115-8","Processo de Enfermagem","processo-de-enfermagem-lote-19","stub_markers"
"local","ms-sarmento-enfermagem-processo-de-enfermagem-1780008210115-9","Processo de Enfermagem","processo-de-enfermagem-lote-19","stub_markers"
"local","ms-sarmento-enfermagem-processo-de-enfermagem-1780008219236-0","Processo de Enfermagem","processo-de-enfermagem-lote-19","stub_markers"
"local","ms-sarmento-enfermagem-processo-de-enfermagem-1780008219236-1","Processo de Enfermagem","processo-de-enfermagem-lote-19","stub_markers"
"local","ms-sarmento-enfermagem-processo-de-enfermagem-1780008219236-2","Processo de Enfermagem","processo-de-enfermagem-lote-19","stub_markers"
"local","ms-sarmento-enfermagem-processo-de-enfermagem-1780008219236-3","Processo de Enfermagem","processo-de-enfermagem-lote-19","stub_markers"
"local","ms-sarmento-enfermagem-processo-de-enfermagem-1780008219236-4","Processo de Enfermagem","processo-de-enfermagem-lote-19","stub_markers"
"local","ms-sarmento-enfermagem-processo-de-enfermagem-1780008219236-5","Processo de Enfermagem","processo-de-enfermagem-lote-19","stub_markers"
"local","ms-sarmento-enfermagem-processo-de-enfermagem-1780008219236-6","Processo de Enfermagem","processo-de-enfermagem-lote-19","stub_markers"
"local","ms-sarmento-enfermagem-processo-de-enfermagem-1780008219236-7","Processo de Enfermagem","processo-de-enfermagem-lote-19","stub_markers"
"local","ms-sarmento-enfermagem-processo-de-enfermagem-1780008219236-8","Processo de Enfermagem","processo-de-enfermagem-lote-19","stub_markers"
"local","ms-sarmento-enfermagem-processo-de-enfermagem-1780008219236-9","Processo de Enfermagem","processo-de-enfermagem-lote-19","stub_markers"
"local","ms-sarmento-enfermagem-processo-de-enfermagem-1780008225255-0","Processo de Enfermagem","processo-de-enfermagem-lote-19","stub_markers"
"local","ms-sarmento-enfermagem-processo-de-enfermagem-1780008225255-1","Processo de Enfermagem","processo-de-enfermagem-lote-19","stub_markers"
"local","ms-sarmento-enfermagem-processo-de-enfermagem-1780008225255-2","Processo de Enfermagem","processo-de-enfermagem-lote-19","stub_markers"
"local","objetiva-concursos-enfermagem-processo-de-enfermagem-1780010566816-4","Processo de Enfermagem","processo-de-enfermagem-lote-19","stub_markers"
"local","objetiva-concursos-enfermagem-processo-de-enfermagem-1780010566816-5","Processo de Enfermagem","processo-de-enfermagem-lote-19","stub_markers"
"local","objetiva-concursos-enfermagem-processo-de-enfermagem-1780010566816-6","Processo de Enfermagem","processo-de-enfermagem-lote-19","stub_markers"
"local","objetiva-concursos-enfermagem-processo-de-enfermagem-1780010566816-7","Processo de Enfermagem","processo-de-enfermagem-lote-19","stub_markers"
"local","objetiva-concursos-enfermagem-processo-de-enfermagem-1780010566816-8","Processo de Enfermagem","processo-de-enfermagem-lote-19","stub_markers"
"local","objetiva-concursos-enfermagem-processo-de-enfermagem-1780010566816-9","Processo de Enfermagem","processo-de-enfermagem-lote-19","stub_markers"
"local","objetiva-concursos-enfermagem-processo-de-enfermagem-1780010573104-0","Processo de Enfermagem","processo-de-enfermagem-lote-19","stub_markers"
"local","objetiva-concursos-enfermagem-processo-de-enfermagem-1780010573104-1","Processo de Enfermagem","processo-de-enfermagem-lote-19","stub_markers"
"local","objetiva-concursos-enfermagem-processo-de-enfermagem-1780010573104-2","Processo de Enfermagem","processo-de-enfermagem-lote-19","stub_markers"
"local","objetiva-concursos-enfermagem-processo-de-enfermagem-1780010573104-3","Processo de Enfermagem","processo-de-enfermagem-lote-19","stub_markers"
"local","objetiva-concursos-enfermagem-processo-de-enfermagem-1780010573104-4","Processo de Enfermagem","processo-de-enfermagem-lote-19","stub_markers"
"local","quadrix-enfermagem-processo-de-enfermagem-1776056181857-6","Processo de Enfermagem","processo-de-enfermagem-lote-19","stub_markers;molde_golden_rule_sem_rows"
"local","quadrix-enfermagem-processo-de-enfermagem-1776056181857-7","Processo de Enfermagem","processo-de-enfermagem-lote-19","stub_markers;molde_golden_rule_sem_rows"
"local","selecon-enfermagem-processo-de-enfermagem-1780009310940-2","Processo de Enfermagem","processo-de-enfermagem-lote-20","stub_markers"
"local","selecon-enfermagem-processo-de-enfermagem-1780009310940-3","Processo de Enfermagem","processo-de-enfermagem-lote-20","stub_markers"
"local","selecon-enfermagem-processo-de-enfermagem-1780009310940-4","Processo de Enfermagem","processo-de-enfermagem-lote-20","stub_markers"
"local","selecon-enfermagem-processo-de-enfermagem-1780009310940-5","Processo de Enfermagem","processo-de-enfermagem-lote-20","stub_markers"
"local","selecon-enfermagem-processo-de-enfermagem-1780009310940-6","Processo de Enfermagem","processo-de-enfermagem-lote-20","stub_markers"
"local","selecon-enfermagem-processo-de-enfermagem-1780009310940-7","Processo de Enfermagem","processo-de-enfermagem-lote-20","stub_markers"
"local","selecon-enfermagem-processo-de-enfermagem-1780009310940-8","Processo de Enfermagem","processo-de-enfermagem-lote-20","stub_markers"
"local","selecon-enfermagem-processo-de-enfermagem-1780009310940-9","Processo de Enfermagem","processo-de-enfermagem-lote-20","stub_markers"
"local","selecon-enfermagem-processo-de-enfermagem-1780009322055-0","Processo de Enfermagem","processo-de-enfermagem-lote-20","stub_markers"
"local","selecon-enfermagem-processo-de-enfermagem-1780009322055-1","Processo de Enfermagem","processo-de-enfermagem-lote-20","stub_markers"
"local","selecon-enfermagem-processo-de-enfermagem-1780009322055-2","Processo de Enfermagem","processo-de-enfermagem-lote-20","stub_markers"
"local","selecon-enfermagem-processo-de-enfermagem-1780009322055-3","Processo de Enfermagem","processo-de-enfermagem-lote-20","stub_markers"
"local","selecon-enfermagem-processo-de-enfermagem-1780009322055-4","Processo de Enfermagem","processo-de-enfermagem-lote-20","stub_markers"
"local","selecon-enfermagem-processo-de-enfermagem-1780009322055-5","Processo de Enfermagem","processo-de-enfermagem-lote-20","stub_markers"
"local","selecon-enfermagem-processo-de-enfermagem-1780009322055-6","Processo de Enfermagem","processo-de-enfermagem-lote-20","stub_markers"
"local","selecon-enfermagem-processo-de-enfermagem-1780009322055-7","Processo de Enfermagem","processo-de-enfermagem-lote-20","stub_markers"
"local","selecon-enfermagem-processo-de-enfermagem-1780009322055-8","Processo de Enfermagem","processo-de-enfermagem-lote-20","stub_markers"
"local","selecon-enfermagem-processo-de-enfermagem-1780009322055-9","Processo de Enfermagem","processo-de-enfermagem-lote-20","stub_markers"
"local","selecon-enfermagem-processo-de-enfermagem-1780009359555-0","Processo de Enfermagem","processo-de-enfermagem-lote-20","stub_markers"
"local","ufmt-enfermagem-processo-de-enfermagem-1776055865890-1","Processo de Enfermagem","processo-de-enfermagem-lote-20","stub_markers;molde_golden_rule_sem_rows"
"local","ufmt-enfermagem-processo-de-enfermagem-1776055865890-2","Processo de Enfermagem","processo-de-enfermagem-lote-20","stub_markers;molde_golden_rule_sem_rows"
"local","ufmt-enfermagem-processo-de-enfermagem-1776056021381-5","Processo de Enfermagem","processo-de-enfermagem-lote-20","stub_markers;molde_golden_rule_sem_rows"
"local","unesc-enfermagem-processo-de-enfermagem-1776056009428-3","Processo de Enfermagem","processo-de-enfermagem-lote-20","stub_markers;molde_golden_rule_sem_rows"
"local","unesc-enfermagem-processo-de-enfermagem-1776056129848-0","Processo de Enfermagem","processo-de-enfermagem-lote-20","stub_markers;molde_golden_rule_sem_rows"
"local","unesc-enfermagem-processo-de-enfermagem-1776056149404-5","Processo de Enfermagem","processo-de-enfermagem-lote-20","stub_markers;molde_golden_rule_sem_rows"
"local","unifil-enfermagem-processo-de-enfermagem-1780003637054-8","Processo de Enfermagem","processo-de-enfermagem-lote-20","stub_markers"
"local","unifil-enfermagem-processo-de-enfermagem-1780003645544-0","Processo de Enfermagem","processo-de-enfermagem-lote-20","stub_markers"
"local","unifil-enfermagem-processo-de-enfermagem-1780003645544-1","Processo de Enfermagem","processo-de-enfermagem-lote-20","stub_markers"
"local","unifil-enfermagem-processo-de-enfermagem-1780003645544-2","Processo de Enfermagem","processo-de-enfermagem-lote-20","stub_markers"
"local","unifil-enfermagem-processo-de-enfermagem-1780003645544-3","Processo de Enfermagem","processo-de-enfermagem-lote-20","stub_markers"
"local","unifil-enfermagem-processo-de-enfermagem-1780003645544-4","Processo de Enfermagem","processo-de-enfermagem-lote-20","stub_markers"
"local","unifil-enfermagem-processo-de-enfermagem-1780003645544-5","Processo de Enfermagem","processo-de-enfermagem-lote-20","stub_markers"
"local","unifil-enfermagem-processo-de-enfermagem-1780003645544-6","Processo de Enfermagem","processo-de-enfermagem-lote-20","stub_markers"
"local","unifil-enfermagem-processo-de-enfermagem-1780003645544-7","Processo de Enfermagem","processo-de-enfermagem-lote-20","stub_markers"
"local","unifil-enfermagem-processo-de-enfermagem-1780003645544-8","Processo de Enfermagem","processo-de-enfermagem-lote-20","stub_markers"
"local","unifil-enfermagem-processo-de-enfermagem-1780003645544-9","Processo de Enfermagem","processo-de-enfermagem-lote-20","stub_markers"
"local","unifil-enfermagem-processo-de-enfermagem-1780003654722-0","Processo de Enfermagem","processo-de-enfermagem-lote-20","stub_markers"
"local","unifil-enfermagem-processo-de-enfermagem-1780003654722-1","Processo de Enfermagem","processo-de-enfermagem-lote-21","stub_markers"
"local","unifil-enfermagem-processo-de-enfermagem-1780003654722-2","Processo de Enfermagem","processo-de-enfermagem-lote-21","stub_markers"
"local","unifil-enfermagem-processo-de-enfermagem-1780004452857-4","Processo de Enfermagem","processo-de-enfermagem-lote-21","stub_markers"
"local","unifil-enfermagem-processo-de-enfermagem-1780004452857-5","Processo de Enfermagem","processo-de-enfermagem-lote-21","stub_markers"
"local","unifil-enfermagem-processo-de-enfermagem-1780004452857-6","Processo de Enfermagem","processo-de-enfermagem-lote-21","stub_markers"
"local","unifil-enfermagem-processo-de-enfermagem-1780004452857-7","Processo de Enfermagem","processo-de-enfermagem-lote-21","stub_markers"
"local","unifil-enfermagem-processo-de-enfermagem-1780004452857-8","Processo de Enfermagem","processo-de-enfermagem-lote-21","stub_markers"
"local","unifil-enfermagem-processo-de-enfermagem-1780004452857-9","Processo de Enfermagem","processo-de-enfermagem-lote-21","stub_markers"
"local","unifil-enfermagem-processo-de-enfermagem-1780004469060-0","Processo de Enfermagem","processo-de-enfermagem-lote-21","stub_markers"
"local","unifil-enfermagem-processo-de-enfermagem-1780004469060-1","Processo de Enfermagem","processo-de-enfermagem-lote-21","stub_markers"
"local","unifil-enfermagem-processo-de-enfermagem-1780004469060-2","Processo de Enfermagem","processo-de-enfermagem-lote-21","stub_markers"
"local","unifil-enfermagem-processo-de-enfermagem-1780004469060-3","Processo de Enfermagem","processo-de-enfermagem-lote-21","stub_markers"
"local","unifil-enfermagem-processo-de-enfermagem-1780004469060-4","Processo de Enfermagem","processo-de-enfermagem-lote-21","stub_markers"
"local","unifil-enfermagem-processo-de-enfermagem-1780004469060-5","Processo de Enfermagem","processo-de-enfermagem-lote-21","stub_markers"
"local","unifil-enfermagem-processo-de-enfermagem-1780004469060-6","Processo de Enfermagem","processo-de-enfermagem-lote-21","stub_markers"
"local","unifil-enfermagem-processo-de-enfermagem-1780004469060-7","Processo de Enfermagem","processo-de-enfermagem-lote-21","stub_markers"
"local","unifil-enfermagem-processo-de-enfermagem-1780004469060-8","Processo de Enfermagem","processo-de-enfermagem-lote-21","stub_markers"
"local","unifil-enfermagem-processo-de-enfermagem-1780004469060-9","Processo de Enfermagem","processo-de-enfermagem-lote-21","stub_markers"
"local","univali-enfermagem-processo-de-enfermagem-1780010594524-5","Processo de Enfermagem","processo-de-enfermagem-lote-21","stub_markers"
"local","univali-enfermagem-processo-de-enfermagem-1780010594524-6","Processo de Enfermagem","processo-de-enfermagem-lote-21","stub_markers"
"local","univali-enfermagem-processo-de-enfermagem-1780010594524-7","Processo de Enfermagem","processo-de-enfermagem-lote-21","stub_markers"
"local","univali-enfermagem-processo-de-enfermagem-1780010594524-8","Processo de Enfermagem","processo-de-enfermagem-lote-21","stub_markers"
"local","univali-enfermagem-processo-de-enfermagem-1780010594524-9","Processo de Enfermagem","processo-de-enfermagem-lote-21","stub_markers"
"local","univali-enfermagem-processo-de-enfermagem-1780010600919-0","Processo de Enfermagem","processo-de-enfermagem-lote-21","stub_markers"
"local","univali-enfermagem-processo-de-enfermagem-1780010600919-1","Processo de Enfermagem","processo-de-enfermagem-lote-21","stub_markers"
"local","univali-enfermagem-processo-de-enfermagem-1780010600919-2","Processo de Enfermagem","processo-de-enfermagem-lote-21","stub_markers"
"local","univali-enfermagem-processo-de-enfermagem-1780010600919-3","Processo de Enfermagem","processo-de-enfermagem-lote-21","stub_markers"
"local","univali-enfermagem-processo-de-enfermagem-1780010600919-4","Processo de Enfermagem","processo-de-enfermagem-lote-21","stub_markers"
"local","univali-enfermagem-processo-de-enfermagem-1780010600919-5","Processo de Enfermagem","processo-de-enfermagem-lote-21","stub_markers"
"local","univali-enfermagem-processo-de-enfermagem-1780010600919-6","Processo de Enfermagem","processo-de-enfermagem-lote-21","stub_markers"
"local","univali-enfermagem-processo-de-enfermagem-1780010600919-7","Processo de Enfermagem","processo-de-enfermagem-lote-21","stub_markers"
"local","univali-enfermagem-processo-de-enfermagem-1780010600919-8","Processo de Enfermagem","processo-de-enfermagem-lote-21","stub_markers"
"local","univali-enfermagem-processo-de-enfermagem-1780010600919-9","Processo de Enfermagem","processo-de-enfermagem-lote-21","stub_markers"
"local","univali-enfermagem-processo-de-enfermagem-1780010905023-0","Processo de Enfermagem","processo-de-enfermagem-lote-21","stub_markers"
"local","univali-enfermagem-processo-de-enfermagem-1780010905023-1","Processo de Enfermagem","processo-de-enfermagem-lote-21","stub_markers"
"local","univali-enfermagem-processo-de-enfermagem-1780010905023-2","Processo de Enfermagem","processo-de-enfermagem-lote-21","stub_markers"
"local","univali-enfermagem-processo-de-enfermagem-1780010905023-3","Processo de Enfermagem","processo-de-enfermagem-lote-21","stub_markers"
"local","univali-enfermagem-processo-de-enfermagem-1780010905023-4","Processo de Enfermagem","processo-de-enfermagem-lote-21","stub_markers"
"local","univali-enfermagem-processo-de-enfermagem-1780010905023-5","Processo de Enfermagem","processo-de-enfermagem-lote-21","stub_markers"
"local","univali-enfermagem-processo-de-enfermagem-1780010905023-6","Processo de Enfermagem","processo-de-enfermagem-lote-21","stub_markers"
"local","vunesp-enfermagem-processo-de-enfermagem-1776055865890-0","Processo de Enfermagem","processo-de-enfermagem-lote-21","stub_markers;molde_golden_rule_sem_rows"
"local","vunesp-enfermagem-processo-de-enfermagem-1776056009428-5","Processo de Enfermagem","processo-de-enfermagem-lote-21","stub_markers;molde_golden_rule_sem_rows"
"local","vunesp-enfermagem-processo-de-enfermagem-1776056149404-7","Processo de Enfermagem","processo-de-enfermagem-lote-21","stub_markers;molde_golden_rule_sem_rows"
"local","vunesp-enfermagem-processo-de-enfermagem-1776056149404-8","Processo de Enfermagem","processo-de-enfermagem-lote-21","stub_markers;molde_golden_rule_sem_rows"
"local","vunesp-enfermagem-processo-de-enfermagem-1780001673873-2","Processo de Enfermagem","processo-de-enfermagem-lote-21","stub_markers"
"local","vunesp-enfermagem-processo-de-enfermagem-1780001673873-3","Processo de Enfermagem","processo-de-enfermagem-lote-21","stub_markers"
"local","vunesp-enfermagem-processo-de-enfermagem-1780001673873-4","Processo de Enfermagem","processo-de-enfermagem-lote-21","stub_markers"
"local","vunesp-enfermagem-processo-de-enfermagem-1780001673873-5","Processo de Enfermagem","processo-de-enfermagem-lote-21","stub_markers"
"local","vunesp-enfermagem-processo-de-enfermagem-1780001673873-6","Processo de Enfermagem","processo-de-enfermagem-lote-21","stub_markers"
"local","vunesp-enfermagem-processo-de-enfermagem-1780001673873-7","Processo de Enfermagem","processo-de-enfermagem-lote-21","stub_markers"
"local","vunesp-enfermagem-processo-de-enfermagem-1780001673873-8","Processo de Enfermagem","processo-de-enfermagem-lote-22","stub_markers"
"local","vunesp-enfermagem-processo-de-enfermagem-1780001673873-9","Processo de Enfermagem","processo-de-enfermagem-lote-22","stub_markers"
"local","vunesp-enfermagem-processo-de-enfermagem-1780001742844-0","Processo de Enfermagem","processo-de-enfermagem-lote-22","stub_markers"
"local","vunesp-enfermagem-processo-de-enfermagem-1780001742844-1","Processo de Enfermagem","processo-de-enfermagem-lote-22","stub_markers"
"local","vunesp-enfermagem-processo-de-enfermagem-1780001742844-2","Processo de Enfermagem","processo-de-enfermagem-lote-22","stub_markers"
"local","vunesp-enfermagem-processo-de-enfermagem-1780001742844-3","Processo de Enfermagem","processo-de-enfermagem-lote-22","stub_markers"
"local","vunesp-enfermagem-processo-de-enfermagem-1780001742844-4","Processo de Enfermagem","processo-de-enfermagem-lote-22","stub_markers"
"local","vunesp-enfermagem-processo-de-enfermagem-1780001742844-5","Processo de Enfermagem","processo-de-enfermagem-lote-22","stub_markers"
"local","vunesp-enfermagem-processo-de-enfermagem-1780001742844-6","Processo de Enfermagem","processo-de-enfermagem-lote-22","stub_markers"
"local","vunesp-enfermagem-processo-de-enfermagem-1780003637054-2","Processo de Enfermagem","processo-de-enfermagem-lote-22","stub_markers"
"local","vunesp-enfermagem-processo-de-enfermagem-1780003637054-3","Processo de Enfermagem","processo-de-enfermagem-lote-22","stub_markers"
"local","vunesp-enfermagem-processo-de-enfermagem-1780003637054-4","Processo de Enfermagem","processo-de-enfermagem-lote-22","stub_markers"
"local","vunesp-enfermagem-processo-de-enfermagem-1780003637054-5","Processo de Enfermagem","processo-de-enfermagem-lote-22","stub_markers"
"local","vunesp-enfermagem-processo-de-enfermagem-1780003637054-6","Processo de Enfermagem","processo-de-enfermagem-lote-22","stub_markers"
"local","vunesp-enfermagem-processo-de-enfermagem-1780003637054-7","Processo de Enfermagem","processo-de-enfermagem-lote-22","stub_markers"
"local","instituto-verbena-enfermagem-puncao-venosa-e-cuidados-com-cateteres-1779340213288-0","Processo de Enfermagem","puncao-builder-lote-04","molde_golden_rule_sem_rows"
"local","objetiva-concursos-enfermagem-puncao-venosa-e-cuidados-com-cateteres-1779562711132-0","Vias de Administração","puncao-builder-lote-04","molde_golden_rule_sem_rows"
"local","quadrix-enfermagem-puncao-venosa-e-cuidados-com-cateteres-1779340280693-1","Instalação e Manejo de Sondas","puncao-builder-lote-04","molde_golden_rule_sem_rows"
"local","selecon-enfermagem-puncao-venosa-e-cuidados-com-cateteres-1779562687359-3","Instalação e Manejo de Sondas","puncao-builder-lote-04","molde_golden_rule_sem_rows"
"local","unifil-enfermagem-puncao-venosa-e-cuidados-com-cateteres-1779340232037-6","Instalação e Manejo de Sondas","puncao-builder-lote-04","molde_golden_rule_sem_rows"
"local","instituto-verbena-enfermagem-puncao-venosa-e-cuidados-com-cateteres-1779340213288-0","Processo de Enfermagem","puncao-fix-14","molde_golden_rule_sem_rows"
"local","objetiva-concursos-enfermagem-puncao-venosa-e-cuidados-com-cateteres-1779562711132-0","Vias de Administração","puncao-fix-14","molde_golden_rule_sem_rows"
"local","quadrix-enfermagem-puncao-venosa-e-cuidados-com-cateteres-1779340280693-1","Instalação e Manejo de Sondas","puncao-fix-14","molde_golden_rule_sem_rows"
"local","selecon-enfermagem-puncao-venosa-e-cuidados-com-cateteres-1779562687359-3","Instalação e Manejo de Sondas","puncao-fix-14","molde_golden_rule_sem_rows"
"local","unifil-enfermagem-puncao-venosa-e-cuidados-com-cateteres-1779340232037-6","Instalação e Manejo de Sondas","puncao-fix-14","molde_golden_rule_sem_rows"
"local","cotec-fadenor-enfermagem-processo-de-enfermagem-1780010579953-4","Punção Venosa e Cuidados com Cateteres","puncao-titulo-cleanup-20","stub_markers"
"local","ameosc-enfermagem-puncao-venosa-e-cuidados-com-cateteres-1779340232037-7","Punção Venosa e Cuidados com Cateteres","puncao-venosa-e-cuidados-com-cateteres-lote-01","molde_concept_map_sem_items"
"local","avancasp-enfermagem-puncao-venosa-e-cuidados-com-cateteres-1779340254185-3","Punção Venosa e Cuidados com Cateteres","puncao-venosa-e-cuidados-com-cateteres-lote-01","molde_concept_map_sem_items"
"local","avancasp-enfermagem-puncao-venosa-e-cuidados-com-cateteres-1779340270805-6","Punção Venosa e Cuidados com Cateteres","puncao-venosa-e-cuidados-com-cateteres-lote-01","molde_concept_map_sem_items"
"local","avancasp-enfermagem-puncao-venosa-e-cuidados-com-cateteres-1779340280693-5","Punção Venosa e Cuidados com Cateteres","puncao-venosa-e-cuidados-com-cateteres-lote-01","molde_concept_map_sem_items"
"local","cpcon-uepb-enfermagem-puncao-venosa-e-cuidados-com-cateteres-1779340213288-3","Punção Venosa e Cuidados com Cateteres","puncao-venosa-e-cuidados-com-cateteres-lote-01","molde_concept_map_sem_items"
"local","cpcon-uepb-enfermagem-puncao-venosa-e-cuidados-com-cateteres-1779340232037-0","Punção Venosa e Cuidados com Cateteres","puncao-venosa-e-cuidados-com-cateteres-lote-01","molde_concept_map_sem_items"
"local","fundatec-enfermagem-puncao-venosa-e-cuidados-com-cateteres-1779562699843-9","Punção Venosa e Cuidados com Cateteres","puncao-venosa-e-cuidados-com-cateteres-lote-02","molde_concept_map_sem_items"
"local","idecan-enfermagem-puncao-venosa-e-cuidados-com-cateteres-1778712165781-3","Punção Venosa e Cuidados com Cateteres","puncao-venosa-e-cuidados-com-cateteres-lote-02","molde_golden_rule_sem_rows"
"local","idib-enfermagem-puncao-venosa-e-cuidados-com-cateteres-1778934890864-3","Punção Venosa e Cuidados com Cateteres","puncao-venosa-e-cuidados-com-cateteres-lote-02","molde_golden_rule_sem_rows"
"local","instituto-access-enfermagem-puncao-venosa-e-cuidados-com-cateteres-1779340213288-7","Punção Venosa e Cuidados com Cateteres","puncao-venosa-e-cuidados-com-cateteres-lote-02","molde_concept_map_sem_items"
"local","instituto-consulplan-enfermagem-puncao-venosa-e-cuidados-com-cateteres-1779562677534-7","Punção Venosa e Cuidados com Cateteres","puncao-venosa-e-cuidados-com-cateteres-lote-02","molde_concept_map_sem_items"
"local","instituto-consulplan-enfermagem-puncao-venosa-e-cuidados-com-cateteres-1779562687359-9","Punção Venosa e Cuidados com Cateteres","puncao-venosa-e-cuidados-com-cateteres-lote-02","molde_concept_map_sem_items"
"local","objetiva-concursos-enfermagem-puncao-venosa-e-cuidados-com-cateteres-1779340254185-5","Punção Venosa e Cuidados com Cateteres","puncao-venosa-e-cuidados-com-cateteres-lote-02","molde_concept_map_sem_items"
"local","objetiva-concursos-enfermagem-puncao-venosa-e-cuidados-com-cateteres-1779340280693-7","Punção Venosa e Cuidados com Cateteres","puncao-venosa-e-cuidados-com-cateteres-lote-02","molde_concept_map_sem_items"
"local","ameosc-enfermagem-verificacao-de-sinais-vitais-1779343811344-5","Verificação de Sinais Vitais","sinais-builder-lote-01","molde_concept_map_sem_items;molde_logic_flow_sem_steps"
"local","ameosc-enfermagem-verificacao-de-sinais-vitais-1779343883917-1","Verificação de Sinais Vitais","sinais-builder-lote-01","molde_concept_map_sem_items;molde_logic_flow_sem_steps"
"local","avancasp-enfermagem-verificacao-de-sinais-vitais-1779343789998-5","Verificação de Sinais Vitais","sinais-builder-lote-01","molde_concept_map_sem_items"
"local","avancasp-enfermagem-verificacao-de-sinais-vitais-1779343822075-4","Verificação de Sinais Vitais","sinais-builder-lote-01","molde_concept_map_sem_items"
"local","avancasp-enfermagem-verificacao-de-sinais-vitais-1779343833455-0","Verificação de Sinais Vitais","sinais-builder-lote-01","molde_concept_map_sem_items;molde_logic_flow_sem_steps"
"local","avancasp-enfermagem-verificacao-de-sinais-vitais-1779343833455-2","Verificação de Sinais Vitais","sinais-builder-lote-01","molde_concept_map_sem_items;molde_logic_flow_sem_steps"
"local","avancasp-enfermagem-verificacao-de-sinais-vitais-1779343833455-3","Verificação de Sinais Vitais","sinais-builder-lote-01","molde_concept_map_sem_items;molde_logic_flow_sem_steps"
"local","avancasp-enfermagem-verificacao-de-sinais-vitais-1779343897104-2","Oxigenoterapia e Cuidados Respiratórios","sinais-builder-lote-02","molde_golden_rule_sem_rows"
"local","avancasp-enfermagem-verificacao-de-sinais-vitais-1779344097180-6","Verificação de Sinais Vitais","sinais-builder-lote-02","molde_concept_map_sem_items"
"local","avancasp-enfermagem-verificacao-de-sinais-vitais-1779344097180-7","Verificação de Sinais Vitais","sinais-builder-lote-02","molde_concept_map_sem_items"
"local","cev-urca-enfermagem-verificacao-de-sinais-vitais-1778969752567-6","Verificação de Sinais Vitais","sinais-builder-lote-02","molde_concept_map_sem_items;molde_logic_flow_sem_steps"
"local","fau-unicentro-enfermagem-verificacao-de-sinais-vitais-1779344117207-8","Verificação de Sinais Vitais","sinais-builder-lote-03","molde_concept_map_sem_items;molde_logic_flow_sem_steps"
"local","fauel-enfermagem-verificacao-de-sinais-vitais-1779343822075-5","Verificação de Sinais Vitais","sinais-builder-lote-03","molde_concept_map_sem_items;molde_logic_flow_sem_steps"
"local","fauel-enfermagem-verificacao-de-sinais-vitais-1779343945057-0","Verificação de Sinais Vitais","sinais-builder-lote-03","molde_concept_map_sem_items;molde_logic_flow_sem_steps"
"local","fepese-enfermagem-verificacao-de-sinais-vitais-1779344237445-7","Verificação de Sinais Vitais","sinais-builder-lote-04","molde_concept_map_sem_items;molde_logic_flow_sem_steps"
"local","fgv-enfermagem-verificacao-de-sinais-vitais-1778969760552-6","Verificação de Sinais Vitais","sinais-builder-lote-04","molde_concept_map_sem_items;molde_logic_flow_sem_steps"
"local","fgv-enfermagem-verificacao-de-sinais-vitais-1779344205200-0","Verificação de Sinais Vitais","sinais-builder-lote-04","molde_concept_map_sem_items;molde_logic_flow_sem_steps"
"local","furb-enfermagem-verificacao-de-sinais-vitais-1778969745165-7","Verificação de Sinais Vitais","sinais-builder-lote-04","molde_concept_map_sem_items;molde_logic_flow_sem_steps"
"local","iaupe-enfermagem-verificacao-de-sinais-vitais-1779343956155-3","Verificação de Sinais Vitais","sinais-builder-lote-05","molde_concept_map_sem_items;molde_logic_flow_sem_steps"
"local","icece-enfermagem-verificacao-de-sinais-vitais-1778969729218-3","Verificação de Sinais Vitais","sinais-builder-lote-05","molde_concept_map_sem_items;molde_logic_flow_sem_steps"
"local","icece-enfermagem-verificacao-de-sinais-vitais-1780000468214-6","Verificação de Sinais Vitais","sinais-builder-lote-05","molde_concept_map_sem_items;molde_logic_flow_sem_steps"
"local","idecan-enfermagem-verificacao-de-sinais-vitais-1780066924385-5","Verificação de Sinais Vitais","sinais-builder-lote-05","molde_concept_map_sem_items;molde_logic_flow_sem_steps"
"local","imparh-enfermagem-verificacao-de-sinais-vitais-1779344122526-5","Verificação de Sinais Vitais","sinais-builder-lote-05","molde_concept_map_sem_items"
"local","imparh-enfermagem-verificacao-de-sinais-vitais-1779344196733-4","Verificação de Sinais Vitais","sinais-builder-lote-05","molde_concept_map_sem_items"
"local","instituto-consulpam-enfermagem-verificacao-de-sinais-vitais-1779344127707-6","Verificação de Sinais Vitais","sinais-builder-lote-06","molde_concept_map_sem_items;molde_logic_flow_sem_steps"
"local","quadrix-enfermagem-verificacao-de-sinais-vitais-1779343967847-6","Verificação de Sinais Vitais","sinais-builder-lote-07","molde_concept_map_sem_items;molde_logic_flow_sem_steps"
"local","quadrix-enfermagem-verificacao-de-sinais-vitais-1780000468214-1","Verificação de Sinais Vitais","sinais-builder-lote-07","molde_concept_map_sem_items;molde_logic_flow_sem_steps"
"local","univida-enfermagem-verificacao-de-sinais-vitais-1779344097180-2","Verificação de Sinais Vitais","sinais-builder-lote-07","molde_concept_map_sem_items"
"local","vunesp-enfermagem-verificacao-de-sinais-vitais-1779343856589-4","Verificação de Sinais Vitais","sinais-builder-lote-07","molde_concept_map_sem_items;molde_logic_flow_sem_steps"
"local","adm-tec-enfermagem-urgencias-e-emergencias-1777103970505-4","Urgências e Emergências","urgencias-e-emergencias-lote-01","stub_markers"
"local","adm-tec-enfermagem-urgencias-e-emergencias-1777103970505-5","Urgências e Emergências","urgencias-e-emergencias-lote-01","stub_markers"
"local","adm-tec-enfermagem-urgencias-e-emergencias-1777103970505-6","Urgências e Emergências","urgencias-e-emergencias-lote-01","stub_markers"
"local","adm-tec-enfermagem-urgencias-e-emergencias-1777103970505-7","Urgências e Emergências","urgencias-e-emergencias-lote-01","stub_markers"
"local","adm-tec-enfermagem-urgencias-e-emergencias-1777103970505-8","Urgências e Emergências","urgencias-e-emergencias-lote-01","stub_markers"
"local","avancasp-enfermagem-urgencias-e-emergencias-1777103970505-1","Urgências e Emergências","urgencias-e-emergencias-lote-01","stub_markers"
"local","avancasp-enfermagem-urgencias-e-emergencias-1777104024064-5","Urgências e Emergências","urgencias-e-emergencias-lote-01","stub_markers"
"local","avancasp-enfermagem-urgencias-e-emergencias-1777104083571-4","Urgências e Emergências","urgencias-e-emergencias-lote-01","stub_markers"
"local","avancasp-geral-urgencias-e-emergencias-1777104083571-3","Urgências e Emergências","urgencias-e-emergencias-lote-01","stub_markers"
"local","com-exam-pref-bauru-enfermagem-urgencias-e-emergencias-1777104056718-4","Urgências e Emergências","urgencias-e-emergencias-lote-01","stub_markers"
"local","cotec-fadenor-enfermagem-urgencias-e-emergencias-1777104018306-8","Urgências e Emergências","urgencias-e-emergencias-lote-01","stub_markers"
"local","cpcon-uepb-enfermagem-urgencias-e-emergencias-1777103976379-0","Urgências e Emergências","urgencias-e-emergencias-lote-01","stub_markers"
"local","cpcon-uepb-geral-urgencias-e-emergencias-1777103970505-0","Urgências e Emergências","urgencias-e-emergencias-lote-01","stub_markers"
"local","educa-pb-enfermagem-urgencias-e-emergencias-1777104070286-6","Urgências e Emergências","urgencias-e-emergencias-lote-01","stub_markers"
"local","facet-enfermagem-urgencias-e-emergencias-1777103976379-2","Urgências e Emergências","urgencias-e-emergencias-lote-01","stub_markers"
"local","facet-enfermagem-urgencias-e-emergencias-1777103976379-3","Urgências e Emergências","urgencias-e-emergencias-lote-01","stub_markers"
"local","facet-geral-urgencias-e-emergencias-1777103976379-4","Urgências e Emergências","urgencias-e-emergencias-lote-01","stub_markers"
"local","fau-unicentro-enfermagem-urgencias-e-emergencias-1777104031822-3","Urgências e Emergências","urgencias-e-emergencias-lote-01","stub_markers"
"local","fau-unicentro-enfermagem-urgencias-e-emergencias-1777104031822-4","Urgências e Emergências","urgencias-e-emergencias-lote-01","stub_markers"
"local","fauel-enfermagem-urgencias-e-emergencias-1777104018306-9","Urgências e Emergências","urgencias-e-emergencias-lote-01","stub_markers"
"local","fauel-enfermagem-urgencias-e-emergencias-1777104024064-0","Urgências e Emergências","urgencias-e-emergencias-lote-01","stub_markers"
"local","fepese-enfermagem-urgencias-e-emergencias-1777103988389-9","Urgências e Emergências","urgencias-e-emergencias-lote-01","stub_markers"
"local","fepese-enfermagem-urgencias-e-emergencias-1777103994618-0","Urgências e Emergências","urgencias-e-emergencias-lote-01","stub_markers"
"local","fepese-enfermagem-urgencias-e-emergencias-1777103994618-1","Urgências e Emergências","urgencias-e-emergencias-lote-01","stub_markers"
"local","fgv-enfermagem-urgencias-e-emergencias-1777104056718-6","Urgências e Emergências","urgencias-e-emergencias-lote-01","stub_markers"
"local","fgv-enfermagem-urgencias-e-emergencias-1777104063550-1","Urgências e Emergências","urgencias-e-emergencias-lote-01","stub_markers"
"local","fgv-enfermagem-urgencias-e-emergencias-1777104063550-2","Urgências e Emergências","urgencias-e-emergencias-lote-01","stub_markers"
"local","funatec-enfermagem-urgencias-e-emergencias-1777104077075-3","Urgências e Emergências","urgencias-e-emergencias-lote-01","stub_markers"
"local","funatec-enfermagem-urgencias-e-emergencias-1777104077075-4","Urgências e Emergências","urgencias-e-emergencias-lote-01","stub_markers"
"local","funatec-enfermagem-urgencias-e-emergencias-1777104077075-5","Urgências e Emergências","urgencias-e-emergencias-lote-01","stub_markers"
"local","funcern-enfermagem-urgencias-e-emergencias-1777104000896-4","Urgências e Emergências","urgencias-e-emergencias-lote-01","stub_markers"
"local","funcern-enfermagem-urgencias-e-emergencias-1777104007115-4","Urgências e Emergências","urgencias-e-emergencias-lote-01","stub_markers"
"local","funcern-enfermagem-urgencias-e-emergencias-1777104007115-5","Urgências e Emergências","urgencias-e-emergencias-lote-01","stub_markers"
"local","fundatec-enfermagem-urgencias-e-emergencias-1777103976379-5","Urgências e Emergências","urgencias-e-emergencias-lote-01","stub_markers"
"local","fundatec-enfermagem-urgencias-e-emergencias-1777103994618-3","Urgências e Emergências","urgencias-e-emergencias-lote-01","stub_markers"
"local","fundatec-enfermagem-urgencias-e-emergencias-1777104007115-6","Urgências e Emergências","urgencias-e-emergencias-lote-01","stub_markers"
"local","fundatec-enfermagem-urgencias-e-emergencias-1777104056718-7","Urgências e Emergências","urgencias-e-emergencias-lote-01","stub_markers"
"local","fundatec-enfermagem-urgencias-e-emergencias-1777104056718-8","Urgências e Emergências","urgencias-e-emergencias-lote-01","stub_markers"
"local","fundepes-copeve-ufal-enfermagem-urgencias-e-emergencias-1777104000896-2","Urgências e Emergências","urgencias-e-emergencias-lote-01","stub_markers"
"local","fundepes-copeve-ufal-enfermagem-urgencias-e-emergencias-1777104000896-3","Urgências e Emergências","urgencias-e-emergencias-lote-01","stub_markers"
"local","fundepes-copeve-ufal-enfermagem-urgencias-e-emergencias-1777104007115-7","Urgências e Emergências","urgencias-e-emergencias-lote-01","stub_markers"
"local","funtef-enfermagem-urgencias-e-emergencias-1777103970505-2","Urgências e Emergências","urgencias-e-emergencias-lote-01","stub_markers"
"local","funtef-enfermagem-urgencias-e-emergencias-1777103970505-3","Urgências e Emergências","urgencias-e-emergencias-lote-01","stub_markers"
"local","furb-enfermagem-urgencias-e-emergencias-1777104012755-4","Urgências e Emergências","urgencias-e-emergencias-lote-01","stub_markers"
"local","furb-enfermagem-urgencias-e-emergencias-1777104012755-5","Urgências e Emergências","urgencias-e-emergencias-lote-01","stub_markers"
"local","furb-enfermagem-urgencias-e-emergencias-1777104012755-6","Urgências e Emergências","urgencias-e-emergencias-lote-01","stub_markers"
"local","gama-enfermagem-urgencias-e-emergencias-1777104031822-5","Urgências e Emergências","urgencias-e-emergencias-lote-01","stub_markers"
"local","gama-enfermagem-urgencias-e-emergencias-1777104031822-6","Urgências e Emergências","urgencias-e-emergencias-lote-01","stub_markers"
"local","iaupe-enfermagem-urgencias-e-emergencias-1777104012755-1","Urgências e Emergências","urgencias-e-emergencias-lote-01","stub_markers"
"local","ibade-enfermagem-urgencias-e-emergencias-1777103988389-6","Urgências e Emergências","urgencias-e-emergencias-lote-02","stub_markers"
"local","ibade-geral-urgencias-e-emergencias-1777103590498-1","Urgências e Emergências","urgencias-e-emergencias-lote-02","stub_markers"
"local","ibade-geral-urgencias-e-emergencias-1777103590498-2","Urgências e Emergências","urgencias-e-emergencias-lote-02","stub_markers"
"local","ibade-geral-urgencias-e-emergencias-1777103590498-4","Urgências e Emergências","urgencias-e-emergencias-lote-02","stub_markers"
"local","ibfc-enfermagem-urgencias-e-emergencias-1777103988389-1","Urgências e Emergências","urgencias-e-emergencias-lote-02","stub_markers"
"local","ibfc-enfermagem-urgencias-e-emergencias-1777103988389-2","Urgências e Emergências","urgencias-e-emergencias-lote-02","stub_markers"
"local","ibfc-enfermagem-urgencias-e-emergencias-1777103988389-3","Urgências e Emergências","urgencias-e-emergencias-lote-02","stub_markers"
"local","icece-enfermagem-urgencias-e-emergencias-1780001297464-0","Urgências e Emergências","urgencias-e-emergencias-lote-02","stub_markers"
"local","idecan-enfermagem-urgencias-e-emergencias-1778712392541-3","Urgências e Emergências","urgencias-e-emergencias-lote-02","stub_markers"
"local","idecan-enfermagem-urgencias-e-emergencias-1778712392541-4","Urgências e Emergências","urgencias-e-emergencias-lote-02","stub_markers"
"local","idecan-enfermagem-urgencias-e-emergencias-1778712392541-5","Urgências e Emergências","urgencias-e-emergencias-lote-02","stub_markers"
"local","idecan-enfermagem-urgencias-e-emergencias-1778712392541-6","Urgências e Emergências","urgencias-e-emergencias-lote-02","stub_markers"
"local","idecan-enfermagem-urgencias-e-emergencias-1778712392541-7","Urgências e Emergências","urgencias-e-emergencias-lote-02","stub_markers"
"local","idecan-enfermagem-urgencias-e-emergencias-1778712392541-8","Urgências e Emergências","urgencias-e-emergencias-lote-02","stub_markers"
"local","idecan-enfermagem-urgencias-e-emergencias-1778712400677-0","Urgências e Emergências","urgencias-e-emergencias-lote-02","stub_markers"
"local","idecan-enfermagem-urgencias-e-emergencias-1778712400677-1","Urgências e Emergências","urgencias-e-emergencias-lote-02","stub_markers"
"local","idecan-enfermagem-urgencias-e-emergencias-1778712400677-2","Urgências e Emergências","urgencias-e-emergencias-lote-02","stub_markers"
"local","idecan-enfermagem-urgencias-e-emergencias-1778712400677-3","Urgências e Emergências","urgencias-e-emergencias-lote-02","stub_markers"
"local","idecan-enfermagem-urgencias-e-emergencias-1778712400677-4","Urgências e Emergências","urgencias-e-emergencias-lote-02","stub_markers"
"local","idecan-enfermagem-urgencias-e-emergencias-1780067013432-3","Urgências e Emergências","urgencias-e-emergencias-lote-02","stub_markers"
"local","idecan-enfermagem-urgencias-e-emergencias-1780067013432-4","Urgências e Emergências","urgencias-e-emergencias-lote-02","stub_markers"
"local","idecan-enfermagem-urgencias-e-emergencias-1780067013432-5","Urgências e Emergências","urgencias-e-emergencias-lote-02","stub_markers"
"local","idecan-enfermagem-urgencias-e-emergencias-1780067013432-6","Urgências e Emergências","urgencias-e-emergencias-lote-02","stub_markers"
"local","idib-enfermagem-urgencias-e-emergencias-1778934926888-0","Urgências e Emergências","urgencias-e-emergencias-lote-02","stub_markers"
"local","idib-enfermagem-urgencias-e-emergencias-1778934926888-1","Urgências e Emergências","urgencias-e-emergencias-lote-02","stub_markers"
"local","idib-enfermagem-urgencias-e-emergencias-1778934926888-2","Urgências e Emergências","urgencias-e-emergencias-lote-02","stub_markers"
"local","idib-enfermagem-urgencias-e-emergencias-1778934926888-3","Urgências e Emergências","urgencias-e-emergencias-lote-02","stub_markers"
"local","idib-enfermagem-urgencias-e-emergencias-1778934926888-4","Urgências e Emergências","urgencias-e-emergencias-lote-02","stub_markers"
"local","idib-enfermagem-urgencias-e-emergencias-1778934926888-5","Urgências e Emergências","urgencias-e-emergencias-lote-02","stub_markers"
"local","idib-enfermagem-urgencias-e-emergencias-1778934926888-6","Urgências e Emergências","urgencias-e-emergencias-lote-02","stub_markers"
"local","idib-enfermagem-urgencias-e-emergencias-1778934926888-7","Urgências e Emergências","urgencias-e-emergencias-lote-02","stub_markers"
"local","idib-enfermagem-urgencias-e-emergencias-1778934926888-8","Urgências e Emergências","urgencias-e-emergencias-lote-02","stub_markers"
"local","idib-enfermagem-urgencias-e-emergencias-1778934936220-0","Urgências e Emergências","urgencias-e-emergencias-lote-02","stub_markers"
"local","idib-enfermagem-urgencias-e-emergencias-1778934936220-1","Urgências e Emergências","urgencias-e-emergencias-lote-02","stub_markers"
"local","igeduc-enfermagem-urgencias-e-emergencias-1780001220945-7","Urgências e Emergências","urgencias-e-emergencias-lote-03","stub_markers"
"local","igeduc-enfermagem-urgencias-e-emergencias-1780001220945-8","Urgências e Emergências","urgencias-e-emergencias-lote-03","stub_markers"
"local","igeduc-enfermagem-urgencias-e-emergencias-1780001220945-9","Urgências e Emergências","urgencias-e-emergencias-lote-03","stub_markers"
"local","igeduc-enfermagem-urgencias-e-emergencias-1780001297464-1","Urgências e Emergências","urgencias-e-emergencias-lote-03","stub_markers"
"local","igeduc-enfermagem-urgencias-e-emergencias-1780001297464-2","Urgências e Emergências","urgencias-e-emergencias-lote-03","stub_markers"
"local","igeduc-enfermagem-urgencias-e-emergencias-1780001297464-3","Urgências e Emergências","urgencias-e-emergencias-lote-03","stub_markers"
"local","instituto-access-enfermagem-urgencias-e-emergencias-1777104000896-5","Urgências e Emergências","urgencias-e-emergencias-lote-03","stub_markers"
"local","instituto-access-enfermagem-urgencias-e-emergencias-1777104000896-6","Urgências e Emergências","urgencias-e-emergencias-lote-03","stub_markers"
"local","instituto-access-enfermagem-urgencias-e-emergencias-1777104000896-7","Urgências e Emergências","urgencias-e-emergencias-lote-03","stub_markers"
"local","instituto-access-enfermagem-urgencias-e-emergencias-1777104000896-8","Urgências e Emergências","urgencias-e-emergencias-lote-03","stub_markers"
"local","instituto-access-enfermagem-urgencias-e-emergencias-1777104007115-0","Urgências e Emergências","urgencias-e-emergencias-lote-03","stub_markers"
"local","instituto-access-enfermagem-urgencias-e-emergencias-1777104007115-1","Urgências e Emergências","urgencias-e-emergencias-lote-03","stub_markers"
"local","instituto-access-enfermagem-urgencias-e-emergencias-1777104007115-2","Urgências e Emergências","urgencias-e-emergencias-lote-03","stub_markers"
"local","instituto-access-enfermagem-urgencias-e-emergencias-1777104007115-3","Urgências e Emergências","urgencias-e-emergencias-lote-03","stub_markers"
"local","instituto-consulpam-enfermagem-urgencias-e-emergencias-1777103981770-0","Urgências e Emergências","urgencias-e-emergencias-lote-03","stub_markers"
"local","instituto-consulpam-enfermagem-urgencias-e-emergencias-1777103981770-1","Urgências e Emergências","urgencias-e-emergencias-lote-03","stub_markers"
"local","instituto-consulplan-enfermagem-urgencias-e-emergencias-1777104056718-5","Urgências e Emergências","urgencias-e-emergencias-lote-03","stub_markers"
"local","instituto-consulplan-enfermagem-urgencias-e-emergencias-1777104083571-5","Urgências e Emergências","urgencias-e-emergencias-lote-03","stub_markers"
"local","instituto-consulplan-enfermagem-urgencias-e-emergencias-1777104083571-6","Urgências e Emergências","urgencias-e-emergencias-lote-03","stub_markers"
"local","instituto-consulplan-enfermagem-urgencias-e-emergencias-1777104083571-7","Urgências e Emergências","urgencias-e-emergencias-lote-03","stub_markers"
"local","instituto-consulplan-enfermagem-urgencias-e-emergencias-1777104083571-8","Urgências e Emergências","urgencias-e-emergencias-lote-03","stub_markers"
"local","instituto-consulplan-enfermagem-urgencias-e-emergencias-1777104090044-3","Urgências e Emergências","urgencias-e-emergencias-lote-03","stub_markers"
"local","instituto-consulplan-enfermagem-urgencias-e-emergencias-1777104090044-4","Urgências e Emergências","urgencias-e-emergencias-lote-03","stub_markers"
"local","instituto-consulplan-enfermagem-urgencias-e-emergencias-1777104090044-5","Urgências e Emergências","urgencias-e-emergencias-lote-03","stub_markers"
"local","instituto-consulplan-enfermagem-urgencias-e-emergencias-1777104090044-6","Urgências e Emergências","urgencias-e-emergencias-lote-03","stub_markers"
"local","instituto-consulplan-enfermagem-urgencias-e-emergencias-1777104090044-7","Urgências e Emergências","urgencias-e-emergencias-lote-03","stub_markers"
"local","instituto-consulplan-enfermagem-urgencias-e-emergencias-1777104090044-8","Urgências e Emergências","urgencias-e-emergencias-lote-03","stub_markers"
"local","instituto-consulplan-enfermagem-urgencias-e-emergencias-1777104096594-0","Urgências e Emergências","urgencias-e-emergencias-lote-03","stub_markers"
"local","instituto-consulplan-enfermagem-urgencias-e-emergencias-1777104096594-1","Urgências e Emergências","urgencias-e-emergencias-lote-03","stub_markers"
"local","instituto-consulplan-enfermagem-urgencias-e-emergencias-1777104096594-2","Urgências e Emergências","urgencias-e-emergencias-lote-03","stub_markers"
"local","instituto-consulplan-enfermagem-urgencias-e-emergencias-1777104096594-3","Urgências e Emergências","urgencias-e-emergencias-lote-03","stub_markers"
"local","instituto-consulplan-enfermagem-urgencias-e-emergencias-1777104096594-4","Urgências e Emergências","urgencias-e-emergencias-lote-03","stub_markers"
"local","instituto-consulplan-enfermagem-urgencias-e-emergencias-1777104096594-5","Urgências e Emergências","urgencias-e-emergencias-lote-03","stub_markers"
"local","instituto-consulplan-enfermagem-urgencias-e-emergencias-1777104096594-6","Urgências e Emergências","urgencias-e-emergencias-lote-04","stub_markers"
"local","instituto-consulplan-enfermagem-urgencias-e-emergencias-1777104096594-7","Urgências e Emergências","urgencias-e-emergencias-lote-04","stub_markers"
"local","instituto-seletiva-enfermagem-urgencias-e-emergencias-1777103976379-6","Urgências e Emergências","urgencias-e-emergencias-lote-04","stub_markers"
"local","instituto-verbena-enfermagem-urgencias-e-emergencias-1777103994618-2","Urgências e Emergências","urgencias-e-emergencias-lote-04","stub_markers"
"local","instituto-verbena-enfermagem-urgencias-e-emergencias-1777104031822-2","Urgências e Emergências","urgencias-e-emergencias-lote-04","stub_markers"
"local","ivin-enfermagem-urgencias-e-emergencias-1777104048047-8","Urgências e Emergências","urgencias-e-emergencias-lote-04","stub_markers"
"local","ivin-enfermagem-urgencias-e-emergencias-1777104048047-9","Urgências e Emergências","urgencias-e-emergencias-lote-04","stub_markers"
"local","ivin-enfermagem-urgencias-e-emergencias-1777104056718-0","Urgências e Emergências","urgencias-e-emergencias-lote-04","stub_markers"
"local","ivin-enfermagem-urgencias-e-emergencias-1777104056718-1","Urgências e Emergências","urgencias-e-emergencias-lote-04","stub_markers"
"local","ivin-enfermagem-urgencias-e-emergencias-1777104056718-2","Urgências e Emergências","urgencias-e-emergencias-lote-04","stub_markers"
"local","ivin-enfermagem-urgencias-e-emergencias-1777104056718-3","Urgências e Emergências","urgencias-e-emergencias-lote-04","stub_markers"
"local","lj-assessoria-enfermagem-urgencias-e-emergencias-1777104077075-6","Urgências e Emergências","urgencias-e-emergencias-lote-04","stub_markers"
"local","lj-assessoria-enfermagem-urgencias-e-emergencias-1777104077075-7","Urgências e Emergências","urgencias-e-emergencias-lote-04","stub_markers"
"local","lj-assessoria-enfermagem-urgencias-e-emergencias-1777104077075-8","Urgências e Emergências","urgencias-e-emergencias-lote-04","stub_markers"
"local","quadrix-enfermagem-urgencias-e-emergencias-1777103981770-5","Urgências e Emergências","urgencias-e-emergencias-lote-04","stub_markers"
"local","quadrix-enfermagem-urgencias-e-emergencias-1777103988389-7","Urgências e Emergências","urgencias-e-emergencias-lote-04","stub_markers"
"local","quadrix-enfermagem-urgencias-e-emergencias-1777103988389-8","Urgências e Emergências","urgencias-e-emergencias-lote-04","stub_markers"
"local","quadrix-enfermagem-urgencias-e-emergencias-1780001220945-4","Urgências e Emergências","urgencias-e-emergencias-lote-04","stub_markers"
"local","quadrix-enfermagem-urgencias-e-emergencias-1780001220945-5","Urgências e Emergências","urgencias-e-emergencias-lote-04","stub_markers"
"local","selecon-enfermagem-urgencias-e-emergencias-1777104038968-1","Urgências e Emergências","urgencias-e-emergencias-lote-04","stub_markers"
"local","selecon-enfermagem-urgencias-e-emergencias-1777104038968-2","Urgências e Emergências","urgencias-e-emergencias-lote-04","stub_markers"
"local","selecon-enfermagem-urgencias-e-emergencias-1777104038968-3","Urgências e Emergências","urgencias-e-emergencias-lote-04","stub_markers"
"local","selecon-enfermagem-urgencias-e-emergencias-1777104038968-4","Urgências e Emergências","urgencias-e-emergencias-lote-04","stub_markers"
"local","selecon-enfermagem-urgencias-e-emergencias-1777104038968-5","Urgências e Emergências","urgencias-e-emergencias-lote-04","stub_markers"
"local","selecon-enfermagem-urgencias-e-emergencias-1777104038968-6","Urgências e Emergências","urgencias-e-emergencias-lote-04","stub_markers"
"local","selecon-enfermagem-urgencias-e-emergencias-1777104038968-7","Urgências e Emergências","urgencias-e-emergencias-lote-04","stub_markers"
"local","selecon-enfermagem-urgencias-e-emergencias-1777104038968-8","Urgências e Emergências","urgencias-e-emergencias-lote-04","stub_markers"
"local","selecon-enfermagem-urgencias-e-emergencias-1777104038968-9","Urgências e Emergências","urgencias-e-emergencias-lote-04","stub_markers"
"local","selecon-enfermagem-urgencias-e-emergencias-1777104048047-0","Urgências e Emergências","urgencias-e-emergencias-lote-04","stub_markers"
"local","selecon-enfermagem-urgencias-e-emergencias-1777104048047-1","Urgências e Emergências","urgencias-e-emergencias-lote-04","stub_markers"
"local","selecon-enfermagem-urgencias-e-emergencias-1777104048047-2","Urgências e Emergências","urgencias-e-emergencias-lote-04","stub_markers"
"local","selecon-enfermagem-urgencias-e-emergencias-1777104048047-3","Urgências e Emergências","urgencias-e-emergencias-lote-04","stub_markers"
"local","selecon-enfermagem-urgencias-e-emergencias-1777104048047-4","Urgências e Emergências","urgencias-e-emergencias-lote-04","stub_markers"
"local","selecon-enfermagem-urgencias-e-emergencias-1777104048047-5","Urgências e Emergências","urgencias-e-emergencias-lote-04","stub_markers"
"local","unesc-enfermagem-urgencias-e-emergencias-1780001220945-6","Urgências e Emergências","urgencias-e-emergencias-lote-04","stub_markers"
"local","unifil-enfermagem-urgencias-e-emergencias-1777104012755-2","Urgências e Emergências","urgencias-e-emergencias-lote-04","stub_markers"
"local","unifil-enfermagem-urgencias-e-emergencias-1777104012755-3","Urgências e Emergências","urgencias-e-emergencias-lote-04","stub_markers"
"local","vunesp-enfermagem-urgencias-e-emergencias-1777103981770-2","Urgências e Emergências","urgencias-e-emergencias-lote-04","stub_markers"
"local","vunesp-enfermagem-urgencias-e-emergencias-1777103981770-3","Urgências e Emergências","urgencias-e-emergencias-lote-04","stub_markers"
"local","vunesp-enfermagem-urgencias-e-emergencias-1777103981770-4","Urgências e Emergências","urgencias-e-emergencias-lote-04","stub_markers"
"local","vunesp-enfermagem-urgencias-e-emergencias-1777103981770-6","Urgências e Emergências","urgencias-e-emergencias-lote-04","stub_markers"
"local","vunesp-enfermagem-urgencias-e-emergencias-1777103988389-0","Urgências e Emergências","urgencias-e-emergencias-lote-04","stub_markers"
"local","vunesp-enfermagem-urgencias-e-emergencias-1777103988389-4","Urgências e Emergências","urgencias-e-emergencias-lote-04","stub_markers"
"local","vunesp-enfermagem-urgencias-e-emergencias-1777103994618-4","Urgências e Emergências","urgencias-e-emergencias-lote-04","stub_markers"
"local","vunesp-enfermagem-urgencias-e-emergencias-1777103994618-5","Urgências e Emergências","urgencias-e-emergencias-lote-04","stub_markers"
"local","vunesp-enfermagem-urgencias-e-emergencias-1777103994618-6","Urgências e Emergências","urgencias-e-emergencias-lote-04","stub_markers"
"local","vunesp-enfermagem-urgencias-e-emergencias-1777103994618-7","Urgências e Emergências","urgencias-e-emergencias-lote-04","stub_markers"
"local","vunesp-enfermagem-urgencias-e-emergencias-1777103994618-8","Urgências e Emergências","urgencias-e-emergencias-lote-04","stub_markers"
"local","vunesp-enfermagem-urgencias-e-emergencias-1777104000896-0","Urgências e Emergências","urgencias-e-emergencias-lote-04","stub_markers"
"local","vunesp-enfermagem-urgencias-e-emergencias-1777104000896-1","Urgências e Emergências","urgencias-e-emergencias-lote-04","stub_markers"
"local","vunesp-enfermagem-urgencias-e-emergencias-1777104012755-0","Urgências e Emergências","urgencias-e-emergencias-lote-05","stub_markers"
"local","vunesp-enfermagem-urgencias-e-emergencias-1777104048047-6","Urgências e Emergências","urgencias-e-emergencias-lote-05","stub_markers"
"local","vunesp-enfermagem-urgencias-e-emergencias-1777104048047-7","Urgências e Emergências","urgencias-e-emergencias-lote-05","stub_markers"
"local","vunesp-enfermagem-urgencias-e-emergencias-1777104063550-0","Urgências e Emergências","urgencias-e-emergencias-lote-05","stub_markers"
"local","vunesp-enfermagem-urgencias-e-emergencias-1777104063550-3","Urgências e Emergências","urgencias-e-emergencias-lote-05","stub_markers"
"local","vunesp-enfermagem-urgencias-e-emergencias-1777104063550-4","Urgências e Emergências","urgencias-e-emergencias-lote-05","stub_markers"
"local","vunesp-enfermagem-urgencias-e-emergencias-1777104063550-5","Urgências e Emergências","urgencias-e-emergencias-lote-05","stub_markers"
"local","vunesp-enfermagem-urgencias-e-emergencias-1777104063550-6","Urgências e Emergências","urgencias-e-emergencias-lote-05","stub_markers"
"local","vunesp-enfermagem-urgencias-e-emergencias-1777104063550-7","Urgências e Emergências","urgencias-e-emergencias-lote-05","stub_markers"
"local","vunesp-enfermagem-urgencias-e-emergencias-1777104063550-8","Urgências e Emergências","urgencias-e-emergencias-lote-05","stub_markers"
"local","vunesp-enfermagem-urgencias-e-emergencias-1777104070286-0","Urgências e Emergências","urgencias-e-emergencias-lote-05","stub_markers"
"local","vunesp-enfermagem-urgencias-e-emergencias-1777104070286-1","Urgências e Emergências","urgencias-e-emergencias-lote-05","stub_markers"
"local","vunesp-enfermagem-urgencias-e-emergencias-1777104070286-2","Urgências e Emergências","urgencias-e-emergencias-lote-05","stub_markers"
"local","vunesp-enfermagem-urgencias-e-emergencias-1777104070286-3","Urgências e Emergências","urgencias-e-emergencias-lote-05","stub_markers"
"local","vunesp-enfermagem-urgencias-e-emergencias-1777104070286-4","Urgências e Emergências","urgencias-e-emergencias-lote-05","stub_markers"
"local","vunesp-enfermagem-urgencias-e-emergencias-1777104070286-5","Urgências e Emergências","urgencias-e-emergencias-lote-05","stub_markers"
"local","vunesp-enfermagem-urgencias-e-emergencias-1777104077075-9","Urgências e Emergências","urgencias-e-emergencias-lote-05","stub_markers"
"local","vunesp-enfermagem-urgencias-e-emergencias-1777104083571-0","Urgências e Emergências","urgencias-e-emergencias-lote-05","stub_markers"
"local","vunesp-enfermagem-urgencias-e-emergencias-1777104083571-1","Urgências e Emergências","urgencias-e-emergencias-lote-05","stub_markers"
"local","vunesp-enfermagem-urgencias-e-emergencias-1777104083571-2","Urgências e Emergências","urgencias-e-emergencias-lote-05","stub_markers"
"local","vunesp-enfermagem-urgencias-e-emergencias-1777104090044-0","Urgências e Emergências","urgencias-e-emergencias-lote-05","stub_markers"
"local","vunesp-enfermagem-urgencias-e-emergencias-1777104090044-1","Urgências e Emergências","urgencias-e-emergencias-lote-05","stub_markers"
"local","vunesp-enfermagem-urgencias-e-emergencias-1777104090044-2","Urgências e Emergências","urgencias-e-emergencias-lote-05","stub_markers"
"local","adm-tec-enfermagem-verificacao-de-sinais-vitais-1779343833455-6","Verificação de Sinais Vitais","verificacao-de-sinais-vitais-lote-01","stub_markers;molde_golden_rule_sem_rows"
"local","adm-tec-enfermagem-verificacao-de-sinais-vitais-1779343833455-7","Verificação de Sinais Vitais","verificacao-de-sinais-vitais-lote-01","stub_markers;molde_golden_rule_sem_rows"
"local","agirh-enfermagem-verificacao-de-sinais-vitais-1779344137078-0","Verificação de Sinais Vitais","verificacao-de-sinais-vitais-lote-01","stub_markers;molde_golden_rule_sem_rows"
"local","agirh-enfermagem-verificacao-de-sinais-vitais-1779344137078-3","Verificação de Sinais Vitais","verificacao-de-sinais-vitais-lote-01","stub_markers;molde_golden_rule_sem_rows"
"local","amauc-enfermagem-verificacao-de-sinais-vitais-1779344189558-7","Verificação de Sinais Vitais","verificacao-de-sinais-vitais-lote-01","stub_markers;molde_golden_rule_sem_rows"
"local","amauc-enfermagem-verificacao-de-sinais-vitais-1779344196733-2","Verificação de Sinais Vitais","verificacao-de-sinais-vitais-lote-01","stub_markers;molde_golden_rule_sem_rows"
"local","amauc-enfermagem-verificacao-de-sinais-vitais-1779344205200-1","Verificação de Sinais Vitais","verificacao-de-sinais-vitais-lote-01","stub_markers;molde_golden_rule_sem_rows"
"local","ameosc-enfermagem-verificacao-de-sinais-vitais-1778969752567-3","Verificação de Sinais Vitais","verificacao-de-sinais-vitais-lote-01","stub_markers;molde_golden_rule_sem_rows"
"local","ameosc-enfermagem-verificacao-de-sinais-vitais-1778969752567-7","Verificação de Sinais Vitais","verificacao-de-sinais-vitais-lote-01","stub_markers;molde_golden_rule_sem_rows"
"local","ameosc-enfermagem-verificacao-de-sinais-vitais-1778969760552-0","Verificação de Sinais Vitais","verificacao-de-sinais-vitais-lote-01","stub_markers;molde_golden_rule_sem_rows"
"local","ameosc-enfermagem-verificacao-de-sinais-vitais-1778969760552-1","Verificação de Sinais Vitais","verificacao-de-sinais-vitais-lote-01","stub_markers;molde_golden_rule_sem_rows"
"local","ameosc-enfermagem-verificacao-de-sinais-vitais-1778969760552-7","Verificação de Sinais Vitais","verificacao-de-sinais-vitais-lote-01","stub_markers;molde_golden_rule_sem_rows"
"local","ameosc-enfermagem-verificacao-de-sinais-vitais-1778969768866-4","Verificação de Sinais Vitais","verificacao-de-sinais-vitais-lote-01","stub_markers;molde_golden_rule_sem_rows"
"local","ameosc-enfermagem-verificacao-de-sinais-vitais-1779343811344-5","Verificação de Sinais Vitais","verificacao-de-sinais-vitais-lote-01","stub_markers;molde_golden_rule_sem_rows"
"local","ameosc-enfermagem-verificacao-de-sinais-vitais-1779343845367-6","Verificação de Sinais Vitais","verificacao-de-sinais-vitais-lote-01","stub_markers;molde_golden_rule_sem_rows"
"local","ameosc-enfermagem-verificacao-de-sinais-vitais-1779343883917-1","Verificação de Sinais Vitais","verificacao-de-sinais-vitais-lote-01","stub_markers;molde_golden_rule_sem_rows"
"local","ameosc-enfermagem-verificacao-de-sinais-vitais-1779343883917-2","Verificação de Sinais Vitais","verificacao-de-sinais-vitais-lote-01","stub_markers;molde_golden_rule_sem_rows"
"local","ameosc-enfermagem-verificacao-de-sinais-vitais-1779343883917-3","Verificação de Sinais Vitais","verificacao-de-sinais-vitais-lote-01","stub_markers;molde_golden_rule_sem_rows"
"local","ameosc-enfermagem-verificacao-de-sinais-vitais-1779344111854-6","Verificação de Sinais Vitais","verificacao-de-sinais-vitais-lote-01","stub_markers;molde_golden_rule_sem_rows"
"local","ameosc-enfermagem-verificacao-de-sinais-vitais-1779344111854-7","Verificação de Sinais Vitais","verificacao-de-sinais-vitais-lote-01","stub_markers;molde_golden_rule_sem_rows"
"local","ameosc-enfermagem-verificacao-de-sinais-vitais-1779344117207-2","Verificação de Sinais Vitais","verificacao-de-sinais-vitais-lote-01","stub_markers;molde_golden_rule_sem_rows"
"local","ameosc-enfermagem-verificacao-de-sinais-vitais-1779344117207-3","Verificação de Sinais Vitais","verificacao-de-sinais-vitais-lote-01","stub_markers;molde_golden_rule_sem_rows"
"local","ameosc-enfermagem-verificacao-de-sinais-vitais-1779344117207-4","Verificação de Sinais Vitais","verificacao-de-sinais-vitais-lote-01","stub_markers;molde_golden_rule_sem_rows"
"local","ameosc-enfermagem-verificacao-de-sinais-vitais-1779344117207-5","Verificação de Sinais Vitais","verificacao-de-sinais-vitais-lote-01","stub_markers;molde_golden_rule_sem_rows"
"local","ameosc-enfermagem-verificacao-de-sinais-vitais-1779344224014-3","Verificação de Sinais Vitais","verificacao-de-sinais-vitais-lote-01","stub_markers;molde_golden_rule_sem_rows"
"local","ameosc-enfermagem-verificacao-de-sinais-vitais-1779344224014-4","Verificação de Sinais Vitais","verificacao-de-sinais-vitais-lote-01","stub_markers;molde_golden_rule_sem_rows"
"local","ameosc-enfermagem-verificacao-de-sinais-vitais-1779344224014-5","Verificação de Sinais Vitais","verificacao-de-sinais-vitais-lote-01","stub_markers;molde_golden_rule_sem_rows"
"local","ameosc-enfermagem-verificacao-de-sinais-vitais-1779344224014-6","Verificação de Sinais Vitais","verificacao-de-sinais-vitais-lote-01","stub_markers;molde_golden_rule_sem_rows"
"local","ameosc-enfermagem-verificacao-de-sinais-vitais-1779344237445-0","Verificação de Sinais Vitais","verificacao-de-sinais-vitais-lote-01","stub_markers;molde_golden_rule_sem_rows"
"local","ameosc-enfermagem-verificacao-de-sinais-vitais-1779344237445-1","Verificação de Sinais Vitais","verificacao-de-sinais-vitais-lote-01","stub_markers;molde_golden_rule_sem_rows"
"local","atame-enfermagem-verificacao-de-sinais-vitais-1779343932809-2","Verificação de Sinais Vitais","verificacao-de-sinais-vitais-lote-01","stub_markers;molde_golden_rule_sem_rows"
"local","atame-enfermagem-verificacao-de-sinais-vitais-1779343932809-3","Verificação de Sinais Vitais","verificacao-de-sinais-vitais-lote-01","stub_markers;molde_golden_rule_sem_rows"
"local","avancasp-enfermagem-verificacao-de-sinais-vitais-1778969729218-7","Verificação de Sinais Vitais","verificacao-de-sinais-vitais-lote-01","molde_golden_rule_sem_rows"
"local","avancasp-enfermagem-verificacao-de-sinais-vitais-1778969729218-8","Verificação de Sinais Vitais","verificacao-de-sinais-vitais-lote-01","molde_golden_rule_sem_rows"
"local","avancasp-enfermagem-verificacao-de-sinais-vitais-1778969745165-2","Verificação de Sinais Vitais","verificacao-de-sinais-vitais-lote-01","stub_markers;molde_golden_rule_sem_rows"
"local","avancasp-enfermagem-verificacao-de-sinais-vitais-1778969745165-3","Verificação de Sinais Vitais","verificacao-de-sinais-vitais-lote-01","stub_markers;molde_golden_rule_sem_rows"
"local","avancasp-enfermagem-verificacao-de-sinais-vitais-1779343789998-5","Verificação de Sinais Vitais","verificacao-de-sinais-vitais-lote-01","stub_markers;molde_golden_rule_sem_rows"
"local","avancasp-enfermagem-verificacao-de-sinais-vitais-1779343789998-6","Verificação de Sinais Vitais","verificacao-de-sinais-vitais-lote-01","stub_markers;molde_golden_rule_sem_rows"
"local","avancasp-enfermagem-verificacao-de-sinais-vitais-1779343801786-3","Verificação de Sinais Vitais","verificacao-de-sinais-vitais-lote-01","stub_markers;molde_golden_rule_sem_rows"
"local","avancasp-enfermagem-verificacao-de-sinais-vitais-1779343801786-4","Verificação de Sinais Vitais","verificacao-de-sinais-vitais-lote-01","stub_markers;molde_golden_rule_sem_rows"
"local","avancasp-enfermagem-verificacao-de-sinais-vitais-1779343801786-6","Verificação de Sinais Vitais","verificacao-de-sinais-vitais-lote-01","stub_markers;molde_golden_rule_sem_rows"
"local","avancasp-enfermagem-verificacao-de-sinais-vitais-1779343822075-0","Verificação de Sinais Vitais","verificacao-de-sinais-vitais-lote-01","stub_markers;molde_golden_rule_sem_rows"
"local","avancasp-enfermagem-verificacao-de-sinais-vitais-1779343822075-1","Verificação de Sinais Vitais","verificacao-de-sinais-vitais-lote-01","stub_markers;molde_golden_rule_sem_rows"
"local","avancasp-enfermagem-verificacao-de-sinais-vitais-1779343822075-4","Verificação de Sinais Vitais","verificacao-de-sinais-vitais-lote-01","stub_markers;molde_golden_rule_sem_rows"
"local","avancasp-enfermagem-verificacao-de-sinais-vitais-1779343833455-0","Verificação de Sinais Vitais","verificacao-de-sinais-vitais-lote-01","stub_markers;molde_golden_rule_sem_rows"
"local","avancasp-enfermagem-verificacao-de-sinais-vitais-1779343833455-1","Verificação de Sinais Vitais","verificacao-de-sinais-vitais-lote-01","stub_markers;molde_golden_rule_sem_rows"
"local","avancasp-enfermagem-verificacao-de-sinais-vitais-1779343833455-2","Verificação de Sinais Vitais","verificacao-de-sinais-vitais-lote-01","stub_markers;molde_golden_rule_sem_rows"
"local","avancasp-enfermagem-verificacao-de-sinais-vitais-1779343833455-3","Verificação de Sinais Vitais","verificacao-de-sinais-vitais-lote-01","stub_markers;molde_golden_rule_sem_rows"
"local","avancasp-enfermagem-verificacao-de-sinais-vitais-1779343845367-1","Verificação de Sinais Vitais","verificacao-de-sinais-vitais-lote-01","stub_markers;molde_golden_rule_sem_rows"
"local","avancasp-enfermagem-verificacao-de-sinais-vitais-1779343845367-2","Verificação de Sinais Vitais","verificacao-de-sinais-vitais-lote-01","stub_markers;molde_golden_rule_sem_rows"
"local","avancasp-enfermagem-verificacao-de-sinais-vitais-1779343845367-3","Verificação de Sinais Vitais","verificacao-de-sinais-vitais-lote-02","stub_markers;molde_golden_rule_sem_rows"
"local","avancasp-enfermagem-verificacao-de-sinais-vitais-1779343865210-3","Verificação de Sinais Vitais","verificacao-de-sinais-vitais-lote-02","stub_markers;molde_golden_rule_sem_rows"
"local","avancasp-enfermagem-verificacao-de-sinais-vitais-1779343897104-2","Verificação de Sinais Vitais","verificacao-de-sinais-vitais-lote-02","stub_markers;molde_golden_rule_sem_rows"
"local","avancasp-enfermagem-verificacao-de-sinais-vitais-1779343897104-3","Verificação de Sinais Vitais","verificacao-de-sinais-vitais-lote-02","stub_markers;molde_golden_rule_sem_rows"
"local","avancasp-enfermagem-verificacao-de-sinais-vitais-1779343897104-4","Verificação de Sinais Vitais","verificacao-de-sinais-vitais-lote-02","stub_markers;molde_golden_rule_sem_rows"
"local","avancasp-enfermagem-verificacao-de-sinais-vitais-1779343897104-5","Verificação de Sinais Vitais","verificacao-de-sinais-vitais-lote-02","stub_markers;molde_golden_rule_sem_rows"
"local","avancasp-enfermagem-verificacao-de-sinais-vitais-1779343897104-6","Verificação de Sinais Vitais","verificacao-de-sinais-vitais-lote-02","stub_markers;molde_golden_rule_sem_rows"
"local","avancasp-enfermagem-verificacao-de-sinais-vitais-1779343904263-0","Verificação de Sinais Vitais","verificacao-de-sinais-vitais-lote-02","stub_markers;molde_golden_rule_sem_rows"
"local","avancasp-enfermagem-verificacao-de-sinais-vitais-1779343904263-1","Verificação de Sinais Vitais","verificacao-de-sinais-vitais-lote-02","stub_markers;molde_golden_rule_sem_rows"
"local","avancasp-enfermagem-verificacao-de-sinais-vitais-1779343904263-2","Verificação de Sinais Vitais","verificacao-de-sinais-vitais-lote-02","stub_markers;molde_golden_rule_sem_rows"
"local","avancasp-enfermagem-verificacao-de-sinais-vitais-1779343904263-6","Verificação de Sinais Vitais","verificacao-de-sinais-vitais-lote-02","stub_markers;molde_golden_rule_sem_rows"
"local","avancasp-enfermagem-verificacao-de-sinais-vitais-1779343904263-7","Verificação de Sinais Vitais","verificacao-de-sinais-vitais-lote-02","stub_markers;molde_golden_rule_sem_rows"
"local","avancasp-enfermagem-verificacao-de-sinais-vitais-1779343932809-4","Verificação de Sinais Vitais","verificacao-de-sinais-vitais-lote-02","stub_markers;molde_golden_rule_sem_rows"
"local","avancasp-enfermagem-verificacao-de-sinais-vitais-1779343932809-5","Verificação de Sinais Vitais","verificacao-de-sinais-vitais-lote-02","stub_markers;molde_golden_rule_sem_rows"
"local","avancasp-enfermagem-verificacao-de-sinais-vitais-1779343945057-2","Verificação de Sinais Vitais","verificacao-de-sinais-vitais-lote-02","stub_markers;molde_golden_rule_sem_rows"
"local","avancasp-enfermagem-verificacao-de-sinais-vitais-1779343945057-3","Verificação de Sinais Vitais","verificacao-de-sinais-vitais-lote-02","stub_markers;molde_golden_rule_sem_rows"
"local","avancasp-enfermagem-verificacao-de-sinais-vitais-1779343945057-4","Verificação de Sinais Vitais","verificacao-de-sinais-vitais-lote-02","stub_markers;molde_golden_rule_sem_rows"
"local","avancasp-enfermagem-verificacao-de-sinais-vitais-1779343945057-5","Verificação de Sinais Vitais","verificacao-de-sinais-vitais-lote-02","stub_markers;molde_golden_rule_sem_rows"
"local","avancasp-enfermagem-verificacao-de-sinais-vitais-1779343945057-6","Verificação de Sinais Vitais","verificacao-de-sinais-vitais-lote-02","stub_markers;molde_golden_rule_sem_rows"
"local","avancasp-enfermagem-verificacao-de-sinais-vitais-1779343945057-7","Verificação de Sinais Vitais","verificacao-de-sinais-vitais-lote-02","stub_markers;molde_golden_rule_sem_rows"
"local","avancasp-enfermagem-verificacao-de-sinais-vitais-1779343956155-5","Verificação de Sinais Vitais","verificacao-de-sinais-vitais-lote-02","stub_markers;molde_golden_rule_sem_rows"
"local","avancasp-enfermagem-verificacao-de-sinais-vitais-1779343956155-6","Verificação de Sinais Vitais","verificacao-de-sinais-vitais-lote-02","stub_markers;molde_golden_rule_sem_rows"
"local","avancasp-enfermagem-verificacao-de-sinais-vitais-1779344097180-6","Verificação de Sinais Vitais","verificacao-de-sinais-vitais-lote-02","stub_markers;molde_golden_rule_sem_rows"
"local","avancasp-enfermagem-verificacao-de-sinais-vitais-1779344097180-7","Verificação de Sinais Vitais","verificacao-de-sinais-vitais-lote-02","stub_markers;molde_golden_rule_sem_rows"
"local","avancasp-enfermagem-verificacao-de-sinais-vitais-1779344158323-4","Verificação de Sinais Vitais","verificacao-de-sinais-vitais-lote-02","stub_markers;molde_golden_rule_sem_rows"
"local","avancasp-enfermagem-verificacao-de-sinais-vitais-1779344158323-5","Verificação de Sinais Vitais","verificacao-de-sinais-vitais-lote-02","stub_markers;molde_golden_rule_sem_rows"
"local","avancasp-enfermagem-verificacao-de-sinais-vitais-1779344158323-6","Verificação de Sinais Vitais","verificacao-de-sinais-vitais-lote-02","stub_markers;molde_golden_rule_sem_rows"
"local","avancasp-enfermagem-verificacao-de-sinais-vitais-1779344158323-7","Verificação de Sinais Vitais","verificacao-de-sinais-vitais-lote-02","stub_markers;molde_golden_rule_sem_rows"
"local","avancasp-enfermagem-verificacao-de-sinais-vitais-1779344158323-8","Verificação de Sinais Vitais","verificacao-de-sinais-vitais-lote-02","stub_markers;molde_golden_rule_sem_rows"
"local","avancasp-enfermagem-verificacao-de-sinais-vitais-1779344178184-0","Verificação de Sinais Vitais","verificacao-de-sinais-vitais-lote-02","stub_markers;molde_golden_rule_sem_rows"
"local","avancasp-enfermagem-verificacao-de-sinais-vitais-1779344178184-1","Verificação de Sinais Vitais","verificacao-de-sinais-vitais-lote-02","molde_golden_rule_sem_rows"
"local","avancasp-enfermagem-verificacao-de-sinais-vitais-1779344178184-2","Verificação de Sinais Vitais","verificacao-de-sinais-vitais-lote-02","stub_markers;molde_golden_rule_sem_rows"
"local","avancasp-enfermagem-verificacao-de-sinais-vitais-1779344205200-2","Verificação de Sinais Vitais","verificacao-de-sinais-vitais-lote-02","stub_markers;molde_golden_rule_sem_rows"
"local","avancasp-enfermagem-verificacao-de-sinais-vitais-1779344205200-6","Verificação de Sinais Vitais","verificacao-de-sinais-vitais-lote-02","stub_markers;molde_golden_rule_sem_rows"
"local","cebraspe-cespe-enfermagem-verificacao-de-sinais-vitais-1779344189558-1","Verificação de Sinais Vitais","verificacao-de-sinais-vitais-lote-02","stub_markers;molde_golden_rule_sem_rows"
"local","cebraspe-cespe-enfermagem-verificacao-de-sinais-vitais-1779344245160-0","Verificação de Sinais Vitais","verificacao-de-sinais-vitais-lote-02","molde_golden_rule_sem_rows"
"local","cebraspe-cespe-enfermagem-verificacao-de-sinais-vitais-1779344245160-1","Verificação de Sinais Vitais","verificacao-de-sinais-vitais-lote-02","molde_golden_rule_sem_rows"
"local","cebraspe-cespe-enfermagem-verificacao-de-sinais-vitais-1779344245160-2","Verificação de Sinais Vitais","verificacao-de-sinais-vitais-lote-02","molde_golden_rule_sem_rows"
"local","cebraspe-cespe-enfermagem-verificacao-de-sinais-vitais-1779344245160-4","Verificação de Sinais Vitais","verificacao-de-sinais-vitais-lote-02","molde_golden_rule_sem_rows"
"local","cebraspe-cespe-enfermagem-verificacao-de-sinais-vitais-1779344245160-5","Verificação de Sinais Vitais","verificacao-de-sinais-vitais-lote-02","molde_golden_rule_sem_rows"
"local","cebraspe-cespe-enfermagem-verificacao-de-sinais-vitais-1779344245160-6","Verificação de Sinais Vitais","verificacao-de-sinais-vitais-lote-02","molde_golden_rule_sem_rows"
"local","cebraspe-cespe-enfermagem-verificacao-de-sinais-vitais-1779344245160-7","Verificação de Sinais Vitais","verificacao-de-sinais-vitais-lote-02","molde_golden_rule_sem_rows"
"local","cebraspe-cespe-geral-verificacao-de-sinais-vitais-1779344245160-3","Verificação de Sinais Vitais","verificacao-de-sinais-vitais-lote-02","molde_golden_rule_sem_rows"
"local","cev-urca-enfermagem-verificacao-de-sinais-vitais-1778969752567-6","Verificação de Sinais Vitais","verificacao-de-sinais-vitais-lote-02","stub_markers;molde_golden_rule_sem_rows"
"local","cogeps-unioeste-enfermagem-verificacao-de-sinais-vitais-1779344122526-4","Verificação de Sinais Vitais","verificacao-de-sinais-vitais-lote-02","stub_markers;molde_golden_rule_sem_rows"
"local","cogeps-unioeste-enfermagem-verificacao-de-sinais-vitais-1779344127707-7","Verificação de Sinais Vitais","verificacao-de-sinais-vitais-lote-02","stub_markers;molde_golden_rule_sem_rows"
"local","cogeps-unioeste-enfermagem-verificacao-de-sinais-vitais-1779344137078-4","Verificação de Sinais Vitais","verificacao-de-sinais-vitais-lote-02","stub_markers;molde_golden_rule_sem_rows"
"local","cogeps-unioeste-enfermagem-verificacao-de-sinais-vitais-1779344152370-2","Verificação de Sinais Vitais","verificacao-de-sinais-vitais-lote-02","stub_markers;molde_golden_rule_sem_rows"
"local","cogeps-unioeste-enfermagem-verificacao-de-sinais-vitais-1779344152370-6","Verificação de Sinais Vitais","verificacao-de-sinais-vitais-lote-02","stub_markers;molde_golden_rule_sem_rows"
"local","cogeps-unioeste-enfermagem-verificacao-de-sinais-vitais-1779344205200-7","Verificação de Sinais Vitais","verificacao-de-sinais-vitais-lote-02","stub_markers;molde_golden_rule_sem_rows"
"local","cogeps-unioeste-enfermagem-verificacao-de-sinais-vitais-1779344205200-8","Verificação de Sinais Vitais","verificacao-de-sinais-vitais-lote-03","stub_markers;molde_golden_rule_sem_rows"
"local","com-exam-pref-bauru-enfermagem-verificacao-de-sinais-vitais-1779344089179-1","Verificação de Sinais Vitais","verificacao-de-sinais-vitais-lote-03","stub_markers;molde_golden_rule_sem_rows"
"local","copese-ufpi-enfermagem-verificacao-de-sinais-vitais-1779344117207-6","Verificação de Sinais Vitais","verificacao-de-sinais-vitais-lote-03","stub_markers;molde_golden_rule_sem_rows"
"local","coseac-uff-enfermagem-verificacao-de-sinais-vitais-1779344105099-8","Verificação de Sinais Vitais","verificacao-de-sinais-vitais-lote-03","stub_markers;molde_golden_rule_sem_rows"
"local","coseac-uff-enfermagem-verificacao-de-sinais-vitais-1779344253939-5","Verificação de Sinais Vitais","verificacao-de-sinais-vitais-lote-03","stub_markers;molde_golden_rule_sem_rows"
"local","coseac-uff-enfermagem-verificacao-de-sinais-vitais-1779344253939-6","Verificação de Sinais Vitais","verificacao-de-sinais-vitais-lote-03","stub_markers;molde_golden_rule_sem_rows"
"local","coseac-uff-enfermagem-verificacao-de-sinais-vitais-1779344253939-7","Verificação de Sinais Vitais","verificacao-de-sinais-vitais-lote-03","stub_markers;molde_golden_rule_sem_rows"
"local","coseac-uff-enfermagem-verificacao-de-sinais-vitais-1779344253939-8","Verificação de Sinais Vitais","verificacao-de-sinais-vitais-lote-03","stub_markers;molde_golden_rule_sem_rows"
"local","coseac-uff-enfermagem-verificacao-de-sinais-vitais-1779344262940-0","Verificação de Sinais Vitais","verificacao-de-sinais-vitais-lote-03","stub_markers;molde_golden_rule_sem_rows"
"local","coseac-uff-geral-verificacao-de-sinais-vitais-1779344253939-4","Verificação de Sinais Vitais","verificacao-de-sinais-vitais-lote-03","stub_markers;molde_golden_rule_sem_rows"
"local","cotec-fadenor-enfermagem-verificacao-de-sinais-vitais-1779343956155-0","Verificação de Sinais Vitais","verificacao-de-sinais-vitais-lote-03","stub_markers;molde_golden_rule_sem_rows"
"local","cotec-fadenor-enfermagem-verificacao-de-sinais-vitais-1779344189558-2","Verificação de Sinais Vitais","verificacao-de-sinais-vitais-lote-03","stub_markers;molde_golden_rule_sem_rows"
"local","cpcon-uepb-enfermagem-verificacao-de-sinais-vitais-1778969745165-6","Verificação de Sinais Vitais","verificacao-de-sinais-vitais-lote-03","stub_markers;molde_golden_rule_sem_rows"
"local","cpcon-uepb-enfermagem-verificacao-de-sinais-vitais-1778969768866-1","Verificação de Sinais Vitais","verificacao-de-sinais-vitais-lote-03","stub_markers;molde_golden_rule_sem_rows"
"local","cpcon-uepb-enfermagem-verificacao-de-sinais-vitais-1779343801786-5","Verificação de Sinais Vitais","verificacao-de-sinais-vitais-lote-03","stub_markers;molde_golden_rule_sem_rows"
"local","cpcon-uepb-enfermagem-verificacao-de-sinais-vitais-1779343897104-1","Verificação de Sinais Vitais","verificacao-de-sinais-vitais-lote-03","stub_markers;molde_golden_rule_sem_rows"
"local","cpcon-uepb-enfermagem-verificacao-de-sinais-vitais-1779343945057-1","Verificação de Sinais Vitais","verificacao-de-sinais-vitais-lote-03","stub_markers;molde_golden_rule_sem_rows"
"local","cpcon-uepb-enfermagem-verificacao-de-sinais-vitais-1779344111854-5","Verificação de Sinais Vitais","verificacao-de-sinais-vitais-lote-03","stub_markers;molde_golden_rule_sem_rows"
"local","cpcon-uepb-enfermagem-verificacao-de-sinais-vitais-1779344182672-6","Verificação de Sinais Vitais","verificacao-de-sinais-vitais-lote-03","stub_markers;molde_golden_rule_sem_rows"
"local","cpcon-uepb-enfermagem-verificacao-de-sinais-vitais-1779344182672-7","Verificação de Sinais Vitais","verificacao-de-sinais-vitais-lote-03","stub_markers;molde_golden_rule_sem_rows"
"local","cpcon-uepb-enfermagem-verificacao-de-sinais-vitais-1779344182672-8","Verificação de Sinais Vitais","verificacao-de-sinais-vitais-lote-03","stub_markers;molde_golden_rule_sem_rows"
"local","decorp-enfermagem-verificacao-de-sinais-vitais-1779343811344-4","Verificação de Sinais Vitais","verificacao-de-sinais-vitais-lote-03","stub_markers;molde_golden_rule_sem_rows"
"local","educa-pb-enfermagem-verificacao-de-sinais-vitais-1779343811344-6","Verificação de Sinais Vitais","verificacao-de-sinais-vitais-lote-03","stub_markers;molde_golden_rule_sem_rows"
"local","educa-pb-enfermagem-verificacao-de-sinais-vitais-1779343883917-4","Verificação de Sinais Vitais","verificacao-de-sinais-vitais-lote-03","stub_markers;molde_golden_rule_sem_rows"
"local","epl-concursos-enfermagem-verificacao-de-sinais-vitais-1779344182672-0","Verificação de Sinais Vitais","verificacao-de-sinais-vitais-lote-03","stub_markers;molde_golden_rule_sem_rows"
"local","epl-concursos-enfermagem-verificacao-de-sinais-vitais-1779344182672-1","Verificação de Sinais Vitais","verificacao-de-sinais-vitais-lote-03","molde_golden_rule_sem_rows"
"local","facape-enfermagem-verificacao-de-sinais-vitais-1778969752567-1","Verificação de Sinais Vitais","verificacao-de-sinais-vitais-lote-03","stub_markers;molde_golden_rule_sem_rows"
"local","facape-enfermagem-verificacao-de-sinais-vitais-1778969752567-2","Verificação de Sinais Vitais","verificacao-de-sinais-vitais-lote-03","stub_markers;molde_golden_rule_sem_rows"
"local","facet-enfermagem-verificacao-de-sinais-vitais-1779343845367-0","Verificação de Sinais Vitais","verificacao-de-sinais-vitais-lote-03","stub_markers;molde_golden_rule_sem_rows"
"local","fafipa-enfermagem-verificacao-de-sinais-vitais-1779343822075-2","Verificação de Sinais Vitais","verificacao-de-sinais-vitais-lote-03","stub_markers;molde_golden_rule_sem_rows"
"local","fau-unicentro-enfermagem-verificacao-de-sinais-vitais-1778969760552-3","Verificação de Sinais Vitais","verificacao-de-sinais-vitais-lote-03","stub_markers;molde_golden_rule_sem_rows"
"local","fau-unicentro-enfermagem-verificacao-de-sinais-vitais-1779343956155-4","Verificação de Sinais Vitais","verificacao-de-sinais-vitais-lote-03","stub_markers;molde_golden_rule_sem_rows"
"local","fau-unicentro-enfermagem-verificacao-de-sinais-vitais-1779344111854-0","Verificação de Sinais Vitais","verificacao-de-sinais-vitais-lote-03","stub_markers;molde_golden_rule_sem_rows"
"local","fau-unicentro-enfermagem-verificacao-de-sinais-vitais-1779344117207-8","Verificação de Sinais Vitais","verificacao-de-sinais-vitais-lote-03","stub_markers;molde_golden_rule_sem_rows"
"local","fau-unicentro-enfermagem-verificacao-de-sinais-vitais-1779344182672-5","Verificação de Sinais Vitais","verificacao-de-sinais-vitais-lote-03","stub_markers;molde_golden_rule_sem_rows"
"local","fauel-enfermagem-verificacao-de-sinais-vitais-1779343822075-5","Verificação de Sinais Vitais","verificacao-de-sinais-vitais-lote-03","stub_markers;molde_golden_rule_sem_rows"
"local","fauel-enfermagem-verificacao-de-sinais-vitais-1779343945057-0","Verificação de Sinais Vitais","verificacao-de-sinais-vitais-lote-03","stub_markers;molde_golden_rule_sem_rows"
"local","faurgs-enfermagem-verificacao-de-sinais-vitais-1779344189558-0","Verificação de Sinais Vitais","verificacao-de-sinais-vitais-lote-03","stub_markers;molde_golden_rule_sem_rows"
"local","fenix-instituto-enfermagem-verificacao-de-sinais-vitais-1778969768866-6","Verificação de Sinais Vitais","verificacao-de-sinais-vitais-lote-03","stub_markers;molde_golden_rule_sem_rows"
"local","fenix-instituto-enfermagem-verificacao-de-sinais-vitais-1779343967847-5","Verificação de Sinais Vitais","verificacao-de-sinais-vitais-lote-03","stub_markers;molde_golden_rule_sem_rows"
"local","fenix-instituto-enfermagem-verificacao-de-sinais-vitais-1780000237780-9","Verificação de Sinais Vitais","verificacao-de-sinais-vitais-lote-03","stub_markers"
"local","fenix-instituto-enfermagem-verificacao-de-sinais-vitais-1780000468214-0","Verificação de Sinais Vitais","verificacao-de-sinais-vitais-lote-03","stub_markers"
"local","fepese-enfermagem-verificacao-de-sinais-vitais-1779343856589-3","Verificação de Sinais Vitais","verificacao-de-sinais-vitais-lote-03","stub_markers;molde_golden_rule_sem_rows"
"local","fepese-enfermagem-verificacao-de-sinais-vitais-1779343856589-6","Verificação de Sinais Vitais","verificacao-de-sinais-vitais-lote-03","stub_markers;molde_golden_rule_sem_rows"
"local","fepese-enfermagem-verificacao-de-sinais-vitais-1779343883917-6","Verificação de Sinais Vitais","verificacao-de-sinais-vitais-lote-03","stub_markers;molde_golden_rule_sem_rows"
"local","fepese-enfermagem-verificacao-de-sinais-vitais-1779343919045-4","Verificação de Sinais Vitais","verificacao-de-sinais-vitais-lote-03","stub_markers;molde_golden_rule_sem_rows"
"local","fepese-enfermagem-verificacao-de-sinais-vitais-1779343919045-5","Verificação de Sinais Vitais","verificacao-de-sinais-vitais-lote-03","stub_markers;molde_golden_rule_sem_rows"
"local","fepese-enfermagem-verificacao-de-sinais-vitais-1779343919045-6","Verificação de Sinais Vitais","verificacao-de-sinais-vitais-lote-03","stub_markers;molde_golden_rule_sem_rows"
"local","fepese-enfermagem-verificacao-de-sinais-vitais-1779344127707-3","Verificação de Sinais Vitais","verificacao-de-sinais-vitais-lote-03","stub_markers;molde_golden_rule_sem_rows"
"local","fepese-enfermagem-verificacao-de-sinais-vitais-1779344127707-4","Verificação de Sinais Vitais","verificacao-de-sinais-vitais-lote-03","stub_markers;molde_golden_rule_sem_rows"
"local","fepese-enfermagem-verificacao-de-sinais-vitais-1779344127707-5","Verificação de Sinais Vitais","verificacao-de-sinais-vitais-lote-04","stub_markers;molde_golden_rule_sem_rows"
"local","fepese-enfermagem-verificacao-de-sinais-vitais-1779344152370-3","Verificação de Sinais Vitais","verificacao-de-sinais-vitais-lote-04","stub_markers;molde_golden_rule_sem_rows"
"local","fepese-enfermagem-verificacao-de-sinais-vitais-1779344152370-4","Verificação de Sinais Vitais","verificacao-de-sinais-vitais-lote-04","stub_markers;molde_golden_rule_sem_rows"
"local","fepese-enfermagem-verificacao-de-sinais-vitais-1779344152370-5","Verificação de Sinais Vitais","verificacao-de-sinais-vitais-lote-04","stub_markers;molde_golden_rule_sem_rows"
"local","fepese-enfermagem-verificacao-de-sinais-vitais-1779344196733-7","Verificação de Sinais Vitais","verificacao-de-sinais-vitais-lote-04","stub_markers;molde_golden_rule_sem_rows"
"local","fepese-enfermagem-verificacao-de-sinais-vitais-1779344237445-2","Verificação de Sinais Vitais","verificacao-de-sinais-vitais-lote-04","stub_markers;molde_golden_rule_sem_rows"
"local","fepese-enfermagem-verificacao-de-sinais-vitais-1779344237445-6","Verificação de Sinais Vitais","verificacao-de-sinais-vitais-lote-04","stub_markers;molde_golden_rule_sem_rows"
"local","fepese-enfermagem-verificacao-de-sinais-vitais-1779344237445-7","Verificação de Sinais Vitais","verificacao-de-sinais-vitais-lote-04","stub_markers;molde_golden_rule_sem_rows"
"local","fepese-enfermagem-verificacao-de-sinais-vitais-1779344245160-8","Verificação de Sinais Vitais","verificacao-de-sinais-vitais-lote-04","stub_markers;molde_golden_rule_sem_rows"
"local","fgv-enfermagem-verificacao-de-sinais-vitais-1778969737311-0","Verificação de Sinais Vitais","verificacao-de-sinais-vitais-lote-04","stub_markers;molde_golden_rule_sem_rows"
"local","fgv-enfermagem-verificacao-de-sinais-vitais-1778969737311-1","Verificação de Sinais Vitais","verificacao-de-sinais-vitais-lote-04","stub_markers;molde_golden_rule_sem_rows"
"local","fgv-enfermagem-verificacao-de-sinais-vitais-1778969760552-4","Verificação de Sinais Vitais","verificacao-de-sinais-vitais-lote-04","stub_markers;molde_golden_rule_sem_rows"
"local","fgv-enfermagem-verificacao-de-sinais-vitais-1778969760552-5","Verificação de Sinais Vitais","verificacao-de-sinais-vitais-lote-04","stub_markers;molde_golden_rule_sem_rows"
"local","fgv-enfermagem-verificacao-de-sinais-vitais-1778969760552-6","Verificação de Sinais Vitais","verificacao-de-sinais-vitais-lote-04","stub_markers;molde_golden_rule_sem_rows"
"local","fgv-enfermagem-verificacao-de-sinais-vitais-1779343919045-8","Verificação de Sinais Vitais","verificacao-de-sinais-vitais-lote-04","stub_markers;molde_golden_rule_sem_rows"
"local","fgv-enfermagem-verificacao-de-sinais-vitais-1779344089179-5","Verificação de Sinais Vitais","verificacao-de-sinais-vitais-lote-04","stub_markers;molde_golden_rule_sem_rows"
"local","fgv-enfermagem-verificacao-de-sinais-vitais-1779344117207-0","Verificação de Sinais Vitais","verificacao-de-sinais-vitais-lote-04","stub_markers;molde_golden_rule_sem_rows"
"local","fgv-enfermagem-verificacao-de-sinais-vitais-1779344117207-7","Verificação de Sinais Vitais","verificacao-de-sinais-vitais-lote-04","stub_markers;molde_golden_rule_sem_rows"
"local","fgv-enfermagem-verificacao-de-sinais-vitais-1779344205200-0","Verificação de Sinais Vitais","verificacao-de-sinais-vitais-lote-04","stub_markers;molde_golden_rule_sem_rows"
"local","funatec-enfermagem-verificacao-de-sinais-vitais-1779343822075-7","Verificação de Sinais Vitais","verificacao-de-sinais-vitais-lote-04","stub_markers;molde_golden_rule_sem_rows"
"local","funatec-enfermagem-verificacao-de-sinais-vitais-1779343856589-0","Verificação de Sinais Vitais","verificacao-de-sinais-vitais-lote-04","stub_markers;molde_golden_rule_sem_rows"
"local","funatec-enfermagem-verificacao-de-sinais-vitais-1779344097180-3","Verificação de Sinais Vitais","verificacao-de-sinais-vitais-lote-04","stub_markers;molde_golden_rule_sem_rows"
"local","fundatec-enfermagem-verificacao-de-sinais-vitais-1778969729218-9","Verificação de Sinais Vitais","verificacao-de-sinais-vitais-lote-04","stub_markers;molde_golden_rule_sem_rows"
"local","fundatec-enfermagem-verificacao-de-sinais-vitais-1778969745165-4","Verificação de Sinais Vitais","verificacao-de-sinais-vitais-lote-04","stub_markers;molde_golden_rule_sem_rows"
"local","fundatec-enfermagem-verificacao-de-sinais-vitais-1778969768866-5","Verificação de Sinais Vitais","verificacao-de-sinais-vitais-lote-04","stub_markers;molde_golden_rule_sem_rows"
"local","fundatec-enfermagem-verificacao-de-sinais-vitais-1779343811344-2","Verificação de Sinais Vitais","verificacao-de-sinais-vitais-lote-04","stub_markers;molde_golden_rule_sem_rows"
"local","fundatec-enfermagem-verificacao-de-sinais-vitais-1779343811344-3","Verificação de Sinais Vitais","verificacao-de-sinais-vitais-lote-04","stub_markers;molde_golden_rule_sem_rows"
"local","fundatec-enfermagem-verificacao-de-sinais-vitais-1779343845367-4","Verificação de Sinais Vitais","verificacao-de-sinais-vitais-lote-04","stub_markers;molde_golden_rule_sem_rows"
"local","fundatec-enfermagem-verificacao-de-sinais-vitais-1779343845367-5","Verificação de Sinais Vitais","verificacao-de-sinais-vitais-lote-04","stub_markers;molde_golden_rule_sem_rows"
"local","fundatec-enfermagem-verificacao-de-sinais-vitais-1779343919045-2","Verificação de Sinais Vitais","verificacao-de-sinais-vitais-lote-04","stub_markers;molde_golden_rule_sem_rows"
"local","fundatec-enfermagem-verificacao-de-sinais-vitais-1779343919045-3","Verificação de Sinais Vitais","verificacao-de-sinais-vitais-lote-04","stub_markers;molde_golden_rule_sem_rows"
"local","fundatec-enfermagem-verificacao-de-sinais-vitais-1779344111854-2","Verificação de Sinais Vitais","verificacao-de-sinais-vitais-lote-04","stub_markers;molde_golden_rule_sem_rows"
"local","fundatec-enfermagem-verificacao-de-sinais-vitais-1779344111854-3","Verificação de Sinais Vitais","verificacao-de-sinais-vitais-lote-04","stub_markers;molde_golden_rule_sem_rows"
"local","fundatec-enfermagem-verificacao-de-sinais-vitais-1779344111854-8","Verificação de Sinais Vitais","verificacao-de-sinais-vitais-lote-04","stub_markers;molde_golden_rule_sem_rows"
"local","fundatec-enfermagem-verificacao-de-sinais-vitais-1779344158323-2","Verificação de Sinais Vitais","verificacao-de-sinais-vitais-lote-04","stub_markers;molde_golden_rule_sem_rows"
"local","fundatec-enfermagem-verificacao-de-sinais-vitais-1779344178184-7","Verificação de Sinais Vitais","verificacao-de-sinais-vitais-lote-04","stub_markers;molde_golden_rule_sem_rows"
"local","fundatec-enfermagem-verificacao-de-sinais-vitais-1779344205200-5","Verificação de Sinais Vitais","verificacao-de-sinais-vitais-lote-04","stub_markers;molde_golden_rule_sem_rows"
"local","fundep-enfermagem-verificacao-de-sinais-vitais-1779343897104-8","Verificação de Sinais Vitais","verificacao-de-sinais-vitais-lote-04","stub_markers;molde_golden_rule_sem_rows"
"local","fundep-enfermagem-verificacao-de-sinais-vitais-1779344253939-0","Verificação de Sinais Vitais","verificacao-de-sinais-vitais-lote-04","stub_markers;molde_golden_rule_sem_rows"
"local","furb-enfermagem-verificacao-de-sinais-vitais-1778969745165-7","Verificação de Sinais Vitais","verificacao-de-sinais-vitais-lote-04","stub_markers;molde_golden_rule_sem_rows"
"local","furb-enfermagem-verificacao-de-sinais-vitais-1778969768866-3","Verificação de Sinais Vitais","verificacao-de-sinais-vitais-lote-04","stub_markers;molde_golden_rule_sem_rows"
"local","furb-enfermagem-verificacao-de-sinais-vitais-1779343811344-1","Verificação de Sinais Vitais","verificacao-de-sinais-vitais-lote-04","stub_markers;molde_golden_rule_sem_rows"
"local","furb-enfermagem-verificacao-de-sinais-vitais-1779343956155-7","Verificação de Sinais Vitais","verificacao-de-sinais-vitais-lote-04","stub_markers;molde_golden_rule_sem_rows"
"local","fuvest-enfermagem-verificacao-de-sinais-vitais-1779344137078-1","Verificação de Sinais Vitais","verificacao-de-sinais-vitais-lote-04","molde_golden_rule_sem_rows"
"local","fuvest-enfermagem-verificacao-de-sinais-vitais-1779344137078-2","Verificação de Sinais Vitais","verificacao-de-sinais-vitais-lote-04","stub_markers;molde_golden_rule_sem_rows"
"local","gama-enfermagem-verificacao-de-sinais-vitais-1778969729218-4","Verificação de Sinais Vitais","verificacao-de-sinais-vitais-lote-04","stub_markers;molde_golden_rule_sem_rows"
"local","gama-enfermagem-verificacao-de-sinais-vitais-1778969729218-5","Verificação de Sinais Vitais","verificacao-de-sinais-vitais-lote-04","stub_markers;molde_golden_rule_sem_rows"
"local","gama-enfermagem-verificacao-de-sinais-vitais-1779343811344-7","Verificação de Sinais Vitais","verificacao-de-sinais-vitais-lote-04","stub_markers;molde_golden_rule_sem_rows"
"local","gualimp-enfermagem-verificacao-de-sinais-vitais-1779344224014-1","Verificação de Sinais Vitais","verificacao-de-sinais-vitais-lote-04","stub_markers;molde_golden_rule_sem_rows"
"local","gualimp-enfermagem-verificacao-de-sinais-vitais-1779344224014-2","Verificação de Sinais Vitais","verificacao-de-sinais-vitais-lote-04","stub_markers;molde_golden_rule_sem_rows"
"local","iaupe-enfermagem-verificacao-de-sinais-vitais-1779343956155-3","Verificação de Sinais Vitais","verificacao-de-sinais-vitais-lote-05","stub_markers;molde_golden_rule_sem_rows"
"local","iaupe-enfermagem-verificacao-de-sinais-vitais-1779344189558-3","Verificação de Sinais Vitais","verificacao-de-sinais-vitais-lote-05","stub_markers;molde_golden_rule_sem_rows"
"local","ibade-enfermagem-verificacao-de-sinais-vitais-1779343856589-1","Verificação de Sinais Vitais","verificacao-de-sinais-vitais-lote-05","stub_markers;molde_golden_rule_sem_rows"
"local","ibade-enfermagem-verificacao-de-sinais-vitais-1779343856589-2","Verificação de Sinais Vitais","verificacao-de-sinais-vitais-lote-05","stub_markers;molde_golden_rule_sem_rows"
"local","ibade-enfermagem-verificacao-de-sinais-vitais-1779343865210-7","Verificação de Sinais Vitais","verificacao-de-sinais-vitais-lote-05","stub_markers;molde_golden_rule_sem_rows"
"local","ibade-enfermagem-verificacao-de-sinais-vitais-1779344178184-4","Verificação de Sinais Vitais","verificacao-de-sinais-vitais-lote-05","stub_markers;molde_golden_rule_sem_rows"
"local","ibade-enfermagem-verificacao-de-sinais-vitais-1779344178184-5","Verificação de Sinais Vitais","verificacao-de-sinais-vitais-lote-05","stub_markers;molde_golden_rule_sem_rows"
"local","ibade-enfermagem-verificacao-de-sinais-vitais-1779344178184-6","Verificação de Sinais Vitais","verificacao-de-sinais-vitais-lote-05","stub_markers;molde_golden_rule_sem_rows"
"local","ibfc-enfermagem-verificacao-de-sinais-vitais-1778969745165-1","Verificação de Sinais Vitais","verificacao-de-sinais-vitais-lote-05","stub_markers;molde_golden_rule_sem_rows"
"local","ibfc-enfermagem-verificacao-de-sinais-vitais-1779343865210-6","Verificação de Sinais Vitais","verificacao-de-sinais-vitais-lote-05","stub_markers;molde_golden_rule_sem_rows"
"local","ibfc-enfermagem-verificacao-de-sinais-vitais-1779343932809-6","Verificação de Sinais Vitais","verificacao-de-sinais-vitais-lote-05","stub_markers;molde_golden_rule_sem_rows"
"local","ibfc-enfermagem-verificacao-de-sinais-vitais-1779343932809-7","Verificação de Sinais Vitais","verificacao-de-sinais-vitais-lote-05","stub_markers;molde_golden_rule_sem_rows"
"local","ibfc-enfermagem-verificacao-de-sinais-vitais-1779344117207-1","Verificação de Sinais Vitais","verificacao-de-sinais-vitais-lote-05","stub_markers;molde_golden_rule_sem_rows"
"local","ibfc-enfermagem-verificacao-de-sinais-vitais-1779344137078-5","Verificação de Sinais Vitais","verificacao-de-sinais-vitais-lote-05","stub_markers;molde_golden_rule_sem_rows"
"local","ibfc-enfermagem-verificacao-de-sinais-vitais-1779344152370-7","Verificação de Sinais Vitais","verificacao-de-sinais-vitais-lote-05","stub_markers;molde_golden_rule_sem_rows"
"local","ibgp-enfermagem-verificacao-de-sinais-vitais-1779344253939-3","Verificação de Sinais Vitais","verificacao-de-sinais-vitais-lote-05","stub_markers;molde_golden_rule_sem_rows"
"local","icece-enfermagem-verificacao-de-sinais-vitais-1778969729218-3","Verificação de Sinais Vitais","verificacao-de-sinais-vitais-lote-05","stub_markers;molde_golden_rule_sem_rows"
"local","icece-enfermagem-verificacao-de-sinais-vitais-1780000468214-6","Verificação de Sinais Vitais","verificacao-de-sinais-vitais-lote-05","stub_markers"
"local","idecan-enfermagem-verificacao-de-sinais-vitais-1778712108887-9","Verificação de Sinais Vitais","verificacao-de-sinais-vitais-lote-05","stub_markers;molde_golden_rule_sem_rows"
"local","idecan-enfermagem-verificacao-de-sinais-vitais-1778712135178-0","Verificação de Sinais Vitais","verificacao-de-sinais-vitais-lote-05","stub_markers;molde_golden_rule_sem_rows"
"local","idecan-enfermagem-verificacao-de-sinais-vitais-1778712135178-1","Verificação de Sinais Vitais","verificacao-de-sinais-vitais-lote-05","stub_markers;molde_golden_rule_sem_rows"
"local","idecan-enfermagem-verificacao-de-sinais-vitais-1778712135178-2","Verificação de Sinais Vitais","verificacao-de-sinais-vitais-lote-05","stub_markers;molde_golden_rule_sem_rows"
"local","idecan-enfermagem-verificacao-de-sinais-vitais-1778712135178-4","Verificação de Sinais Vitais","verificacao-de-sinais-vitais-lote-05","stub_markers;molde_golden_rule_sem_rows"
"local","idecan-enfermagem-verificacao-de-sinais-vitais-1778712135178-5","Verificação de Sinais Vitais","verificacao-de-sinais-vitais-lote-05","stub_markers;molde_golden_rule_sem_rows"
"local","idecan-enfermagem-verificacao-de-sinais-vitais-1778969752567-4","Verificação de Sinais Vitais","verificacao-de-sinais-vitais-lote-05","stub_markers;molde_golden_rule_sem_rows"
"local","idecan-enfermagem-verificacao-de-sinais-vitais-1779343856589-8","Verificação de Sinais Vitais","verificacao-de-sinais-vitais-lote-05","stub_markers;molde_golden_rule_sem_rows"
"local","idecan-enfermagem-verificacao-de-sinais-vitais-1779344237445-3","Verificação de Sinais Vitais","verificacao-de-sinais-vitais-lote-05","stub_markers;molde_golden_rule_sem_rows"
"local","idecan-enfermagem-verificacao-de-sinais-vitais-1779344237445-4","Verificação de Sinais Vitais","verificacao-de-sinais-vitais-lote-05","stub_markers;molde_golden_rule_sem_rows"
"local","idecan-enfermagem-verificacao-de-sinais-vitais-1780066924385-4","Verificação de Sinais Vitais","verificacao-de-sinais-vitais-lote-05","stub_markers"
"local","idecan-enfermagem-verificacao-de-sinais-vitais-1780066924385-5","Verificação de Sinais Vitais","verificacao-de-sinais-vitais-lote-05","stub_markers"
"local","idecan-enfermagem-verificacao-de-sinais-vitais-1780066924385-6","Verificação de Sinais Vitais","verificacao-de-sinais-vitais-lote-05","stub_markers"
"local","idesg-enfermagem-verificacao-de-sinais-vitais-1778969745165-0","Verificação de Sinais Vitais","verificacao-de-sinais-vitais-lote-05","stub_markers;molde_golden_rule_sem_rows"
"local","idesg-enfermagem-verificacao-de-sinais-vitais-1779343801786-1","Verificação de Sinais Vitais","verificacao-de-sinais-vitais-lote-05","stub_markers;molde_golden_rule_sem_rows"
"local","idib-enfermagem-verificacao-de-sinais-vitais-1778934863952-8","Verificação de Sinais Vitais","verificacao-de-sinais-vitais-lote-05","stub_markers;molde_golden_rule_sem_rows"
"local","idib-enfermagem-verificacao-de-sinais-vitais-1778934863952-9","Verificação de Sinais Vitais","verificacao-de-sinais-vitais-lote-05","stub_markers;molde_golden_rule_sem_rows"
"local","idib-enfermagem-verificacao-de-sinais-vitais-1779344105099-3","Verificação de Sinais Vitais","verificacao-de-sinais-vitais-lote-05","stub_markers;molde_golden_rule_sem_rows"
"local","ieses-enfermagem-verificacao-de-sinais-vitais-1779343789998-3","Verificação de Sinais Vitais","verificacao-de-sinais-vitais-lote-05","stub_markers;molde_golden_rule_sem_rows"
"local","ieses-enfermagem-verificacao-de-sinais-vitais-1779344105099-6","Verificação de Sinais Vitais","verificacao-de-sinais-vitais-lote-05","stub_markers;molde_golden_rule_sem_rows"
"local","igeduc-enfermagem-verificacao-de-sinais-vitais-1779344097180-0","Verificação de Sinais Vitais","verificacao-de-sinais-vitais-lote-05","molde_golden_rule_sem_rows"
"local","igeduc-enfermagem-verificacao-de-sinais-vitais-1779344097180-1","Verificação de Sinais Vitais","verificacao-de-sinais-vitais-lote-05","molde_golden_rule_sem_rows"
"local","imparh-enfermagem-verificacao-de-sinais-vitais-1779344122526-5","Verificação de Sinais Vitais","verificacao-de-sinais-vitais-lote-05","stub_markers;molde_golden_rule_sem_rows"
"local","imparh-enfermagem-verificacao-de-sinais-vitais-1779344122526-6","Verificação de Sinais Vitais","verificacao-de-sinais-vitais-lote-05","stub_markers;molde_golden_rule_sem_rows"
"local","imparh-enfermagem-verificacao-de-sinais-vitais-1779344196733-3","Verificação de Sinais Vitais","verificacao-de-sinais-vitais-lote-05","stub_markers;molde_golden_rule_sem_rows"
"local","imparh-enfermagem-verificacao-de-sinais-vitais-1779344196733-4","Verificação de Sinais Vitais","verificacao-de-sinais-vitais-lote-05","stub_markers;molde_golden_rule_sem_rows"
"local","instituto-access-enfermagem-verificacao-de-sinais-vitais-1778969768866-7","Verificação de Sinais Vitais","verificacao-de-sinais-vitais-lote-05","stub_markers;molde_golden_rule_sem_rows"
"local","instituto-access-enfermagem-verificacao-de-sinais-vitais-1779343789998-0","Verificação de Sinais Vitais","verificacao-de-sinais-vitais-lote-05","stub_markers;molde_golden_rule_sem_rows"
"local","instituto-access-enfermagem-verificacao-de-sinais-vitais-1779343789998-1","Verificação de Sinais Vitais","verificacao-de-sinais-vitais-lote-05","stub_markers;molde_golden_rule_sem_rows"
"local","instituto-access-enfermagem-verificacao-de-sinais-vitais-1779343789998-2","Verificação de Sinais Vitais","verificacao-de-sinais-vitais-lote-05","stub_markers;molde_golden_rule_sem_rows"
"local","instituto-access-enfermagem-verificacao-de-sinais-vitais-1779343833455-4","Verificação de Sinais Vitais","verificacao-de-sinais-vitais-lote-05","stub_markers;molde_golden_rule_sem_rows"
"local","instituto-access-enfermagem-verificacao-de-sinais-vitais-1779343833455-5","Verificação de Sinais Vitais","verificacao-de-sinais-vitais-lote-05","stub_markers;molde_golden_rule_sem_rows"
"local","instituto-access-enfermagem-verificacao-de-sinais-vitais-1779344127707-1","Verificação de Sinais Vitais","verificacao-de-sinais-vitais-lote-06","stub_markers;molde_golden_rule_sem_rows"
"local","instituto-aocp-enfermagem-verificacao-de-sinais-vitais-1779343789998-4","Verificação de Sinais Vitais","verificacao-de-sinais-vitais-lote-06","stub_markers;molde_golden_rule_sem_rows"
"local","instituto-aocp-enfermagem-verificacao-de-sinais-vitais-1779344189558-6","Verificação de Sinais Vitais","verificacao-de-sinais-vitais-lote-06","stub_markers;molde_golden_rule_sem_rows"
"local","instituto-consulpam-enfermagem-verificacao-de-sinais-vitais-1779343865210-1","Verificação de Sinais Vitais","verificacao-de-sinais-vitais-lote-06","stub_markers;molde_golden_rule_sem_rows"
"local","instituto-consulpam-enfermagem-verificacao-de-sinais-vitais-1779344127707-6","Verificação de Sinais Vitais","verificacao-de-sinais-vitais-lote-06","stub_markers;molde_golden_rule_sem_rows"
"local","instituto-consulplan-enfermagem-verificacao-de-sinais-vitais-1779343856589-5","Verificação de Sinais Vitais","verificacao-de-sinais-vitais-lote-06","stub_markers;molde_golden_rule_sem_rows"
"local","instituto-consulplan-enfermagem-verificacao-de-sinais-vitais-1779343897104-7","Verificação de Sinais Vitais","verificacao-de-sinais-vitais-lote-06","stub_markers;molde_golden_rule_sem_rows"
"local","instituto-consulplan-enfermagem-verificacao-de-sinais-vitais-1779343956155-1","Verificação de Sinais Vitais","verificacao-de-sinais-vitais-lote-06","stub_markers;molde_golden_rule_sem_rows"
"local","instituto-consulplan-enfermagem-verificacao-de-sinais-vitais-1779343956155-2","Verificação de Sinais Vitais","verificacao-de-sinais-vitais-lote-06","stub_markers;molde_golden_rule_sem_rows"
"local","instituto-consulplan-enfermagem-verificacao-de-sinais-vitais-1779344089179-2","Verificação de Sinais Vitais","verificacao-de-sinais-vitais-lote-06","stub_markers;molde_golden_rule_sem_rows"
"local","instituto-consulplan-enfermagem-verificacao-de-sinais-vitais-1779344089179-3","Verificação de Sinais Vitais","verificacao-de-sinais-vitais-lote-06","stub_markers;molde_golden_rule_sem_rows"
"local","instituto-consulplan-enfermagem-verificacao-de-sinais-vitais-1779344089179-4","Verificação de Sinais Vitais","verificacao-de-sinais-vitais-lote-06","stub_markers;molde_golden_rule_sem_rows"
"local","instituto-consulplan-enfermagem-verificacao-de-sinais-vitais-1779344089179-8","Verificação de Sinais Vitais","verificacao-de-sinais-vitais-lote-06","stub_markers;molde_golden_rule_sem_rows"
"local","instituto-consulplan-enfermagem-verificacao-de-sinais-vitais-1779344105099-1","Verificação de Sinais Vitais","verificacao-de-sinais-vitais-lote-06","stub_markers;molde_golden_rule_sem_rows"
"local","instituto-consulplan-enfermagem-verificacao-de-sinais-vitais-1779344105099-2","Verificação de Sinais Vitais","verificacao-de-sinais-vitais-lote-06","stub_markers;molde_golden_rule_sem_rows"
"local","instituto-consulplan-enfermagem-verificacao-de-sinais-vitais-1779344122526-0","Verificação de Sinais Vitais","verificacao-de-sinais-vitais-lote-06","stub_markers;molde_golden_rule_sem_rows"
"local","instituto-consulplan-enfermagem-verificacao-de-sinais-vitais-1779344122526-2","Verificação de Sinais Vitais","verificacao-de-sinais-vitais-lote-06","stub_markers;molde_golden_rule_sem_rows"
"local","instituto-consulplan-enfermagem-verificacao-de-sinais-vitais-1779344122526-3","Verificação de Sinais Vitais","verificacao-de-sinais-vitais-lote-06","stub_markers;molde_golden_rule_sem_rows"
"local","instituto-consulplan-enfermagem-verificacao-de-sinais-vitais-1779344137078-6","Verificação de Sinais Vitais","verificacao-de-sinais-vitais-lote-06","stub_markers;molde_golden_rule_sem_rows"
"local","instituto-consulplan-enfermagem-verificacao-de-sinais-vitais-1779344137078-7","Verificação de Sinais Vitais","verificacao-de-sinais-vitais-lote-06","stub_markers;molde_golden_rule_sem_rows"
"local","instituto-consulplan-enfermagem-verificacao-de-sinais-vitais-1779344137078-8","Verificação de Sinais Vitais","verificacao-de-sinais-vitais-lote-06","stub_markers;molde_golden_rule_sem_rows"
"local","instituto-consulplan-enfermagem-verificacao-de-sinais-vitais-1779344152370-0","Verificação de Sinais Vitais","verificacao-de-sinais-vitais-lote-06","stub_markers;molde_golden_rule_sem_rows"
"local","instituto-consulplan-enfermagem-verificacao-de-sinais-vitais-1779344152370-1","Verificação de Sinais Vitais","verificacao-de-sinais-vitais-lote-06","stub_markers;molde_golden_rule_sem_rows"
"local","instituto-consulplan-enfermagem-verificacao-de-sinais-vitais-1779344224014-7","Verificação de Sinais Vitais","verificacao-de-sinais-vitais-lote-06","stub_markers;molde_golden_rule_sem_rows"
"local","instituto-evo-enfermagem-verificacao-de-sinais-vitais-1778969737311-4","Verificação de Sinais Vitais","verificacao-de-sinais-vitais-lote-06","stub_markers;molde_golden_rule_sem_rows"
"local","instituto-evo-enfermagem-verificacao-de-sinais-vitais-1778969737311-5","Verificação de Sinais Vitais","verificacao-de-sinais-vitais-lote-06","stub_markers;molde_golden_rule_sem_rows"
"local","instituto-evo-enfermagem-verificacao-de-sinais-vitais-1778969737311-6","Verificação de Sinais Vitais","verificacao-de-sinais-vitais-lote-06","stub_markers;molde_golden_rule_sem_rows"
"local","instituto-jk-enfermagem-verificacao-de-sinais-vitais-1779343822075-8","Verificação de Sinais Vitais","verificacao-de-sinais-vitais-lote-06","stub_markers;molde_golden_rule_sem_rows"
"local","instituto-seletiva-enfermagem-verificacao-de-sinais-vitais-1779343865210-0","Verificação de Sinais Vitais","verificacao-de-sinais-vitais-lote-06","stub_markers;molde_golden_rule_sem_rows"
"local","instituto-verbena-enfermagem-verificacao-de-sinais-vitais-1779344178184-3","Verificação de Sinais Vitais","verificacao-de-sinais-vitais-lote-06","stub_markers;molde_golden_rule_sem_rows"
"local","intec-enfermagem-verificacao-de-sinais-vitais-1779344105099-5","Verificação de Sinais Vitais","verificacao-de-sinais-vitais-lote-06","stub_markers;molde_golden_rule_sem_rows"
"local","integri-brasil-enfermagem-verificacao-de-sinais-vitais-1779344189558-5","Verificação de Sinais Vitais","verificacao-de-sinais-vitais-lote-06","stub_markers;molde_golden_rule_sem_rows"
"local","isba-enfermagem-verificacao-de-sinais-vitais-1779344253939-2","Verificação de Sinais Vitais","verificacao-de-sinais-vitais-lote-06","stub_markers;molde_golden_rule_sem_rows"
"local","itame-enfermagem-verificacao-de-sinais-vitais-1779343822075-6","Verificação de Sinais Vitais","verificacao-de-sinais-vitais-lote-06","stub_markers;molde_golden_rule_sem_rows"
"local","ivin-enfermagem-verificacao-de-sinais-vitais-1779343822075-3","Verificação de Sinais Vitais","verificacao-de-sinais-vitais-lote-06","stub_markers;molde_golden_rule_sem_rows"
"local","ivin-enfermagem-verificacao-de-sinais-vitais-1779343919045-1","Verificação de Sinais Vitais","verificacao-de-sinais-vitais-lote-06","stub_markers;molde_golden_rule_sem_rows"
"local","ivin-enfermagem-verificacao-de-sinais-vitais-1779343919045-7","Verificação de Sinais Vitais","verificacao-de-sinais-vitais-lote-06","stub_markers;molde_golden_rule_sem_rows"
"local","ivin-enfermagem-verificacao-de-sinais-vitais-1779344105099-7","Verificação de Sinais Vitais","verificacao-de-sinais-vitais-lote-06","stub_markers;molde_golden_rule_sem_rows"
"local","lj-assessoria-enfermagem-verificacao-de-sinais-vitais-1779344189558-4","Verificação de Sinais Vitais","verificacao-de-sinais-vitais-lote-06","stub_markers;molde_golden_rule_sem_rows"
"local","maranatha-assessoria-enfermagem-verificacao-de-sinais-vitais-1778969752567-0","Verificação de Sinais Vitais","verificacao-de-sinais-vitais-lote-06","stub_markers;molde_golden_rule_sem_rows"
"local","metrocapital-enfermagem-verificacao-de-sinais-vitais-1779344122526-7","Verificação de Sinais Vitais","verificacao-de-sinais-vitais-lote-06","stub_markers;molde_golden_rule_sem_rows"
"local","metrocapital-enfermagem-verificacao-de-sinais-vitais-1779344127707-0","Verificação de Sinais Vitais","verificacao-de-sinais-vitais-lote-06","stub_markers;molde_golden_rule_sem_rows"
"local","nao-informado-geral-verificacao-de-sinais-vitais-1779344089179-0","Verificação de Sinais Vitais","verificacao-de-sinais-vitais-lote-06","stub_markers;molde_golden_rule_sem_rows"
"local","objetiva-concursos-enfermagem-verificacao-de-sinais-vitais-1778969737311-3","Verificação de Sinais Vitais","verificacao-de-sinais-vitais-lote-06","stub_markers;molde_golden_rule_sem_rows"
"local","objetiva-concursos-enfermagem-verificacao-de-sinais-vitais-1779343801786-0","Verificação de Sinais Vitais","verificacao-de-sinais-vitais-lote-06","stub_markers;molde_golden_rule_sem_rows"
"local","objetiva-concursos-enfermagem-verificacao-de-sinais-vitais-1779343883917-5","Verificação de Sinais Vitais","verificacao-de-sinais-vitais-lote-06","stub_markers;molde_golden_rule_sem_rows"
"local","objetiva-concursos-enfermagem-verificacao-de-sinais-vitais-1779344105099-4","Verificação de Sinais Vitais","verificacao-de-sinais-vitais-lote-06","stub_markers;molde_golden_rule_sem_rows"
"local","objetiva-concursos-enfermagem-verificacao-de-sinais-vitais-1779344122526-1","Verificação de Sinais Vitais","verificacao-de-sinais-vitais-lote-06","stub_markers;molde_golden_rule_sem_rows"
"local","objetiva-concursos-enfermagem-verificacao-de-sinais-vitais-1779344158323-3","Verificação de Sinais Vitais","verificacao-de-sinais-vitais-lote-06","stub_markers;molde_golden_rule_sem_rows"
"local","omni-enfermagem-verificacao-de-sinais-vitais-1779344237445-5","Verificação de Sinais Vitais","verificacao-de-sinais-vitais-lote-06","stub_markers;molde_golden_rule_sem_rows"
"local","omni-enfermagem-verificacao-de-sinais-vitais-1779344253939-1","Verificação de Sinais Vitais","verificacao-de-sinais-vitais-lote-07","stub_markers;molde_golden_rule_sem_rows"
"local","omni-geral-verificacao-de-sinais-vitais-1779344205200-3","Verificação de Sinais Vitais","verificacao-de-sinais-vitais-lote-07","stub_markers;molde_golden_rule_sem_rows"
"local","quadrix-enfermagem-verificacao-de-sinais-vitais-1779343883917-7","Verificação de Sinais Vitais","verificacao-de-sinais-vitais-lote-07","stub_markers;molde_golden_rule_sem_rows"
"local","quadrix-enfermagem-verificacao-de-sinais-vitais-1779343919045-0","Verificação de Sinais Vitais","verificacao-de-sinais-vitais-lote-07","stub_markers;molde_golden_rule_sem_rows"
"local","quadrix-enfermagem-verificacao-de-sinais-vitais-1779343967847-6","Verificação de Sinais Vitais","verificacao-de-sinais-vitais-lote-07","stub_markers;molde_golden_rule_sem_rows"
"local","quadrix-enfermagem-verificacao-de-sinais-vitais-1779343967847-7","Verificação de Sinais Vitais","verificacao-de-sinais-vitais-lote-07","stub_markers;molde_golden_rule_sem_rows"
"local","quadrix-enfermagem-verificacao-de-sinais-vitais-1779344196733-5","Verificação de Sinais Vitais","verificacao-de-sinais-vitais-lote-07","stub_markers;molde_golden_rule_sem_rows"
"local","quadrix-enfermagem-verificacao-de-sinais-vitais-1780000468214-1","Verificação de Sinais Vitais","verificacao-de-sinais-vitais-lote-07","stub_markers"
"local","quadrix-enfermagem-verificacao-de-sinais-vitais-1780000468214-2","Verificação de Sinais Vitais","verificacao-de-sinais-vitais-lote-07","stub_markers"
"local","reis-e-reis-enfermagem-verificacao-de-sinais-vitais-1779344089179-9","Verificação de Sinais Vitais","verificacao-de-sinais-vitais-lote-07","stub_markers;molde_golden_rule_sem_rows"
"local","selecon-enfermagem-verificacao-de-sinais-vitais-1778969737311-7","Verificação de Sinais Vitais","verificacao-de-sinais-vitais-lote-07","stub_markers;molde_golden_rule_sem_rows"
"local","selecon-enfermagem-verificacao-de-sinais-vitais-1779343811344-0","Verificação de Sinais Vitais","verificacao-de-sinais-vitais-lote-07","stub_markers;molde_golden_rule_sem_rows"
"local","selecon-enfermagem-verificacao-de-sinais-vitais-1779343883917-0","Verificação de Sinais Vitais","verificacao-de-sinais-vitais-lote-07","stub_markers;molde_golden_rule_sem_rows"
"local","selecon-enfermagem-verificacao-de-sinais-vitais-1779344111854-1","Verificação de Sinais Vitais","verificacao-de-sinais-vitais-lote-07","stub_markers;molde_golden_rule_sem_rows"
"local","selecon-enfermagem-verificacao-de-sinais-vitais-1779344182672-2","Verificação de Sinais Vitais","verificacao-de-sinais-vitais-lote-07","stub_markers;molde_golden_rule_sem_rows"
"local","selecon-enfermagem-verificacao-de-sinais-vitais-1779344182672-3","Verificação de Sinais Vitais","verificacao-de-sinais-vitais-lote-07","stub_markers;molde_golden_rule_sem_rows"
"local","ufmt-enfermagem-verificacao-de-sinais-vitais-1779344182672-4","Verificação de Sinais Vitais","verificacao-de-sinais-vitais-lote-07","molde_golden_rule_sem_rows"
"local","unesc-enfermagem-verificacao-de-sinais-vitais-1778969729218-0","Verificação de Sinais Vitais","verificacao-de-sinais-vitais-lote-07","stub_markers;molde_golden_rule_sem_rows"
"local","unesc-enfermagem-verificacao-de-sinais-vitais-1778969729218-1","Verificação de Sinais Vitais","verificacao-de-sinais-vitais-lote-07","stub_markers;molde_golden_rule_sem_rows"
"local","unesc-enfermagem-verificacao-de-sinais-vitais-1778969729218-2","Verificação de Sinais Vitais","verificacao-de-sinais-vitais-lote-07","stub_markers;molde_golden_rule_sem_rows"
"local","unesc-enfermagem-verificacao-de-sinais-vitais-1778969745165-5","Verificação de Sinais Vitais","verificacao-de-sinais-vitais-lote-07","stub_markers;molde_golden_rule_sem_rows"
"local","unesc-enfermagem-verificacao-de-sinais-vitais-1779343801786-2","Verificação de Sinais Vitais","verificacao-de-sinais-vitais-lote-07","stub_markers;molde_golden_rule_sem_rows"
"local","unesc-enfermagem-verificacao-de-sinais-vitais-1779344111854-4","Verificação de Sinais Vitais","verificacao-de-sinais-vitais-lote-07","stub_markers;molde_golden_rule_sem_rows"
"local","unesc-enfermagem-verificacao-de-sinais-vitais-1780000468214-3","Verificação de Sinais Vitais","verificacao-de-sinais-vitais-lote-07","stub_markers"
"local","unesc-enfermagem-verificacao-de-sinais-vitais-1780000468214-4","Verificação de Sinais Vitais","verificacao-de-sinais-vitais-lote-07","stub_markers"
"local","unesc-enfermagem-verificacao-de-sinais-vitais-1780000468214-5","Verificação de Sinais Vitais","verificacao-de-sinais-vitais-lote-07","stub_markers"
"local","unifil-enfermagem-verificacao-de-sinais-vitais-1779343845367-7","Verificação de Sinais Vitais","verificacao-de-sinais-vitais-lote-07","stub_markers;molde_golden_rule_sem_rows"
"local","unifil-enfermagem-verificacao-de-sinais-vitais-1779344196733-0","Verificação de Sinais Vitais","verificacao-de-sinais-vitais-lote-07","stub_markers;molde_golden_rule_sem_rows"
"local","unifil-enfermagem-verificacao-de-sinais-vitais-1779344196733-1","Verificação de Sinais Vitais","verificacao-de-sinais-vitais-lote-07","stub_markers;molde_golden_rule_sem_rows"
"local","unifil-enfermagem-verificacao-de-sinais-vitais-1779344205200-4","Verificação de Sinais Vitais","verificacao-de-sinais-vitais-lote-07","stub_markers;molde_golden_rule_sem_rows"
"local","univali-enfermagem-verificacao-de-sinais-vitais-1779343932809-0","Verificação de Sinais Vitais","verificacao-de-sinais-vitais-lote-07","stub_markers;molde_golden_rule_sem_rows"
"local","univali-enfermagem-verificacao-de-sinais-vitais-1779343932809-1","Verificação de Sinais Vitais","verificacao-de-sinais-vitais-lote-07","stub_markers;molde_golden_rule_sem_rows"
"local","univida-enfermagem-verificacao-de-sinais-vitais-1779344097180-2","Verificação de Sinais Vitais","verificacao-de-sinais-vitais-lote-07","stub_markers;molde_golden_rule_sem_rows"
"local","vunesp-enfermagem-verificacao-de-sinais-vitais-1778969729218-6","Verificação de Sinais Vitais","verificacao-de-sinais-vitais-lote-07","stub_markers;molde_golden_rule_sem_rows"
"local","vunesp-enfermagem-verificacao-de-sinais-vitais-1778969752567-8","Verificação de Sinais Vitais","verificacao-de-sinais-vitais-lote-07","stub_markers;molde_golden_rule_sem_rows"
"local","vunesp-enfermagem-verificacao-de-sinais-vitais-1778969760552-2","Verificação de Sinais Vitais","verificacao-de-sinais-vitais-lote-07","stub_markers;molde_golden_rule_sem_rows"
"local","vunesp-enfermagem-verificacao-de-sinais-vitais-1778969760552-8","Verificação de Sinais Vitais","verificacao-de-sinais-vitais-lote-07","stub_markers;molde_golden_rule_sem_rows"
"local","vunesp-enfermagem-verificacao-de-sinais-vitais-1778969768866-0","Verificação de Sinais Vitais","verificacao-de-sinais-vitais-lote-07","stub_markers;molde_golden_rule_sem_rows"
"local","vunesp-enfermagem-verificacao-de-sinais-vitais-1778969768866-2","Verificação de Sinais Vitais","verificacao-de-sinais-vitais-lote-07","stub_markers;molde_golden_rule_sem_rows"
"local","vunesp-enfermagem-verificacao-de-sinais-vitais-1779343856589-4","Verificação de Sinais Vitais","verificacao-de-sinais-vitais-lote-07","stub_markers;molde_golden_rule_sem_rows"
"local","vunesp-enfermagem-verificacao-de-sinais-vitais-1779343865210-2","Verificação de Sinais Vitais","verificacao-de-sinais-vitais-lote-07","stub_markers;molde_golden_rule_sem_rows"
"local","vunesp-enfermagem-verificacao-de-sinais-vitais-1779343865210-4","Verificação de Sinais Vitais","verificacao-de-sinais-vitais-lote-07","stub_markers;molde_golden_rule_sem_rows"
"local","vunesp-enfermagem-verificacao-de-sinais-vitais-1779343865210-5","Verificação de Sinais Vitais","verificacao-de-sinais-vitais-lote-07","stub_markers;molde_golden_rule_sem_rows"
"local","vunesp-enfermagem-verificacao-de-sinais-vitais-1779343897104-0","Verificação de Sinais Vitais","verificacao-de-sinais-vitais-lote-07","stub_markers;molde_golden_rule_sem_rows"
"local","vunesp-enfermagem-verificacao-de-sinais-vitais-1779343904263-3","Verificação de Sinais Vitais","verificacao-de-sinais-vitais-lote-07","stub_markers;molde_golden_rule_sem_rows"
"local","vunesp-enfermagem-verificacao-de-sinais-vitais-1779343904263-4","Verificação de Sinais Vitais","verificacao-de-sinais-vitais-lote-07","stub_markers;molde_golden_rule_sem_rows"
"local","vunesp-enfermagem-verificacao-de-sinais-vitais-1779343904263-5","Verificação de Sinais Vitais","verificacao-de-sinais-vitais-lote-07","stub_markers;molde_golden_rule_sem_rows"
"local","vunesp-enfermagem-verificacao-de-sinais-vitais-1779344089179-6","Verificação de Sinais Vitais","verificacao-de-sinais-vitais-lote-07","stub_markers;molde_golden_rule_sem_rows"
"local","vunesp-enfermagem-verificacao-de-sinais-vitais-1779344089179-7","Verificação de Sinais Vitais","verificacao-de-sinais-vitais-lote-07","stub_markers;molde_golden_rule_sem_rows"
"local","vunesp-enfermagem-verificacao-de-sinais-vitais-1779344097180-4","Verificação de Sinais Vitais","verificacao-de-sinais-vitais-lote-07","stub_markers;molde_golden_rule_sem_rows"
"local","vunesp-enfermagem-verificacao-de-sinais-vitais-1779344097180-5","Verificação de Sinais Vitais","verificacao-de-sinais-vitais-lote-08","stub_markers;molde_golden_rule_sem_rows"
"local","vunesp-enfermagem-verificacao-de-sinais-vitais-1779344097180-8","Verificação de Sinais Vitais","verificacao-de-sinais-vitais-lote-08","stub_markers;molde_golden_rule_sem_rows"
"local","vunesp-enfermagem-verificacao-de-sinais-vitais-1779344105099-0","Verificação de Sinais Vitais","verificacao-de-sinais-vitais-lote-08","stub_markers;molde_golden_rule_sem_rows"
"local","vunesp-enfermagem-verificacao-de-sinais-vitais-1779344127707-2","Verificação de Sinais Vitais","verificacao-de-sinais-vitais-lote-08","stub_markers;molde_golden_rule_sem_rows"
"local","vunesp-enfermagem-verificacao-de-sinais-vitais-1779344158323-0","Verificação de Sinais Vitais","verificacao-de-sinais-vitais-lote-08","stub_markers;molde_golden_rule_sem_rows"
"local","vunesp-enfermagem-verificacao-de-sinais-vitais-1779344158323-1","Verificação de Sinais Vitais","verificacao-de-sinais-vitais-lote-08","stub_markers;molde_golden_rule_sem_rows"
"local","vunesp-enfermagem-verificacao-de-sinais-vitais-1779344196733-6","Verificação de Sinais Vitais","verificacao-de-sinais-vitais-lote-08","stub_markers;molde_golden_rule_sem_rows"
"local","vunesp-enfermagem-verificacao-de-sinais-vitais-1779344224014-0","Verificação de Sinais Vitais","verificacao-de-sinais-vitais-lote-08","stub_markers;molde_golden_rule_sem_rows"
"local","adm-tec-enfermagem-vias-de-administracao-1776056401060-9","Vias de Administração","visual-preview-10","stub_markers;molde_concept_map_sem_items"
"local","agirh-enfermagem-vias-de-administracao-1778968768987-7","Vias de Administração","visual-preview-10","stub_markers;molde_concept_map_sem_items"
"local","ameosc-enfermagem-vias-de-administracao-1776056348175-6","Vias de Administração","visual-preview-10","molde_golden_rule_sem_rows"
"local","ameosc-enfermagem-vias-de-administracao-1776056357082-5","Vias de Administração","visual-preview-10","molde_golden_rule_sem_rows"
"local","ameosc-enfermagem-vias-de-administracao-1776056366158-2","Vias de Administração","visual-preview-10","molde_golden_rule_sem_rows"
"local","avancasp-enfermagem-vias-de-administracao-1776056338955-1","Vias de Administração","visual-preview-10","molde_golden_rule_sem_rows"
"local","avancasp-enfermagem-vias-de-administracao-1776056338955-6","Vias de Administração","visual-preview-10","molde_golden_rule_sem_rows"
"local","cebraspe-cespe-enfermagem-vias-de-administracao-1776056401060-2","Vias de Administração","visual-preview-10","molde_golden_rule_sem_rows"
"local","cebraspe-cespe-enfermagem-vias-de-administracao-1778968997293-6","Vias de Administração","visual-preview-10","molde_golden_rule_sem_rows"
"local","cebraspe-cespe-enfermagem-vias-de-administracao-1778968997293-7","Vias de Administração","visual-preview-10","molde_golden_rule_sem_rows"